date,close,volume,target
1999-01-22,3.768445709964374e-05,0.2925802307978916,1
1999-01-25,6.114918650587789e-05,0.05328309870531189,0
1999-01-26,4.1949280965916603e-05,0.03512255112702222,0
1999-01-27,4.12393788516044e-05,0.024392976531986795,0
1999-01-28,4.052402487132563e-05,0.02256389412166264,0
1999-01-29,2.9859239272660143e-05,0.024356499105000273,1
1999-02-01,3.4129515004899605e-05,0.014658714587583603,0
1999-02-02,1.706474733105808e-05,0.02653472260219542,1
1999-02-03,2.1329571197330942e-05,0.006018775452776062,1
1999-02-04,3.2704279253092076e-05,0.017613386173491855,1
1999-02-05,3.910424098548467e-05,0.012720199896299886,0
1999-02-08,3.128447502446767e-05,0.014590970794608638,0
1999-02-09,2.2749375425955347e-05,0.007305907519300468,0
1999-02-10,2.0619689425802187e-05,0.013955221352843546,1
1999-02-11,3.839433887117247e-05,0.012219938040484733,1
1999-02-12,5.119428267874113e-05,0.009775950432387786,1
1999-02-16,5.261406656458209e-05,0.02077128913832501,0
1999-02-17,3.9814122757013425e-05,0.005216272059072588,1
1999-02-18,4.336906485175756e-05,0.005539357840953208,1
1999-02-19,5.119428267874113e-05,0.006044830757766434,1
1999-02-22,5.261406656458209e-05,0.020145961818556067,1
1999-02-23,6.398875427755975e-05,0.012855687482249823,1
1999-02-24,8.389856193183321e-05,0.0643878696922087,0
1999-02-25,7.536891419928748e-05,0.014054231511806962,0
1999-02-26,6.327887250603102e-05,0.0166024403398654,1
1999-03-01,6.470410825783852e-05,0.007868702107092514,0
1999-03-02,6.256897039171879e-05,0.003861396199573214,0
1999-03-03,4.5504202717877264e-05,0.004528412007326751,0
1999-03-04,4.052402487132563e-05,0.004090682883488492,1
1999-03-05,5.332396867889429e-05,0.006414816088629725,1
1999-03-08,5.687889043085495e-05,0.006102152428745254,1
1999-03-09,6.470410825783852e-05,0.013408059948045722,0
1999-03-10,6.043383252559906e-05,0.023413297064348786,0
1999-03-11,4.9769026584150155e-05,0.003757174979611724,0
1999-03-12,4.5504202717877264e-05,0.0077175813381483525,1
1999-03-15,5.545910654501402e-05,0.00967694027342437,0
1999-03-16,4.7639340583996995e-05,0.006456504576614321,1
1999-03-17,4.90591448126214e-05,0.0034393002587291784,1
1999-03-18,5.190418479305333e-05,0.0028921388539313547,1
1999-03-19,5.261406656458209e-05,0.00929653282056493,0
1999-03-22,4.5504202717877264e-05,0.0018447155933183777,0
1999-03-23,3.128447502446767e-05,0.015664449360211986,0
1999-03-24,2.9859239272660143e-05,0.004471090336347933,1
1999-03-25,3.2704279253092076e-05,0.0022407562291720403,1
1999-03-26,5.190418479305333e-05,0.007446606166248478,1
1999-03-29,5.9014048639758157e-05,0.00502346280214383,0
1999-03-30,3.839433887117247e-05,0.0054090813160013445,1
1999-03-31,5.403385045042302e-05,0.01453886018462789,0
1999-04-01,4.692398660371822e-05,0.0011672776635686909,0
1999-04-05,3.9814122757013425e-05,0.008572195341832574,0
1999-04-06,3.4129515004899605e-05,0.005429925559993642,1
1999-04-07,5.261406656458209e-05,0.007556038447208044,1
1999-04-08,5.687889043085495e-05,0.011990651356569454,0
1999-04-09,5.261406656458209e-05,0.0031422697818389313,0
1999-04-12,4.265916273744536e-05,0.0014799413234531616,0
1999-04-13,3.341416102462083e-05,0.0017873939223395576,0
1999-04-14,2.7019651158194808e-05,0.0031057923548524096,1
1999-04-15,3.2704279253092076e-05,0.0017561275563511107,1
1999-04-16,3.9814122757013425e-05,0.00208963546022788,0
1999-04-19,2.9859239272660143e-05,0.0012610767615340319,0
1999-04-20,2.559441540638728e-05,0.005211060998074514,1
1999-04-21,2.914933715834794e-05,0.0019333036302856444,0
1999-04-22,1.9904335445523414e-05,0.02252741669467612,0
1999-04-23,9.954883484353255e-06,0.011547711171733121,0
1999-04-26,0.0,0.01127152493883517,1
1999-04-27,1.9904335445523414e-05,0.022501361389685746,0
1999-04-28,1.8484551559682483e-05,0.010901539607971881,0
1999-04-29,1.8484551559682483e-05,0.0030901591718581864,1
1999-04-30,2.1329571197330942e-05,0.008645150195805617,1
1999-05-03,2.2749375425955347e-05,0.0015372629944319814,0
1999-05-04,1.137468771297766e-05,0.008290798047936549,1
1999-05-05,1.563951157925055e-05,0.013559180716989881,0
1999-05-06,1.1729628598742051e-05,0.0017300722513607382,1
1999-05-07,1.2794471598818617e-05,0.000578427770786271,0
1999-05-10,1.2794471598818617e-05,0.0,1
1999-05-11,2.3459257197484102e-05,0.016508641241900057,1
1999-05-12,2.9859239272660143e-05,0.01615428909403099,0
1999-05-13,2.9859239272660143e-05,0.005455980864984016,0
1999-05-14,1.8484551559682483e-05,0.000953624162647636,1
1999-05-17,2.843943504403574e-05,0.001745705434354962,1
1999-05-18,3.839433887117247e-05,0.014314784561710685,0
1999-05-19,2.843943504403574e-05,0.04690476004366869,0
1999-05-20,1.137468771297766e-05,0.01720692341564204,0
1999-05-21,7.1098638467047965e-06,0.030813003681614597,0
1999-05-24,6.394509866426023e-06,0.015518539652265899,1
1999-05-25,7.819745618233551e-06,0.01198544029557138,0
1999-05-26,7.1098638467047965e-06,0.009234000088588037,0
1999-05-27,5.684607752113821e-06,0.006800434602487238,1
1999-05-28,7.819745618233551e-06,0.007488294654233075,1
1999-06-01,8.529647732545754e-06,0.008561773219836425,0
1999-06-02,1.4197838858409303e-06,0.011990651356569454,1
1999-06-03,6.394509866426023e-06,0.0023762438151219783,1
1999-06-04,7.819745618233551e-06,0.006430449271623949,1
1999-06-07,9.954883484353255e-06,0.011448701012769704,1
1999-06-08,1.4929609464938348e-05,0.014507593818639444,1
1999-06-09,1.8484551559682483e-05,0.008196998949971208,1
1999-06-10,1.919443333121121e-05,0.0017821828613414832,0
1999-06-11,1.4929609464938348e-05,0.004486723519342156,0
1999-06-14,7.1098638467047965e-06,0.0034705666247176257,0
1999-06-15,7.1098638467047965e-06,0.0032152246358119747,1
1999-06-16,1.2794471598818617e-05,0.0048567088502054455,0
1999-06-17,7.1098638467047965e-06,0.005997931208783764,0
1999-06-18,0.0,0.015096443711421863,1
1999-06-21,9.954883484353255e-06,0.006925500066441027,0
1999-06-22,6.394509866426023e-06,0.01882235232504514,1
1999-06-23,9.954883484353255e-06,0.02076086701632886,0
1999-06-24,5.684607752113821e-06,0.01037001138616828,1
1999-06-25,8.529647732545754e-06,0.005846810439839603,1
1999-06-28,1.137468771297766e-05,0.009713417700410891,1
1999-06-29,1.350982557909739e-05,0.007926023778071334,1
1999-06-30,3.128447502446767e-05,0.027092306128989392,0
1999-07-01,1.9904335445523414e-05,0.007524772081219596,1
1999-07-02,3.483941711921181e-05,0.022277285766768542,1
1999-07-06,3.5549298890740535e-05,0.019369513729842965,0
1999-07-07,3.128447502446767e-05,0.004716010203257435,1
1999-07-08,3.625920100505274e-05,0.01806153741932626,1
1999-07-09,5.510416565924963e-05,0.020849455053296127,1
1999-07-12,6.612391248646293e-05,0.04140187962970201,1
1999-07-13,6.683379425799171e-05,0.012939064458219015,0
1999-07-14,5.687889043085495e-05,0.0128400542992556,1
1999-07-15,5.830414652544593e-05,0.012741044140292184,1
1999-07-16,6.327887250603102e-05,0.009140200990622696,0
1999-07-19,5.687889043085495e-05,0.002600319438039182,0
1999-07-20,5.261406656458209e-05,0.017269456147618937,0
1999-07-21,4.5504202717877264e-05,0.010031292421293437,0
1999-07-22,3.483941711921181e-05,0.02101620900523451,0
1999-07-23,3.483941711921181e-05,0.006576358979570035,1
1999-07-26,3.5549298890740535e-05,0.00443461290936141,1
1999-07-27,3.625920100505274e-05,0.0085669842808345,1
1999-07-28,3.9814122757013425e-05,0.02437734334899257,1
1999-07-29,4.1949280965916603e-05,0.040073059075193006,1
1999-07-30,4.265916273744536e-05,0.04696729277564558,1
1999-08-02,4.4794320946348537e-05,0.03188127118621987,0
1999-08-03,3.910424098548467e-05,0.025570676317551635,0
1999-08-04,3.910424098548467e-05,0.007628993301181086,1
1999-08-05,4.265916273744536e-05,0.02398130271313891,0
1999-08-06,4.265916273744536e-05,0.01783746179640906,0
1999-08-09,4.265916273744536e-05,0.0012350214565436594,1
1999-08-10,4.692398660371822e-05,0.020885932480282646,1
1999-08-11,6.256897039171879e-05,0.01932782524185837,1
1999-08-12,7.465356021900871e-05,0.023877081493177417,0
1999-08-13,7.181397210454334e-05,0.007055776591392891,0
1999-08-16,6.185906827740662e-05,0.022120953936826306,1
1999-08-17,6.256897039171879e-05,0.018874462935025885,1
1999-08-18,6.825905035258266e-05,0.028249161670561934,1
1999-08-19,0.00012229292114578918,0.21140753363088494,0
1999-08-20,0.00011945333303132381,0.036196029692625566,0
1999-08-23,0.00010096332960567476,0.053012123533412024,0
1999-08-24,9.95435457198338e-05,0.041078793847821385,0
1999-08-25,9.81182896252428e-05,0.03589899921573532,0
1999-08-26,9.385346575896994e-05,0.02775932193674293,1
1999-08-27,0.00010949842920418708,0.057832354956630944,0
1999-08-30,0.00010842813433814395,0.015086021589425715,1
1999-08-31,0.0001336730607247334,0.08328838793222496,0
1999-09-01,0.00011873797905104504,0.059239341426111064,0
1999-09-02,0.00011518305729908435,0.03489326444310694,1
1999-09-03,0.00011731819516520408,0.025966716953405296,0
1999-09-07,0.00011589841127936313,0.011370535097798586,0
1999-09-08,0.00011518305729908435,0.016326254106967447,0
1999-09-09,0.00011091823343281149,0.020604535186386625,1
1999-09-10,0.00011518305729908435,0.01603964575207335,0
1999-09-13,0.00010522815347194762,0.01680046065779223,0
1999-09-14,9.66985057394019e-05,0.025044359156746108,1
1999-09-15,9.883364360552163e-05,0.02095888733425569,0
1999-09-16,9.17183278928502e-05,0.015028699918446894,0
1999-09-17,9.100842577853803e-05,0.016498219119903908,0
1999-09-20,8.10535219514013e-05,0.0227358591345991,0
1999-09-21,5.545910654501402e-05,0.07791057298221205,1
1999-09-22,6.114918650587789e-05,0.03868170578870711,0
1999-09-23,4.052402487132563e-05,0.0390725353635627,0
1999-09-24,1.9904335445523414e-05,0.07222009437231468,1
1999-09-27,3.2704279253092076e-05,0.04476301397346007,1
1999-09-28,5.261406656458209e-05,0.04272027806221486,0
1999-09-29,3.341416102462083e-05,0.062355555902959624,0
1999-09-30,3.2704279253092076e-05,0.035049596273049176,0
1999-10-01,3.128447502446767e-05,0.0356176019218393,1
1999-10-04,3.5549298890740535e-05,0.017144390683665148,1
1999-10-05,5.687889043085495e-05,0.0497656325316116,1
1999-10-06,8.603369979795294e-05,0.16165753428226756,0
1999-10-07,6.825905035258266e-05,0.050766156243241906,1
1999-10-08,8.10535219514013e-05,0.04117259294578673,0
1999-10-11,7.394365810469648e-05,0.05697252989194865,0
1999-10-12,7.038873635273579e-05,0.03292869444683285,0
1999-10-13,6.327887250603102e-05,0.028301272280542678,0
1999-10-14,5.830414652544593e-05,0.018744186410074023,0
1999-10-15,5.687889043085495e-05,0.020740022772336563,0
1999-10-18,4.4084418832036334e-05,0.02122465144515749,0
1999-10-19,3.483941711921181e-05,0.031401853574397016,1
1999-10-20,4.265916273744536e-05,0.035721823141800786,1
1999-10-21,5.332396867889429e-05,0.03934872159646065,1
1999-10-22,5.9014048639758157e-05,0.02899434339328659,0
1999-10-25,4.692398660371822e-05,0.021078741737211405,1
1999-10-26,6.967883423842361e-05,0.05010956255748452,0
1999-10-27,5.830414652544593e-05,0.02111000810319985,0
1999-10-28,4.692398660371822e-05,0.022047999082853265,1
1999-10-29,6.541401037215075e-05,0.033746831023530544,1
1999-11-01,8.10535219514013e-05,0.08281939244239825,1
1999-11-02,9.81182896252428e-05,0.08878605728519356,1
1999-11-03,0.0001258478428977498,0.21625903142009228,1
1999-11-04,0.00014575765055202327,0.13469029361723195,0
1999-11-05,0.00013509284461057436,0.06477869926706428,1
1999-11-08,0.00014433786666618237,0.04889017428393508,0
1999-11-09,0.00013935766847684723,0.027431025093864237,0
1999-11-10,0.00013651810070516537,0.013501859046011064,1
1999-11-11,0.0001592674761311207,0.05895273307121696,1
1999-11-12,0.00017775747955676974,0.052308630298671964,0
1999-11-15,0.00017064763605284842,0.03718613128225973,1
1999-11-16,0.00020477717140053147,0.07644105378075504,1
1999-11-17,0.00021970678086546985,0.0832362773222442,1
1999-11-18,0.0002211265444085273,0.023481040857323755,1
1999-11-19,0.0003014756567971499,0.2329240044919346,0
1999-11-22,0.00030076577502562114,0.05650874546312002,0
1999-11-23,0.00026592635790640936,0.057926154054596286,0
1999-11-24,0.00025170117834703317,0.04203241801046902,0
1999-11-26,0.00024886156988978436,0.005654001182910847,0
1999-11-29,0.0002332166267873507,0.030281475459810997,0
1999-11-30,0.00020761673917221339,0.03202718089416596,1
1999-12-01,0.00022752654682648685,0.022131376058822455,1
1999-12-02,0.00025810114007942576,0.031506074794358505,0
1999-12-03,0.00024743631379519336,0.035075651578039546,1
1999-12-06,0.00025952639617401676,0.017253822964624712,0
1999-12-07,0.0002445912941575449,0.018098014846312783,1
1999-12-08,0.00026379122004028963,0.019760343304698554,0
1999-12-09,0.00025028137411840876,0.021198596140167118,0
1999-12-10,0.0002453011759290737,0.008535717914846051,0
1999-12-13,0.00024388141238601617,0.017821828613414834,0
1999-12-14,0.0002367715281965279,0.02759777904580262,0
1999-12-15,0.00022326172296021398,0.020224127733527185,0
1999-12-16,0.00022041666263699857,0.012256415467471254,1
1999-12-17,0.00024174627451989644,0.02631585804027629,1
1999-12-20,0.00027730102527660354,0.041553000398646164,1
1999-12-21,0.00029721083293087706,0.04002615952621033,1
1999-12-22,0.0003085855409866382,0.025132947193713374,1
1999-12-23,0.00034129527210569684,0.028285639097548457,0
1999-12-27,0.0003213854644514234,0.019838509219669672,0
1999-12-28,0.00031996020835683243,0.017316355696601605,1
1999-12-29,0.0003370249963734574,0.012209515918488583,1
1999-12-30,0.00034129527210569684,0.01303807461718243,1
1999-12-31,0.0003476897819721229,0.011688409818681132,0
2000-01-03,0.00034626997774349843,0.03053160638771857,0
2000-01-04,0.0003320502500500889,0.0304847068387359,0
2000-01-05,0.00031498550271903073,0.01831166834723384,0
2000-01-06,0.0002822757715999721,0.010943228095956476,1
2000-01-07,0.0002901009894269557,0.005591468450933952,1
2000-01-10,0.0003057404806634228,0.02390313679816779,0
2000-01-11,0.0002858306730091493,0.013944799230847398,0
2000-01-12,0.00027374608318185946,0.011276735999833245,1
2000-01-13,0.0002929405571986376,0.012214726979486659,1
2000-01-14,0.0003135602466244398,0.06349677826153795,1
2000-01-18,0.0003348953103733042,0.02626895849129362,0
2000-01-19,0.0003299151121839691,0.015742615275183103,0
2000-01-20,0.00032849530795534476,0.017358044184586204,0
2000-01-21,0.00032280526868004773,0.05695168564795635,0
2000-01-24,0.0003000558932540924,0.025758274513482317,0
2000-01-25,0.00029578557683628605,0.023606106321277544,0
2000-01-26,0.0002758757691820126,0.023100633404464315,0
2000-01-27,0.00025170117834703317,0.04760825327840875,0
2000-01-28,0.00023890666606264763,0.0189734730939893,0
2000-01-31,0.0002353517646534704,0.0176654967834726,1
2000-02-01,0.0002453011759290737,0.00795729014405978,1
2000-02-02,0.0002573912176223301,0.014043809389810813,1
2000-02-03,0.00026450110181181836,0.009614407541447476,1
2000-02-04,0.00027516588741048387,0.011292369182827468,0
2000-02-07,0.00024672643202366463,0.021474782373065066,1
2000-02-08,0.0002673461214494668,0.04875989775898322,1
2000-02-09,0.00027872082950522795,0.06181360555915987,1
2000-02-10,0.0003739995513587889,0.10317900776187537,1
2000-02-11,0.0003825346509573012,0.04387192254278933,1
2000-02-14,0.0004735430970786227,0.06844207514871066,0
2000-02-15,0.000447948661329452,0.04676927245771875,1
2000-02-16,0.00047709799848779993,0.10855161165089018,1
2000-02-17,0.0005005627482368175,0.05602932785129716,1
2000-02-18,0.0005802019788539114,0.10217848405024506,0
2000-02-22,0.0005588668744194801,0.0567588763910276,1
2000-02-23,0.0005631371501517195,0.05338210886427531,0
2000-02-24,0.000556027347333365,0.02438776547098872,0
2000-02-25,0.0005098077296068586,0.028124096206608145,0
2000-02-28,0.000504833023969057,0.05408560209901537,1
2000-02-29,0.0005418021270884219,0.031089189914512545,0
2000-03-01,0.000520472555891091,0.039505053426402884,0
2000-03-02,0.00047283317462152707,0.018603487763126012,1
2000-03-03,0.0004834980009057595,0.027576934801810324,0
2000-03-06,0.0004792331770394866,0.04477343609545622,1
2000-03-07,0.0007615143598198584,0.20980252684347797,1
2000-03-08,0.0007693341257808754,0.07046396681596358,1
2000-03-09,0.0009547366267887633,0.10131865898556276,1
2000-03-10,0.0011561336006044496,0.2324914864290944,1
2000-03-13,0.0015116540929550895,0.26006321016990663,0
2000-03-14,0.0010665449587117523,0.1680671393098992,0
2000-03-15,0.001015350716718578,0.105951292212851,0
2000-03-16,0.000885052340684373,0.07932798157368832,1
2000-03-17,0.0009499367063464275,0.058400360605421066,0
2000-03-20,0.0009492268245748987,0.037519639186136496,0
2000-03-21,0.0008930523437068224,0.056123126949262504,1
2000-03-22,0.000900877561533806,0.02289740202553941,1
2000-03-23,0.0009200719541794502,0.03145396418437776,0
2000-03-24,0.0008738578696900444,0.023006834306498976,0
2000-03-27,0.000804173583585654,0.04008869225818723,0
2000-03-28,0.0007302299254809576,0.04056289880901201,0
2000-03-29,0.0006697906207466085,0.048827641551958186,0
2000-03-30,0.0006648103818717064,0.03715486491627128,1
2000-03-31,0.0007748440093658738,0.10240777073416034,0
2000-04-03,0.0006996552915424517,0.03368429829155365,0
2000-04-04,0.0006669455604233931,0.05364266191417904,1
2000-04-05,0.0008567931223589862,0.06730085279013234,1
2000-04-06,0.0009051423854000789,0.04178749814355952,1
2000-04-07,0.0009805112589137994,0.03244927683500999,0
2000-04-10,0.0008774128117847884,0.040776552309933066,0
2000-04-11,0.0008141284467272239,0.047540509485433785,0
2000-04-12,0.0007103201178266841,0.03189169330821602,0
2000-04-13,0.0006719202660611947,0.031876060125221796,0
2000-04-14,0.0005963766073520083,0.04366869116386442,1
2000-04-17,0.0006363709264848872,0.029791635725991993,1
2000-04-18,0.0007821340492456606,0.049703099799634706,0
2000-04-19,0.0007359145128902879,0.02808240771862355,0
2000-04-20,0.0007309398072524863,0.014575337611614413,0
2000-04-24,0.0006854301526686425,0.020224127733527185,1
2000-04-25,0.0007807088338366365,0.024971404302773066,0
2000-04-26,0.0007707539706950666,0.025450821914595922,1
2000-04-27,0.0008489679045320026,0.028369016073517647,0
2000-04-28,0.0008276383333346716,0.017300722513607383,1
2000-05-01,0.0008603480644537303,0.010828584753998838,0
2000-05-02,0.0008198185673736547,0.0232673873564027,0
2000-05-03,0.0008034637018141254,0.03360092131558446,1
2000-05-04,0.0008155537435073819,0.024049046506113878,1
2000-05-05,0.0008617678279967879,0.016383575777946267,0
2000-05-08,0.0008233735094683987,0.017962527260362845,0
2000-05-09,0.0008091537410894222,0.017061013707695954,0
2000-05-10,0.0007110299995982129,0.02761862328979492,1
2000-05-11,0.0007494243181266019,0.02455973048392518,0
2000-05-12,0.0007209848627397826,0.01825434667625502,1
2000-05-15,0.0007835538941598519,0.028488870476473364,1
2000-05-16,0.0008830973991941187,0.03764470465009028,1
2000-05-17,0.0010708097825780252,0.13797847310701697,0
2000-05-18,0.000985485964551601,0.053220565973335,0
2000-05-19,0.0009755311014100312,0.054445165307882515,1
2000-05-22,0.0010509055081608521,0.05400743618404425,0
2000-05-23,0.0010409505636481487,0.08238687437955806,0
2000-05-24,0.001025305579860148,0.07816070391011963,0
2000-05-25,0.00100824083252909,0.05965622630595702,1
2000-05-26,0.001014285894061285,0.01778014012543024,1
2000-05-30,0.001063699979759671,0.03082863686460882,1
2000-05-31,0.0011120492428007636,0.04883806367395434,1
2000-06-01,0.0011483138346434325,0.043350816442981874,1
2000-06-02,0.001310431904334869,0.06215232452403472,1
2000-06-05,0.0013426010056407642,0.05126641809905706,0
2000-06-06,0.0012663474651600493,0.03867128366671096,0
2000-06-07,0.0012016432551882933,0.033944851341457374,1
2000-06-08,0.0012123080814725258,0.04787922845030863,1
2000-06-09,0.0012521221635439722,0.04859314380704483,0
2000-06-12,0.0012137278450155833,0.03911943491254537,1
2000-06-13,0.001257812284190403,0.04648266410282466,0
2000-06-14,0.0012563925206473456,0.027728055570754483,1
2000-06-15,0.0012940769574042057,0.034622289271207064,1
2000-06-16,0.0015173386803644198,0.10510710033116294,1
2000-06-19,0.0016239921509593087,0.11208992206858279,0
2000-06-20,0.0015998174380676285,0.06411689452030882,1
2000-06-21,0.0017811299004047093,0.06461715637612397,0
2000-06-22,0.0016737665480382918,0.06455983470514515,0
2000-06-23,0.0014981442063476417,0.06380423086042435,1
2000-06-26,0.001701496203024716,0.06498714170698726,0
2000-06-27,0.001434859922661211,0.06350198932253602,0
2000-06-28,0.0013722908912411418,0.06154784144825807,0
2000-06-29,0.0011476039528719036,0.1264985057282588,1
2000-06-30,0.0012599474627420896,0.12913790812378356,0
2000-07-03,0.0012044883155115087,0.023124083178955653,0
2000-07-05,0.001055170332027125,0.08231913058658309,1
2000-07-06,0.0011305392055408457,0.06342903446856298,1
2000-07-07,0.001137649089730334,0.03548732539688743,1
2000-07-10,0.0012059080790545662,0.035998009374698735,1
2000-07-11,0.001318251670295886,0.07986211532599095,1
2000-07-12,0.001360910812690548,0.040002709751719,1
2000-07-13,0.0015059639723086586,0.04766557494938757,0
2000-07-14,0.0014931641302150073,0.02828303356704942,0
2000-07-17,0.001474679537969758,0.009322588125555304,0
2000-07-18,0.0014419698068506993,0.017803589899921573,0
2000-07-19,0.0013381613965790255,0.018436733811187628,1
2000-07-20,0.00137940077543063,0.013387215704053424,1
2000-07-21,0.0013993106644560372,0.025213718639183532,0
2000-07-24,0.0012642122866083625,0.028382043726012836,0
2000-07-25,0.001210172902920839,0.03426533159283896,0
2000-07-26,0.0011063645740202993,0.03912464597354345,0
2000-07-27,0.0010139308718043868,0.03385886883498915,1
2000-07-28,0.0010423703271912061,0.05352020198072428,1
2000-07-31,0.0011788884685819383,0.038165810749897736,0
2000-08-01,0.0011518687767381767,0.03592766005122473,1
2000-08-02,0.0011788884685819383,0.03536486546343268,1
2000-08-03,0.0012386178101736248,0.037887018986500744,1
2000-08-04,0.0012642122866083625,0.019009950520975823,1
2000-08-07,0.0013779754786504722,0.02467176829538378,0
2000-08-08,0.001343845983988356,0.011771786794650324,0
2000-08-09,0.0012983417812704786,0.012655061633823954,1
2000-08-10,0.0013154066099726705,0.014846312783514289,0
2000-08-11,0.0012798571890252294,0.012186066143997249,1
2000-08-14,0.0012940769574042057,0.009650884968433998,1
2000-08-15,0.0014337951000039178,0.045992824369005654,1
2000-08-16,0.001474679537969758,0.026766614816609736,1
2000-08-17,0.0015059639723086586,0.01195677946008197,1
2000-08-18,0.0015656879434055124,0.020088640147577247,1
2000-08-21,0.0015927075538781405,0.04828829673865748,0
2000-08-22,0.0014249049781485073,0.06939309378085926,1
2000-08-23,0.0015187639771445777,0.03616476332663712,1
2000-08-24,0.001564268179862455,0.03397351217694679,0
2000-08-25,0.0015201837406876352,0.014478932983150034,1
2000-08-28,0.0015884427300118674,0.018410678506197254,0
2000-08-29,0.0015841779061455945,0.014080286816797332,1
2000-08-30,0.0015998174380676285,0.017196501293645892,1
2000-08-31,0.0016197273270930359,0.04008348119718915,1
2000-09-01,0.0016225723874162513,0.020026107415600354,1
2000-09-05,0.0016254172849971991,0.024585785788915553,0
2000-09-06,0.0015002740144044956,0.0228478969460577,1
2000-09-07,0.0015912877903350828,0.023892714676171642,0
2000-09-08,0.001486054246025519,0.02203497143035808,0
2000-09-11,0.001417795093959019,0.02890054429532125,0
2000-09-12,0.001407840312188583,0.011539894580236009,0
2000-09-13,0.0014071304304170544,0.023916164450662976,0
2000-09-14,0.001392200780266549,0.02134971690911128,1
2000-09-15,0.0014266852158144295,0.024200167275058037,0
2000-09-18,0.001332471275932595,0.015612338750231242,1
2000-09-19,0.00137940077543063,0.030552450631710873,0
2000-09-20,0.001328206452066322,0.022569105182660715,1
2000-09-21,0.0013932656029238422,0.035515986232376846,1
2000-09-22,0.0014206401542822345,0.03990630512325462,1
2000-09-25,0.0015358286431045019,0.04862441017303328,1
2000-09-26,0.001577068184698374,0.034486801685257126,1
2000-09-27,0.0016737665480382918,0.07126647020966705,1
2000-09-28,0.0017306509920490306,0.03410378870189865,0
2000-09-29,0.0016766116083615072,0.03845241910479183,0
2000-10-02,0.0016325271691866874,0.034838548302627156,0
2000-10-03,0.0015344035090666117,0.030461257064244567,0
2000-10-04,0.0015144936200412044,0.04341334917495877,0
2000-10-05,0.001474679537969758,0.05486465571822751,0
2000-10-06,0.0013708657572032515,0.109377564819085,1
2000-10-09,0.0014049952518653678,0.07008616489360317,0
2000-10-10,0.0012841220128915023,0.04301991406960414,1
2000-10-11,0.0012969220177274211,0.05602932785129716,0
2000-10-12,0.0012386178101736248,0.0414644123616789,1
2000-10-13,0.0012954967209472634,0.06071928274956422,0
2000-10-16,0.001261367226285147,0.03469003306418203,0
2000-10-17,0.0011561336006044496,0.048155414683206575,0
2000-10-18,0.0011348040294071186,0.04312934635056371,1
2000-10-19,0.001262792523065305,0.02987761823246022,1
2000-10-20,0.0013978853676758795,0.03991672724525077,0
2000-10-23,0.0013623361094707057,0.017634230417484152,0
2000-10-24,0.0013125615496494551,0.018921362484008556,0
2000-10-25,0.0011817335289051537,0.0397161013968249,1
2000-10-26,0.00124003773645895,0.026717109737128028,0
2000-10-27,0.0012073278425976236,0.020766078077326933,0
2000-10-30,0.0011092096343435147,0.01872073663558269,1
2000-10-31,0.0012275926725087954,0.030351824783285,0
2000-11-01,0.001227237731623031,0.0309250414930732,1
2000-11-02,0.0013353163362558103,0.01880411361155188,1
2000-11-03,0.001434859922661211,0.027027167866513463,1
2000-11-06,0.001560003355996182,0.06680580199531526,0
2000-11-07,0.0014419698068506993,0.02589897316043033,0
2000-11-08,0.0013936205438096066,0.018173575230784864,0
2000-11-09,0.001228663028403189,0.059150753389143794,0
2000-11-10,0.0011518687767381767,0.08528422429448748,1
2000-11-13,0.0011575588973846073,0.05540660606202726,1
2000-11-14,0.0014035754883223101,0.048968340198906196,0
2000-11-15,0.0013826007766396097,0.04387973913428644,0
2000-11-16,0.0012841220128915023,0.023434141308341084,0
2000-11-17,0.0012556826388758168,0.017272061678117973,0
2000-11-20,0.0011447589739198222,0.030297108642805215,0
2000-11-21,0.0011191644974850846,0.03939041008444524,0
2000-11-22,0.0010509055081608521,0.04234768720085253,1
2000-11-24,0.0011220041059423333,0.0157843037631677,0
2000-11-27,0.0010779196667675135,0.037365912886693296,0
2000-11-28,0.0009837112601227792,0.03937217137095198,0
2000-11-29,0.0009115423064469045,0.06695431723376039,0
2000-11-30,0.0007352046311187592,0.10443226793191228,1
2000-12-01,0.0008262184884204804,0.08298614639433663,1
2000-12-04,0.0008418580203425144,0.049351353182264676,1
2000-12-05,0.0009086973274948231,0.10612586275628651,0
2000-12-06,0.0007522693784498173,0.10109979442364364,0
2000-12-07,0.0007352046311187592,0.08310600079729234,1
2000-12-08,0.0009456718824801546,0.09051091847555623,0
2000-12-11,0.0009456718824801546,0.08011485178439758,0
2000-12-12,0.0009143873667701199,0.04232163189586216,0
2000-12-13,0.0008290635487436958,0.0711518268677094,0
2000-12-14,0.0007593792626393055,0.05963798759246376,0
2000-12-15,0.0006655257968803356,0.1166782612773874,1
2000-12-18,0.0006936103113813904,0.06939309378085926,0
2000-12-19,0.0006271259451148462,0.10058650491533329,0
2000-12-20,0.000538962600002307,0.11786898871544742,0
2000-12-21,0.000447948661329452,0.08962764363638259,1
2000-12-22,0.0006114864131928122,0.10089916857521776,0
2000-12-26,0.0005787766820737535,0.035190294919997187,1
2000-12-27,0.0006299710054380616,0.03471608836917241,1
2000-12-28,0.0006342358293043344,0.043376871747972244,0
2000-12-29,0.0005592218153052444,0.05162077024692613,0
2001-01-02,0.0004948781201419203,0.02943467804762389,1
2001-01-03,0.0007039201154087246,0.09669644788027067,1
2001-01-04,0.0008063086807662068,0.08639157475657833,0
2001-01-05,0.000657700579053352,0.04484639094942926,1
2001-01-08,0.0007380496914419746,0.060153882631273144,1
2001-01-09,0.0007565342023160902,0.03074786541913866,1
2001-01-10,0.000821948212688241,0.040521210321027415,1
2001-01-11,0.0009058522671716077,0.04646181985883236,0
2001-01-12,0.0008830973991941187,0.07049262765145298,0
2001-01-16,0.0007991988779478525,0.04291569284964265,1
2001-01-17,0.0008347481361530261,0.06219661854251835,1
2001-01-18,0.0010306407596208144,0.10080015841625435,0
2001-01-19,0.0009982859693875201,0.10845781255292485,0
2001-01-22,0.000951356469889485,0.038869303984637796,1
2001-01-23,0.0010647702542829305,0.0449401900473946,0
2001-01-24,0.001059435155893398,0.04690476004366869,0
2001-01-25,0.0009342917225584268,0.04563326116013851,1
2001-01-26,0.0009698465140007008,0.026008405441389895,1
2001-01-29,0.0009755311014100312,0.03631327856508224,1
2001-01-30,0.0010011309483396018,0.02432262720851279,0
2001-01-31,0.0009883310248748165,0.036766640871914724,1
2001-02-01,0.0009943760864070117,0.0382335545428727,0
2001-02-02,0.0008802578721080038,0.03266032480543201,0
2001-02-05,0.0008788325753278459,0.03776977011404407,1
2001-02-06,0.0008845226959742767,0.02505217574824322,0
2001-02-07,0.0008347481361530261,0.07607106844989175,0
2001-02-08,0.0008290635487436958,0.039583219341374,0
2001-02-09,0.000821948212688241,0.026047488398875454,0
2001-02-12,0.0007949340540815797,0.036331517278575504,1
2001-02-13,0.0008247932730114562,0.04864264888652654,1
2001-02-14,0.0008987423829821194,0.07286887146657496,1
2001-02-15,0.001097829474421787,0.11820770768032227,1
2001-02-16,0.0011675137605261772,0.11524000844191883,0
2001-02-20,0.0010324154640496362,0.07399967170315713,1
2001-02-21,0.0010878746112802172,0.06805124557385507,1
2001-02-22,0.0011419139135966068,0.0863759415735841,0
2001-02-23,0.001050190093152223,0.11019049033478462,0
2001-02-26,0.0010224605195369326,0.07948431340363056,0
2001-02-27,0.0009499367063464275,0.05581827988087515,0
2001-02-28,0.0008304833122867532,0.0829835408638376,1
2001-03-01,0.0009108269728094092,0.09723058163257331,0
2001-03-02,0.0008052438581089138,0.15131878926208772,1
2001-03-05,0.0008148383284987527,0.07844991779551276,1
2001-03-06,0.0009115423064469045,0.08844994385081775,1
2001-03-07,0.000999711184796544,0.099726679850651,1
2001-03-08,0.0010395253482391245,0.08790017691552089,0
2001-03-09,0.0009527816852985089,0.12996125576147932,0
2001-03-12,0.0009115423064469045,0.08060469151821657,1
2001-03-13,0.0010423703271912061,0.11536767943637165,1
2001-03-14,0.0011120492428007636,0.1445470154950899,1
2001-03-15,0.001176043408258723,0.20152736197853566,0
2001-03-16,0.0011703588208493926,0.1308757969666414,1
2001-03-19,0.0012485673841914958,0.10033637398742572,0
2001-03-20,0.001114894221752845,0.2139661645809395,1
2001-03-21,0.001211598199700997,0.20167587721698077,1
2001-03-22,0.001352381164958002,0.18217869249268498,0
2001-03-23,0.0013381613965790255,0.16175914997173,1
2001-03-26,0.0014206401542822345,0.16537302077389468,0
2001-03-27,0.0013623361094707057,0.1826555045740088,1
2001-03-28,0.001363400932127999,0.1534657463932944,1
2001-03-29,0.0013865106596201184,0.17514376014528438,0
2001-03-30,0.0012908769561952261,0.15236881805319974,0
2001-04-02,0.001228663028403189,0.13521400524753843,1
2001-04-03,0.0012755869946641236,0.21408080792289716,0
2001-04-04,0.0011248491662655487,0.3629061044974062,1
2001-04-05,0.001245727694363113,0.1851099143041019,0
2001-04-06,0.00124003773645895,0.16588370475170597,0
2001-04-09,0.0011706974061372571,0.11697529175427764,1
2001-04-10,0.0012987950184859091,0.1266652596801972,1
2001-04-11,0.0013884437122753724,0.15277006975005147,1
2001-04-12,0.001412105136054856,0.15422395576851425,0
2001-04-16,0.0013731973656720027,0.08081834501913764,1
2001-04-17,0.00144964749881205,0.11863501468216438,1
2001-04-18,0.0015716073679070749,0.24776250068395178,1
2001-04-19,0.0017226837815935143,0.1750681997608123,1
2001-04-20,0.0017923080158011384,0.19043822417463308,0
2001-04-23,0.0016878715831185685,0.13237397700358783,0
2001-04-24,0.0015552252430177126,0.19635277840744766,1
2001-04-25,0.0016353121776131365,0.1524287452546776,0
2001-04-26,0.0014917443666719499,0.15919009689967928,1
2001-04-27,0.0016111976793604901,0.0972722701205579,1
2001-04-30,0.001709031983728668,0.16975031201227728,1
2001-05-01,0.001886052281498509,0.20059197652938127,0
2001-05-02,0.0018385002928266781,0.16589673240420116,0
2001-05-03,0.0018296266079403014,0.1021394010927595,1
2001-05-04,0.0018573834408854247,0.10138119171753966,1
2001-05-07,0.0019490799206288417,0.10377827977665394,0
2001-05-08,0.0017945851056102237,0.1737524068587985,0
2001-05-09,0.0017017528475808143,0.14106342121787707,0
2001-05-10,0.0016382719712350515,0.1063082498912191,0
2001-05-11,0.0015916264569940813,0.0978741476658355,1
2001-05-14,0.001606872803597451,0.07412213163661188,1
2001-05-15,0.0016712655248689076,0.13276480657844342,1
2001-05-16,0.0017588610622095843,0.10176941576189621,1
2001-05-17,0.0017932200234690998,0.09763964992092215,0
2001-05-18,0.0017772909730529004,0.06037795825419035,1
2001-05-21,0.0018660278219166698,0.11345000898908023,1
2001-05-22,0.001927460912308479,0.1118528187931704,0
2001-05-23,0.0019094897719176937,0.24157957680973635,1
2001-05-24,0.0019404301691027634,0.1803131326553743,0
2001-05-25,0.0019001573165787862,0.10077670864176301,0
2001-05-29,0.0018146095651920629,0.09780379834236151,0
2001-05-30,0.0017772909730529004,0.357090560423555,0
2001-05-31,0.0017615913892341,0.13497169091112796,1
2001-06-01,0.0018694406900117478,0.1088668808412737,0
2001-06-04,0.0018375882851587168,0.06534149385485633,1
2001-06-05,0.0019438430371978414,0.1050341454771899,1
2001-06-06,0.0019529461886816173,0.07374693524475051,1
2001-06-07,0.0020737647462535495,0.12175122915901293,0
2001-06-08,0.0020150618201439886,0.07523469315970079,0
2001-06-11,0.001950669098872532,0.0610397630009458,1
2001-06-12,0.0020218877190764117,0.11757977483005429,0
2001-06-13,0.0019477148384877173,0.09977357939963367,0
2001-06-14,0.0019431604961272792,0.10058129385433522,1
2001-06-15,0.0019763835163585344,0.11669128892988258,0
2001-06-18,0.0018908303944769789,0.0908652706234253,0
2001-06-19,0.0017772909730529004,0.16213434636359136,1
2001-06-20,0.0018617083166484636,0.18884885057022036,1
2001-06-21,0.0019003866204339178,0.15903376506973704,0
2001-06-22,0.00189105969833211,0.08050047029825508,0
2001-06-25,0.0018869642891664704,0.06734775233911501,1
2001-06-26,0.0019468028308197564,0.08014611815038601,0
2001-06-27,0.0018808209313046094,0.09510967980635698,1
2001-06-28,0.0019051647334123872,0.09658441006881206,1
2001-06-29,0.0019240480442134014,0.07721489633896911,0
2001-07-02,0.001830533082371162,0.11077152363606993,1
2001-07-03,0.001856247662599432,0.04197249080899117,0
2001-07-05,0.001708125509297807,0.10860893332186901,0
2001-07-06,0.0016498759831459443,0.08502106571408473,0
2001-07-09,0.0015898079748952593,0.10795494516661065,1
2001-07-10,0.0016043717804280668,0.13050060057478002,0
2001-07-11,0.0016009587495907215,0.09607372609100076,1
2001-07-12,0.0016946976447932596,0.10442445134041517,0
2001-07-13,0.0016557898744104062,0.0727881000211048,0
2001-07-16,0.0015076677211087813,0.1272384763899854,1
2001-07-17,0.0016023239944741132,0.12487265469685957,0
2001-07-18,0.0015404321336297733,0.08916385920755396,1
2001-07-19,0.001568194499811997,0.08905963798759248,0
2001-07-20,0.001517682717518251,0.07846815650900603,0
2001-07-23,0.00135636200356721,0.16591757664819345,1
2001-07-24,0.00146079843624978,0.1460868840200209,0
2001-07-25,0.0014448693858335805,0.13312176425681152,1
2001-07-26,0.0016111976793604901,0.18395826982352742,1
2001-07-27,0.0016567018820783674,0.1167069221128768,0
2001-07-30,0.001612786694861913,0.06107884595843136,1
2001-07-31,0.0016544247922692821,0.12681116938814327,1
2001-08-01,0.0017668282726651004,0.12867672922545395,1
2001-08-02,0.001813244483050939,0.11705866873024683,0
2001-08-03,0.0017975448992321387,0.08692310297838192,1
2001-08-06,0.001857612744740556,0.13818952107743898,0
2001-08-07,0.0018273495181312157,0.11604772289662038,0
2001-08-08,0.0017761551947669076,0.12007326751763293,0
2001-08-09,0.0017417963962496601,0.17630061568685693,0
2001-08-10,0.0017395246769354076,0.11038851065271145,1
2001-08-13,0.0018202941526013934,0.16231412796802494,0
2001-08-14,0.0017670522060253993,0.24985734720517774,1
2001-08-15,0.0017693292958344846,0.19505782974942615,1
2001-08-16,0.001851693320238994,0.10926031594662833,0
2001-08-17,0.0017197295212086998,0.1790390282413451,0
2001-08-20,0.0017065309605592837,0.1263291462458214,0
2001-08-21,0.0016667113452507368,0.12669131498518757,1
2001-08-22,0.0017429375450304853,0.16050328427119404,0
2001-08-23,0.001700158298842291,0.10790283455662991,1
2001-08-24,0.0017540829492311148,0.11847086626072502,1
2001-08-27,0.0018212061602693548,0.13678253460795886,0
2001-08-28,0.0017950383428256543,0.12583409545100432,0
2001-08-29,0.0017313335331195926,0.15373932709569332,0
2001-08-30,0.0017251901752577314,0.15325209289237335,1
2001-08-31,0.0017411136924368304,0.0942576713331718,0
2001-09-04,0.0016071021074525826,0.19937258825583185,1
2001-09-05,0.0016453271740226063,0.2579370972826922,0
2001-09-06,0.0015704660563839819,0.20964619501353574,1
2001-09-07,0.001588895967227298,0.211761885778754,0
2001-09-10,0.0015374778732449587,0.20113392687318102,0
2001-09-17,0.0013604575754751175,0.12147374016086546,0
2001-09-18,0.0012671720802302775,0.09495986180266235,0
2001-09-19,0.0012494247104575236,0.1674300871028846,0
2001-09-20,0.0011279235304438957,0.1575277684412935,0
2001-09-21,0.0010410051636789482,0.13099565136959712,1
2001-09-24,0.0011788884685819383,0.16152334946156713,0
2001-09-25,0.0011256464406348104,0.10010057347726285,0
2001-09-26,0.0010783183039521445,0.04463404021375772,0
2001-09-27,0.00100824083252909,0.0963629399763939,1
2001-09-28,0.001063760031656437,0.11129914356212497,0
2001-10-01,0.0009577291316064777,0.1034747354735161,0
2001-10-02,0.0009003915317514423,0.1197840536322398,1
2001-10-03,0.0011142717325790493,0.19315058142413086,1
2001-10-04,0.0012830954346671089,0.21288226389334,1
2001-10-05,0.0013108578008493327,0.11491822542528772,1
2001-10-08,0.0013445286878011856,0.0810124570413159,0
2001-10-09,0.0012780933883283405,0.09747680426473233,1
2001-10-10,0.0013722908912411418,0.10296665702620383,1
2001-10-11,0.0015411146747003352,0.09752500657896451,1
2001-10-12,0.0016535183178384213,0.1339047261717722,0
2001-10-15,0.0016453271740226063,0.09650103309284287,1
2001-10-16,0.0018296266079403014,0.14809965633052719,0
2001-10-17,0.0017113090735377532,0.18193768092152404,1
2001-10-18,0.0017914015413702774,0.1086923102978382,1
2001-10-19,0.0018323569349648168,0.1128611590962978,1
2001-10-22,0.0018801382274917797,0.10325977920734553,0
2001-10-23,0.0018437316430205781,0.1013277783423094,1
2001-10-24,0.0019333803368100414,0.12945838837516513,1
2001-10-25,0.0020576119252193187,0.12297192019781189,0
2001-10-26,0.0018974269895542704,0.11697138345852909,0
2001-10-29,0.001728144435642546,0.10694790762873276,0
2001-10-30,0.0017249608714025998,0.12307874694827242,1
2001-10-31,0.0017640979456405846,0.10526473492635469,1
2001-11-01,0.0019306500097855256,0.11660791195391339,1
2001-11-02,0.001960225324829471,0.11589920765817525,1
2001-11-05,0.001967963068687588,0.09920296822034451,1
2001-11-06,0.002115855918134081,0.1515220206410126,1
2001-11-07,0.0021176797707277363,0.15193108892936147,0
2001-11-08,0.0020776308515640576,0.20578349604871302,1
2001-11-09,0.0022346266897520597,0.24435576955646054,1
2001-11-12,0.002299702114836346,0.1562184893655273,0
2001-11-13,0.0022792244180390763,0.15490269646351346,0
2001-11-14,0.0022105121914994135,0.12273611968764901,1
2001-11-15,0.0022232519816962983,0.09285068486369168,0
2001-11-16,0.0022023210476835985,0.05172499146688762,0
2001-11-19,0.0021499854127961975,0.20880851695809527,0
2001-11-20,0.002084456750496481,0.09968368859741689,0
2001-11-21,0.002055334672667966,0.0769426184018197,1
2001-11-23,0.0020867338403055664,0.025440399792599773,1
2001-11-26,0.0022491904952848672,0.12985312624576928,1
2001-11-27,0.0022751288461311686,0.12640210109979444,0
2001-11-28,0.002150897420464159,0.07829228320032101,1
2001-11-29,0.0022532859044505074,0.5553896701137836,1
2001-11-30,0.002300155352051776,0.11012144377656014,0
2001-12-03,0.0022623890559342833,0.09030508156613228,1
2001-12-04,0.0024594282800488635,0.14818563883699543,1
2001-12-05,0.0026728497917950737,0.18318573003056288,0
2001-12-06,0.0026277988262926265,0.1215115203531015,0
2001-12-07,0.0025417924671956404,0.08547833631666577,1
2001-12-10,0.0025690960629253332,0.07340951904512519,1
2001-12-11,0.0026678477454563053,0.08387332952925881,1
2001-12-12,0.0027565845943200748,0.1069296689152395,0
2001-12-13,0.0026719433173642126,0.0935515725679327,1
2001-12-14,0.0028007235521545605,0.07979437153301598,1
2001-12-17,0.0029081197784590453,0.11521655866742748,0
2001-12-18,0.0028284805478419515,0.09415605564370935,0
2001-12-19,0.0027461163606951745,0.09064770882675569,0
2001-12-20,0.00263052931605941,0.1011323635548816,1
2001-12-21,0.0027524890224121675,0.07646059525949782,1
2001-12-24,0.002825750058075168,0.026666301892396802,1
2001-12-26,0.002899470026932967,0.06757834178827982,1
2001-12-27,0.002970918113734246,0.07713151936299992,0
2001-12-28,0.0028949210550673616,0.08012006284539565,0
2001-12-31,0.0028580612333807295,0.07793793105245195,1
2002-01-02,0.0028762616776266464,0.13887738112918482,1
2002-01-03,0.003076943399175971,0.15145427684803767,0
2002-01-04,0.002981839421832309,0.09951042081923091,0
2002-01-07,0.0028967395371661837,0.1035033963090055,1
2002-01-08,0.002933146284379653,0.08193090654222654,0
2002-01-09,0.0028903724086862914,0.12175513745476149,0
2002-01-10,0.002816652439828492,0.10561387601322568,0
2002-01-11,0.0026837714253776716,0.14777396501814752,0
2002-01-14,0.002533148086164395,0.1465480629183505,1
2002-01-15,0.002787071754289714,0.19749139523552695,0
2002-01-16,0.002671031309696251,0.11895419216829643,1
2002-01-17,0.002771142866615782,0.1196225107412995,0
2002-01-18,0.0027169942828666593,0.08511356204680055,0
2002-01-22,0.0026441811139242565,0.1156581960870143,1
2002-01-23,0.0026974232232425182,0.09439446168437125,1
2002-01-24,0.0028007235521545605,0.12137473000190205,0
2002-01-25,0.0027929858082964437,0.0866417056844859,1
2002-01-28,0.002907660845264247,0.09820765556971228,0
2002-01-29,0.0027561259866098115,0.1478912138906042,1
2002-01-30,0.0027916207261553193,0.13014364289641192,1
2002-01-31,0.002805272524020166,0.10360240646796892,0
2002-02-01,0.0027320111628726298,0.0725848686421799,0
2002-02-04,0.002594581176556204,0.1178116670444686,0
2002-02-05,0.002567277580826511,0.1579537726778861,1
2002-02-06,0.0026359899701084415,0.1327569899869463,0
2002-02-07,0.002544522956962424,0.10257061639035017,0
2002-02-08,0.0024403158281349857,0.20101798076597385,1
2002-02-11,0.0025854783505569632,0.1334839329961777,1
2002-02-12,0.0026441811139242565,0.1299312921607404,0
2002-02-13,0.0026077798999478877,0.13144380261543154,1
2002-02-14,0.0026423626318254345,0.13092921034187166,0
2002-02-15,0.002423480303287925,0.4308752758605416,0
2002-02-19,0.0022505555774259916,0.21200810841091303,1
2002-02-20,0.002377970730075215,0.19748357864402982,0
2002-02-21,0.002202774284899029,0.16407937488112267,0
2002-02-22,0.002085368758164442,0.2785676877740692,1
2002-02-25,0.0022632955303651444,0.17151816445587406,1
2002-02-26,0.0023165374769411385,0.2044247118934651,0
2002-02-27,0.002232354970437807,0.18494316035216352,0
2002-02-28,0.002134968532790227,0.16998480975719063,1
2002-03-01,0.0023593168858716002,0.1402335597539337,1
2002-03-04,0.0025012956813113643,0.15905070101798077,0
2002-03-05,0.0024944697823789407,0.14762154148395384,0
2002-03-06,0.002410281742638509,0.15485319138403175,0
2002-03-07,0.0023893508086258093,0.14404805640452426,1
2002-03-08,0.0024662541789812866,0.13577810260058001,0
2002-03-11,0.0024353082485591166,0.08585874376952521,0
2002-03-12,0.002297883795479791,0.1341144713769447,0
2002-03-13,0.002252832667235077,0.1098595879614069,0
2002-03-14,0.0021176797707277363,0.1215675392588308,1
2002-03-15,0.0022150608378804838,0.13338231730671524,0
2002-03-18,0.0022150608378804838,0.1321564152069182,0
2002-03-19,0.002164095981113575,0.08971623167334986,0
2002-03-20,0.0019306500097855256,0.24675546314607386,1
2002-03-21,0.002043048119686511,0.18477901193072416,0
2002-03-22,0.0020239355050303653,0.13347481363943106,0
2002-03-25,0.001909713542535725,0.09385120857532199,1
2002-03-26,0.0019524929514661872,0.11983616424222054,0
2002-03-27,0.001884233799399687,0.11381087496319689,0
2002-03-28,0.0018323569349648168,0.3370253700504691,0
2002-04-01,0.0017991339147335615,0.25465412885390526,0
2002-04-02,0.0017472570502986915,0.15397903590160475,1
2002-04-03,0.001783663634769893,0.11670171105187872,0
2002-04-04,0.001774107408812954,0.12064518146217161,0
2002-04-05,0.0017295096805259376,0.10934760121834607,1
2002-04-08,0.0017936732606845304,0.12285467132535521,0
2002-04-09,0.0016685351978443918,0.1477648456614009,0
2002-04-10,0.0015661467138580432,0.3984338156170287,0
2002-04-11,0.0014892378102654652,0.15390086998663363,0
2002-04-12,0.0014828706817855727,0.14734274972055686,1
2002-04-15,0.0015502176634418438,0.12349432906286886,1
2002-04-16,0.0016257559516561974,0.0906698558359975,1
2002-04-17,0.0016471456561214285,0.10040020948465213,0
2002-04-18,0.0016166583334095218,0.07311509409873398,0
2002-04-19,0.001493791989883636,0.1200706619871339,1
2002-04-22,0.0015019831336994507,0.08560209901537003,0
2002-04-23,0.0014337241443752185,0.08183841020951071,0
2002-04-24,0.0012917451861931871,0.16971513735054028,1
2002-04-25,0.0013490828674193563,0.12469808415342407,0
2002-04-26,0.001195723830686731,0.1271759436580085,1
2002-04-29,0.001425986237774834,0.424611580540856,0
2002-04-30,0.00139777063437718,0.19072743806002623,1
2002-05-01,0.0014264394749902644,0.1844741648623368,0
2002-05-02,0.001361369420400811,0.12000682648990749,0
2002-05-03,0.0013040319019169094,0.09044187191733173,0
2002-05-06,0.0012471474579061705,0.11750551721083172,1
2002-05-07,0.0012830954346671089,0.15120414592013007,1
2002-05-08,0.001451924751363403,0.1811938019640489,0
2002-05-09,0.0013818472799403485,0.13148809663391517,0
2002-05-10,0.0012644415904634941,0.14133569915502647,1
2002-05-13,0.0013522664316593025,0.08481132050891223,1
2002-05-14,0.001505166697939397,0.16354393836357053,1
2002-05-15,0.0015383843476758196,0.16120286921018556,1
2002-05-16,0.0015415734451528662,0.10485957493375439,1
2002-05-17,0.001596180636612252,0.09930588667505648,1
2002-05-20,0.0016152932512683976,0.10136946683029399,0
2002-05-21,0.001477863102209704,0.14796416874457724,1
2002-05-22,0.0015452102466082427,0.165918879413443,0
2002-05-23,0.0014396380356396805,0.27543714287947596,0
2002-05-24,0.0014077856307866496,0.07796007806169376,0
2002-05-28,0.0013445286878011856,0.14627969327694967,1
2002-05-29,0.001402324976737618,0.14019187126594912,0
2002-05-30,0.001379116790173565,0.11360112975802439,0
2002-05-31,0.0013363375439853708,0.07104760564774791,0
2002-06-03,0.0012466942206907402,0.09570634629063651,1
2002-06-04,0.0013190489446651477,0.11678769355834695,0
2002-06-05,0.0012972060029844863,0.11883694329583976,1
2002-06-06,0.0012976592401999166,0.0781307403093807,0
2002-06-07,0.0012835542051196397,0.1467369638795307,0
2002-06-10,0.0012712674893959174,0.0791937967529879,0
2002-06-11,0.0012057388270962008,0.0911531817435689,0
2002-06-12,0.0010856028919659646,0.2440365920703285,0
2002-06-13,0.0010724043313165485,0.13529347392775906,1
2002-06-14,0.0010960656737248984,0.11906883551025407,1
2002-06-17,0.001107445833646626,0.11230487833475336,0
2002-06-18,0.0011006199347142027,0.1073283150815922,0
2002-06-19,0.0008990263682391844,0.27943663219549814,0
2002-06-20,0.0008890168236956812,0.15257204943212463,0
2002-06-21,0.0008448723326240951,0.1590116180604952,1
2002-06-24,0.0008639848659091069,0.14763717466694806,0
2002-06-25,0.0007770719510101261,0.12512539115526616,0
2002-06-26,0.0007270135686740781,0.22235467002258996,0
2002-06-27,0.0005909486644987763,0.34340110318161327,1
2002-06-28,0.0005955029254880807,0.21403390837391448,0
2002-07-01,0.000593678991523292,0.12427207991683148,0
2002-07-02,0.0005445325354840715,0.14639824491465586,1
2002-07-03,0.0006077895598406693,0.1143853944382346,1
2002-07-05,0.0006778670312637238,0.07814897902287396,1
2002-07-08,0.0007038054634811588,0.1701737107183708,0
2002-07-09,0.0006601196614909699,0.11457820369516336,0
2002-07-10,0.0006369115562980506,0.09850077775085397,1
2002-07-11,0.0007206408255859515,0.12205477346215077,0
2002-07-12,0.0007197343511550907,0.14387088033058973,1
2002-07-15,0.0008098363635311182,0.16019583167230764,0
2002-07-16,0.0007829859236457218,0.19039393015614944,0
2002-07-17,0.0007006218178700787,0.20656254966792514,0
2002-07-18,0.0006778670312637238,0.13282864207566983,0
2002-07-19,0.0006387299570257389,0.0896836625421119,0
2002-07-22,0.0006005048904557152,0.13799150075951214,0
2002-07-23,0.0005418021270884219,0.15090060161699223,1
2002-07-24,0.0005882183374742605,0.12543675204990112,0
2002-07-25,0.0004990282513950605,0.1928926339047262,0
2002-07-26,0.0004830993637211286,0.13051753652302378,1
2002-07-29,0.0005017586597907101,0.1311493776690403,1
2002-07-30,0.0005518171234978917,0.19523370305811116,0
2002-07-31,0.00031745918518744825,0.5230016232455009,0
2002-08-01,0.00026922461475948825,0.18521283275881387,0
2002-08-02,0.00023919065131971265,0.19276366014502383,0
2002-08-05,0.0002050611159720296,0.1423310118056587,1
2002-08-06,0.0002255388127692993,0.12475280029390384,0
2002-08-07,0.0002159825461267934,0.09480874103371818,1
2002-08-08,0.00024237425624522578,0.07987514297848615,0
2002-08-09,0.00023236475238728945,0.060972019207970844,0
2002-08-12,0.00023236475238728945,0.06222006831700968,0
2002-08-13,0.00022371496017564442,0.06890976787328786,1
2002-08-14,0.00025147728567230125,0.06655046000640961,1
2002-08-15,0.0002819644863275073,0.12163919134755433,1
2002-08-16,0.0003001650933156916,0.17780009848905287,1
2002-08-19,0.0003893605498897245,0.24147275005927582,0
2002-08-20,0.00036387535488771985,0.15305407257444653,1
2002-08-21,0.000392997392030668,0.12758370918110784,0
2002-08-22,0.00037343162153022575,0.14534691335829433,0
2002-08-23,0.00033657171847246005,0.09773475178413701,1
2002-08-26,0.00034066729038036755,0.07370264122626688,0
2002-08-27,0.00031063328625502494,0.07241550915974247,0
2002-08-28,0.000279687355832855,0.07389675324844516,1
2002-08-29,0.0002856067803344174,0.08639939134807544,0
2002-08-30,0.00027332018666739575,0.1135802855140321,0
2002-09-03,0.00024510462395530843,0.08984781096355124,0
2002-09-04,0.00024237425624522578,0.098887699029961,0
2002-09-05,0.00022599204998472973,0.07541186923363533,1
2002-09-06,0.0002350950794118052,0.07890197733709572,0
2002-09-09,0.00023463639033040817,0.06061766706010178,1
2002-09-10,0.0002947043578955263,0.24947433422181922,1
2002-09-11,0.0003183711521698426,0.17781182337629853,0
2002-09-12,0.00030244222381034384,0.13844616583159416,0
2002-09-13,0.0002947043578955263,0.08437489415032348,0
2002-09-16,0.00026421715724032023,0.0983353265641651,0
2002-09-17,0.0002573912176223301,0.09383948368807632,0
2002-09-18,0.00024510462395530843,0.085983809233479,0
2002-09-19,0.00023054085910806762,0.06500928871622907,1
2002-09-20,0.00023281798960271988,0.07248064742221841,0
2002-09-23,0.0002146173826145355,0.054498578683112774,1
2002-09-24,0.00021780098754004863,0.06565546027999032,1
2002-09-25,0.00024009712575057352,0.09520347890432232,0
2002-09-26,0.0002173477503246182,0.07815288731862252,0
2002-09-27,0.00020323722269280776,0.06850460788068756,0
2002-09-30,0.00020323722269280776,0.06127816904160772,1
2002-10-01,0.0002241736492570414,0.0943071764126535,0
2002-10-02,0.00022371496017564442,0.07918858569198983,0
2002-10-03,0.0002036959117742048,0.061977753980599216,0
2002-10-04,0.00018412468940779596,0.05537924799178737,0
2002-10-07,0.00016592408241961163,0.051392786328260366,0
2002-10-08,0.00015545588948027826,0.07540535540738773,0
2002-10-09,0.00014908867962925204,0.06008483607304865,1
2002-10-10,0.00016637736032060896,0.05627424771820667,1
2002-10-11,0.0002146173826145355,0.10579105208716022,0
2002-10-14,0.00020278398547737733,0.0642484738105102,1
2002-10-15,0.0002432861825420532,0.09044317468258126,0
2002-10-16,0.00020733275391514831,0.0606267864168484,1
2002-10-17,0.00023736675804049087,0.061459253411290805,1
2002-10-18,0.00024146228926283142,0.0519686085685476,1
2002-10-21,0.00028014608559981895,0.09889551562145811,1
2002-10-22,0.00029561628419235374,0.13597482015325732,1
2002-10-23,0.0003151820953783629,0.09833141826841654,0
2002-10-24,0.00028970235224232485,0.11241691614621196,1
2002-10-25,0.00031882438938527304,0.07884726119661595,1
2002-10-28,0.00032155475709535564,0.11408575843084533,0
2002-10-29,0.00029925861888483075,0.081753730468292,1
2002-10-30,0.0003251970511022658,0.12157144755457935,1
2002-10-31,0.0003552310145420414,0.1341626736911769,1
2002-11-01,0.00045534249009043836,0.22897792855114266,1
2002-11-04,0.0005254200021990597,0.28969721130070686,0
2002-11-05,0.0004972098506673721,0.21874079922042527,1
2002-11-06,0.0005499931895331031,0.17656116873676067,0
2002-11-07,0.00047582022757327496,0.17814012021917724,0
2002-11-08,0.0003306577865224312,0.41028637385714917,0
2002-11-11,0.0002906088266731857,0.1475134119682438,1
2002-11-12,0.0003329294244655499,0.14781044244513405,1
2002-11-13,0.0003493115900404791,0.193507539102499,1
2002-11-14,0.0003848063295859869,0.12148807057861016,1
2002-11-15,0.00042667369016292065,0.2208890591168815,1
2002-11-18,0.0004494285174548426,0.21308810080276397,1
2002-11-19,0.0004585260950159515,0.21194557567893613,1
2002-11-20,0.0004908371889503793,0.13821427361717983,1
2002-11-21,0.0005481747888054148,0.22084476509839787,0
2002-11-22,0.000529062255520403,0.13377444964682034,1
2002-11-25,0.000555000687737838,0.1314060224231955,0
2002-11-26,0.0005349762281559987,0.11558263570254222,1
2002-11-27,0.0005909486644987763,0.11604120907037278,1
2002-11-29,0.0005932257543078616,0.05425105328570424,0
2002-12-02,0.0005873117816722658,0.12461210164695583,0
2002-12-03,0.0005363413916682566,0.11144505327007106,0
2002-12-04,0.00044988175467027306,0.2374146363070253,1
2002-12-05,0.0004557957273058688,0.17100878324331226,1
2002-12-06,0.00045670765360269626,0.12371319362478797,0
2002-12-09,0.0004052840263832566,0.10314774139588692,1
2002-12-10,0.0004548892528750079,0.14875494725103505,0
2002-12-11,0.00045124695886809786,0.1459670296170652,0
2002-12-12,0.0004407787252431976,0.13927342176503849,0
2002-12-13,0.0004162054972235873,0.0746966511116496,1
2002-12-16,0.0004517001960835283,0.11261233093363975,0
2002-12-17,0.0004507937216526674,0.11486741758055649,0
2002-12-18,0.00040210042145774345,0.12019703021633721,0
2002-12-19,0.0003893605498897245,0.11734918538088948,1
2002-12-20,0.0003970929639385755,0.08521126944051445,1
2002-12-23,0.0004011884951609161,0.05199857216928653,0
2002-12-24,0.0003893605498897245,0.030469073655741676,0
2002-12-26,0.00037889235695039115,0.07600332465691678,0
2002-12-27,0.0003575026931707271,0.07413255375860803,0
2002-12-30,0.0003383901598857153,0.08305779848306015,0
2002-12-31,0.0003374836854548544,0.08747156714842927,1
2003-01-02,0.0003738848587456562,0.13927211899978897,0
2003-01-03,0.0003738848587456562,0.11049794293367102,1
2003-01-06,0.000419394554015067,0.1100563055140842,0
2003-01-07,0.0004175706607358452,0.1605215229846873,0
2003-01-08,0.0003575026931707271,0.19898045591572674,1
2003-01-09,0.000367058959813233,0.15376929069643225,1
2003-01-10,0.0003766152264557389,0.0982298025789541,0
2003-01-13,0.00037206645801796784,0.0900471340467276,1
2003-01-14,0.00037616198924030845,0.09215370545519921,0
2003-01-15,0.000358867856682985,0.09606851503000269,0
2003-01-16,0.00032200799431078607,0.21933095187845722,0
2003-01-17,0.00030289546102577427,0.11281425954731514,0
2003-01-21,0.0002906088266731857,0.10288328005023463,1
2003-01-22,0.00029106751575458276,0.05768123418768679,1
2003-01-23,0.0003042606245380322,0.09757451165844623,0
2003-01-24,0.00027650375090734194,0.09525689227955259,0
2003-01-27,0.0002696778519749187,0.09438925062337318,1
2003-01-28,0.00028606001754984784,0.19170190646666616,1
2003-01-29,0.00029561628419235374,0.10881998129229102,0
2003-01-30,0.0002760505136919115,0.07853329477148195,1
2003-01-31,0.0002833296905253321,0.10096170130719466,1
2003-02-03,0.00029243271995240755,0.07988947339623084,0
2003-02-04,0.0002710430561727435,0.0660111151931089,1
2003-02-05,0.00027513858739508404,0.06099416621721266,1
2003-02-06,0.00027878088140199415,0.13098262371710193,0
2003-02-07,0.0002578444548377605,0.0972162512148286,1
2003-02-10,0.00026330519025792587,0.10454170021287185,0
2003-02-11,0.00025511412781324477,0.09022040182491357,1
2003-02-12,0.0002573912176223301,0.06749626757756014,1
2003-02-13,0.00026285195304249543,0.09439446168437125,1
2003-02-14,0.0003615982243930676,0.38313935158768,1
2003-02-18,0.000392997392030668,0.18682044507671985,1
2003-02-19,0.0003984581274508334,0.12175774298526053,0
2003-02-20,0.0003984581274508334,0.10405316324430236,1
2003-02-21,0.0003989168165322304,0.09701041430540466,1
2003-02-24,0.00040619595268008405,0.121301775147929,0
2003-02-25,0.0004025536586731739,0.13239612401282963,0
2003-02-26,0.0003738848587456562,0.07894887688607839,1
2003-02-27,0.00038571825588281435,0.07117788217269978,1
2003-02-28,0.0003879953863774666,0.17735585553896702,0
2003-03-03,0.0003784391197349607,0.07407914038337776,0
2003-03-04,0.0003738848587456562,0.056313330675692226,1
2003-03-05,0.00038298788817273165,0.05455068929309352,0
2003-03-06,0.00037343162153022575,0.05736335946680424,1
2003-03-07,0.0003820759618759042,0.0609550832597271,0
2003-03-10,0.0003661524853823721,0.03529581890520819,1
2003-03-11,0.0003702480166047126,0.04315019059455601,1
2003-03-12,0.00038571825588281435,0.05148528266097619,1
2003-03-13,0.0004426026185224193,0.1458067894913744,0
2003-03-14,0.0004243965596682684,0.11665611426814558,1
2003-03-17,0.0004598912585282094,0.13984403294432765,0
2003-03-18,0.0004548892528750079,0.09907529722589169,1
2003-03-19,0.00045807285780052106,0.07526856505618827,1
2003-03-20,0.0004639868304361168,0.08254972003574788,0
2003-03-21,0.00045807285780052106,0.18044601471082522,0
2003-03-24,0.0004339528263107743,0.08895020570663291,1
2003-03-25,0.0004517001960835283,0.07090820976604942,1
2003-03-26,0.0004694475251707153,0.11813475282634922,0
2003-03-27,0.0004507937216526674,0.14906370261517096,0
2003-03-28,0.0004248552487496654,0.13798498693326455,0
2003-03-31,0.0003998232909630913,0.07174197952574135,1
2003-04-01,0.00041711742352041475,0.055815674350376106,1
2003-04-02,0.0004394135617309397,0.08166383966607522,1
2003-04-03,0.0004476046648611877,0.07415991182884792,0
2003-04-04,0.0004230313961560105,0.05364787297517711,1
2003-04-07,0.00042940405787300336,0.07073754751836249,0
2003-04-08,0.0004234900852374075,0.04943473015823387,0
2003-04-09,0.0004203010284459279,0.0732349485016897,1
2003-04-10,0.0004234900852374075,0.03739196819168367,0
2003-04-11,0.0004166641863049843,0.038486291001279316,1
2003-04-14,0.0004271269273783511,0.04625858847990745,0
2003-04-15,0.00042394332245283795,0.05108272819887493,0
2003-04-16,0.00042394332245283795,0.07081701619858312,1
2003-04-17,0.00043486479329316865,0.05439696299365032,1
2003-04-21,0.0004507937216526674,0.06269166933733543,1
2003-04-22,0.00045898478409734853,0.08334570960320377,1
2003-04-23,0.0004735430970786227,0.063675257100722,0
2003-04-24,0.00045397732657818045,0.06961456387327743,0
2003-04-25,0.0004303159841698307,0.09390462195055226,1
2003-04-28,0.0004489698283734456,0.07114270751096277,1
2003-04-29,0.00046854105073985443,0.07063853735939907,0
2003-04-30,0.0004658106830297717,0.04852149171832131,1
2003-05-01,0.0004699062549376792,0.0774806604498709,1
2003-05-02,0.0005372533179650841,0.18145435501395263,1
2003-05-05,0.000555000687737838,0.16897777221931273,1
2003-05-06,0.0005559126140346654,0.12204565410540413,0
2003-05-07,0.0005440792982686411,0.095285553115042,1
2003-05-08,0.0005445325354840715,0.21037183525751763,1
2003-05-09,0.0007861695692568018,1.0,0
2003-05-12,0.0007588659735271089,0.3244080886088812,0
2003-05-13,0.000741118603754355,0.19589550780486661,0
2003-05-14,0.0007402121293234942,0.10269047079330589,1
2003-05-15,0.000772064534176525,0.11789764955093683,1
2003-05-16,0.0007811675229180336,0.1095664657802652,0
2003-05-19,0.0007265602500875139,0.13036381022358057,1
2003-05-20,0.00073292745993854,0.09384730027957343,1
2003-05-21,0.0007652386352441017,0.09616491965846707,1
2003-05-22,0.0007684221994840479,0.09435668149213522,0
2003-05-23,0.0007634201531452796,0.09205469529623579,1
2003-05-27,0.0008476027410197447,0.1799692026295014,0
2003-05-28,0.0008448723326240951,0.13200008337697597,1
2003-05-29,0.0009154084931285466,0.24731434943811736,1
2003-05-30,0.0010045984978366129,0.2304409339263521,0
2003-06-02,0.0009386165983214659,0.16788996323596467,1
2003-06-03,0.0009618247035143852,0.17121852844848476,1
2003-06-04,0.000989128299244078,0.1254914681903809,1
2003-06-05,0.0010228045566907638,0.1286181047892256,0
2003-06-06,0.0009859447350041319,0.1475551004562284,0
2003-06-09,0.0009718341666867547,0.07609321545913357,1
2003-06-10,0.0009886750620286477,0.0590178713336929,1
2003-06-11,0.0009895815364595086,0.10032986016117812,0
2003-06-12,0.0009718341666867547,0.1114958611148023,0
2003-06-13,0.0008817322356818608,0.1961886299860083,1
2003-06-16,0.0009044871036593498,0.20466311793412698,1
2003-06-17,0.0009304255358767847,0.10641116834593108,1
2003-06-18,0.0009731993301990126,0.11967983241227831,0
2003-06-19,0.0009026686215605276,0.12711210816078208,0
2003-06-20,0.0008912884616388,0.09967978030166832,0
2003-06-23,0.0008530633950687763,0.0776343867493141,0
2003-06-24,0.0008507917571256576,0.1073843339873215,1
2003-06-25,0.0008576176560580807,0.11300837156949342,1
2003-06-26,0.0008589828195703386,0.10214330938850806,0
2003-06-27,0.0008403235235007573,0.07484646911534423,1
2003-06-30,0.000856252492545823,0.05693605246496213,1
2003-07-01,0.0008990263682391844,0.10393200607609714,0
2003-07-02,0.0008958427226281045,0.08979830588406953,0
2003-07-03,0.0008835560882755158,0.04355925888290486,1
2003-07-07,0.0009536335596985702,0.08821023504490633,0
2003-07-08,0.0009408936881305512,0.0633117855961063,1
2003-07-09,0.0009668321203479863,0.07986732638698903,0
2003-07-10,0.0009195040650364541,0.06784019760343306,1
2003-07-11,0.0009254180376720498,0.05160253153343287,0
2003-07-14,0.0009167737380119383,0.07324406785843632,0
2003-07-15,0.000880825761251,0.1220013600869205,0
2003-07-16,0.0008676272006015841,0.09345125964371977,0
2003-07-17,0.0008148383284987527,0.0905513041982913,0
2003-07-18,0.0007811675229180336,0.13691541666340976,0
2003-07-21,0.0007666037987563596,0.10481397815002125,1
2003-07-22,0.0007825326864302914,0.061095781906675105,1
2003-07-23,0.0007952725579983104,0.06358015523750714,0
2003-07-24,0.0007570474914282868,0.11911052399823867,1
2003-07-25,0.000772064534176525,0.10665348268234155,0
2003-07-28,0.0007424837672666129,0.07426543581405894,0
2003-07-29,0.000681509284585067,0.30127618883842844,0
2003-07-30,0.000671953058628128,0.08349031654590033,1
2003-07-31,0.0006824157590159278,0.09531030565478285,1
2003-08-01,0.0007110845996290125,0.08119223864574948,1
2003-08-04,0.0007447608570756982,0.15298502601622205,0
2003-08-05,0.0007420305300511825,0.11331973246412837,0
2003-08-06,0.0007042587006965892,0.10923556340688746,0
2003-08-07,0.0006919720663440007,0.11080669829780693,0
2003-08-08,0.0005190527923480335,0.40688615655590554,1
2003-08-11,0.0005572778589180571,0.1797894210250678,1
2003-08-12,0.0005722948202951614,0.08082355608013571,1
2003-08-13,0.0005772968666339298,0.07315808535196809,0
2003-08-14,0.0005509051972010644,0.163715903376507,0
2003-08-15,0.0005486280260208452,0.021499534912805922,1
2003-08-18,0.0005704709677015066,0.07577794626875006,1
2003-08-19,0.000628267256637939,0.15028439365396992,0
2003-08-20,0.0006168870967162113,0.09235172577312604,1
2003-08-21,0.0006387299570257389,0.06785973908217584,1
2003-08-22,0.000644649462898435,0.10668735457882902,0
2003-08-25,0.0006400952019091306,0.04498318130062871,0
2003-08-26,0.0006269020931256811,0.08134726771044219,1
2003-08-27,0.0006514753618308583,0.059507711067511904,0
2003-08-28,0.000629632420150197,0.08778813910406229,1
2003-08-29,0.0006405538909905276,0.05571536142616317,0
2003-09-02,0.0006332693029767074,0.07510181110424989,0
2003-09-03,0.0006173457857976083,0.09013963037944342,1
2003-09-04,0.0006250781591608924,0.0782076034591023,1
2003-09-05,0.0006637619961834468,0.12800319959145282,1
2003-09-08,0.0007028935371843314,0.1616549287517685,1
2003-09-09,0.0007575007286437172,0.2681260242991774,0
2003-09-10,0.0006928839926408281,0.14774921247840667,0
2003-09-11,0.000681509284585067,0.28151193723798135,1
2003-09-12,0.000694249156153086,0.12405842641591042,0
2003-09-15,0.0006796854319914121,0.0625705121691302,1
2003-09-16,0.0007065357905056746,0.06525290581788906,1
2003-09-17,0.0007170040241305749,0.0958731002425749,1
2003-09-18,0.000723829923062998,0.0633808321543308,0
2003-09-19,0.0007165453350491778,0.06822321058679152,0
2003-09-22,0.00068105059550367,0.07771255266428521,1
2003-09-23,0.0006892416579483511,0.06614269448331028,0
2003-09-24,0.0006228065212177736,0.17163801885882976,0
2003-09-25,0.000611426361296046,0.0778506457807342,0
2003-09-26,0.000580939119955273,0.09512661575460073,0
2003-09-29,0.0005395304891453032,0.20901956492851728,1
2003-09-30,0.0005404369635761641,0.10869491582833724,1
2003-10-01,0.0005463563880777264,0.09309821026110023,1
2003-10-02,0.0005577310961334876,0.0909707946086363,1
2003-10-03,0.0005772968666339298,0.09153358919642834,0
2003-10-06,0.0005713828939983341,0.03879504636541523,1
2003-10-07,0.0005782087929307573,0.053294823592557564,0
2003-10-08,0.0005513584344164948,0.07813985966612733,1
2003-10-09,0.0005618265866702612,0.0904040917250957,1
2003-10-10,0.0005750251473196772,0.042806260568683085,1
2003-10-13,0.0005827576020540952,0.045078283163843574,1
2003-10-14,0.0005968680890003386,0.06555905565152594,0
2003-10-15,0.0005868530925908688,0.07423677497856952,1
2003-10-16,0.0005964093999189416,0.04629246037639494,0
2003-10-17,0.0005718361312137645,0.04776979616934906,1
2003-10-20,0.0005886770265556575,0.0486048686942905,1
2003-10-21,0.0006123382875928734,0.08023340342210376,0
2003-10-22,0.000598686489728027,0.06527635559238039,0
2003-10-23,0.0005950442364066837,0.046882613034426875,0
2003-10-24,0.0005923138280110341,0.04640058989210498,1
2003-10-27,0.0005964093999189416,0.025488602106831963,1
2003-10-28,0.0006455559373292959,0.10165737795043761,0
2003-10-29,0.0006455559373292959,0.05149440201772282,0
2003-10-30,0.0006300856573656274,0.06096680814697277,0
2003-10-31,0.0006182522602284692,0.062801101618295,1
2003-11-03,0.0006332693029767074,0.08186185998400206,1
2003-11-04,0.0006359996300012231,0.0739553776846735,1
2003-11-05,0.0006391887274782697,0.09361931636090767,1
2003-11-06,0.0006405538909905276,0.1254562935286439,1
2003-11-07,0.0008034637018141254,0.4639081915273359,0
2003-11-10,0.0008007332934184758,0.1292317072217489,0
2003-11-11,0.0007761600247132986,0.0846211167824825,1
2003-11-12,0.0007888998962813176,0.06491939791401229,1
2003-11-13,0.0007893585853627147,0.060866495222759824,0
2003-11-14,0.0007315622964262822,0.0943136902389011,0
2003-11-17,0.0007220060704693432,0.06298869981422568,0
2003-11-18,0.0007088129616858937,0.105496627140769,1
2003-11-19,0.0007338394676065013,0.05947905023202249,0
2003-11-20,0.0007092661989013242,0.07807602416890091,1
2003-11-21,0.0007129084522226674,0.05683964783649775,1
2003-11-24,0.00076705703597179,0.09998332460480618,1
2003-11-25,0.0007834391608611522,0.08719016985453323,1
2003-11-26,0.0007843511685291135,0.04454936047253901,0
2003-11-28,0.0007798023594057757,0.020242366447020446,1
2003-12-01,0.0007934541572706222,0.05507440092340001,0
2003-12-02,0.0007893585853627147,0.06025940661648415,0
2003-12-03,0.0007793436703243786,0.07494678203955717,0
2003-12-04,0.0007743416239856103,0.054528542283851705,0
2003-12-05,0.0007433956935634403,0.058642674941831535,1
2003-12-08,0.0007502215924958636,0.03488153955586127,0
2003-12-09,0.0007015282923009396,0.06279849608779596,1
2003-12-10,0.0007210995960384824,0.0595989046349782,1
2003-12-11,0.00076705703597179,0.07330138952941515,0
2003-12-12,0.0007620549896330217,0.07393323067543169,0
2003-12-15,0.0007429424563480099,0.06547177037980818,1
2003-12-16,0.0007556823279160289,0.06318932566265155,0
2003-12-17,0.0007374817209278446,0.05204938001401775,1
2003-12-18,0.0007584126549405447,0.045276303481770405,1
2003-12-19,0.0007725177713919554,0.0974116660022564,1
2003-12-22,0.0007738829349042132,0.038160599688899656,1
2003-12-23,0.0008130199277710643,0.07632901596929643,0
2003-12-24,0.0008057407916232107,0.020754353190081266,1
2003-12-26,0.0008485146673165723,0.03737633500868944,1
2003-12-29,0.0008922004693067611,0.08000541950343801,1
2003-12-30,0.0008944775591158466,0.05766950930044112,0
2003-12-31,0.0008694456013292723,0.051848754165591884,0
2004-01-02,0.0008639848659091069,0.04524243158528292,1
2004-01-05,0.000898114441942357,0.060319333817962006,1
2004-01-06,0.0009422589330139429,0.11656101240493072,1
2004-01-07,0.0009522683961863123,0.07093035677529125,1
2004-01-08,0.0009563639680942198,0.04495321769988979,1
2004-01-09,0.000972746092983582,0.08108671466053846,1
2004-01-12,0.0009859447350041319,0.0567028574852983,0
2004-01-13,0.0009254180376720498,0.09185797774355849,0
2004-01-14,0.0009172269752273688,0.057016823910432286,1
2004-01-15,0.0009190508278210236,0.06400094841310165,1
2004-01-16,0.0009358862712969501,0.04690476004366869,1
2004-01-20,0.0009672854389345506,0.050816964087973135,0
2004-01-21,0.0009140433296162887,0.05154390709720453,0
2004-01-22,0.0008885581346142841,0.06362314649074126,0
2004-01-23,0.000864443554990504,0.050242444612935415,1
2004-01-26,0.0009058522671716077,0.04060328453174709,0
2004-01-27,0.0008435071691118372,0.09927331754381852,0
2004-01-28,0.0008407767607161876,0.06465233103786097,0
2004-01-29,0.000810742837961979,0.09879520269724518,1
2004-01-30,0.0008262184884204804,0.04850455577007757,1
2004-02-02,0.0008426006946809764,0.05875080445754158,0
2004-02-03,0.0008389583599884994,0.043246595223020386,0
2004-02-04,0.0008112015270433761,0.04528412007326752,1
2004-02-05,0.0008262184884204804,0.0339044656187223,1
2004-02-06,0.0008494265936133997,0.049011331452140317,0
2004-02-09,0.0008421420055995793,0.03846544675728702,1
2004-02-10,0.0008799138349541726,0.053198418964093185,1
2004-02-11,0.0009172269752273688,0.0779626835921928,0
2004-02-12,0.0008840093254909463,0.10370141662693233,0
2004-02-13,0.0008739998623185769,0.1875786544519397,1
2004-02-17,0.0008858278075897683,0.06039359143718457,0
2004-02-18,0.0008858278075897683,0.03263036120469308,0
2004-02-19,0.000885374570374338,0.06637067840197604,1
2004-02-20,0.0009122249288886005,0.064968902993494,0
2004-02-23,0.0008739998623185769,0.09050440464930863,0
2004-02-24,0.0008316792238406458,0.07476830320037312,1
2004-02-25,0.0008375931964762415,0.06870262819861439,1
2004-02-26,0.0008444190954086648,0.03531536038395097,0
2004-02-27,0.0008262184884204804,0.06251840155914946,1
2004-03-01,0.0008412355311687185,0.052864911060216416,0
2004-03-02,0.0008221229978837067,0.08616359083791256,0
2004-03-03,0.0008089243558631568,0.057844079843876614,1
2004-03-04,0.0008307672975438182,0.04273851677570812,0
2004-03-05,0.0008234881613959646,0.03639144448005336,0
2004-03-08,0.0007884466590658872,0.04836385712312956,0
2004-03-09,0.000781620760133464,0.038165810749897736,0
2004-03-10,0.0007675157250531871,0.050157764871716706,0
2004-03-11,0.0007602311370393668,0.05506267603615434,1
2004-03-12,0.0007802555966212061,0.038895359289628166,0
2004-03-15,0.0007584126549405447,0.043593130779392336,1
2004-03-16,0.0007989148926907874,0.06273075229482099,1
2004-03-17,0.0008230294723145675,0.0548151506387458,1
2004-03-18,0.0008344096322362954,0.05519034703060717,0
2004-03-19,0.0008225762350991372,0.04703894486436911,0
2004-03-22,0.0008148383284987527,0.0604730601174052,1
2004-03-23,0.00081893390040666,0.06040010526343217,1
2004-03-24,0.0008639848659091069,0.0833404985422057,1
2004-03-25,0.0009249648004566195,0.10611544063429035,0
2004-03-26,0.0009217811548455394,0.057747675215412235,1
2004-03-29,0.0009695625287436359,0.1048817219429962,1
2004-03-30,0.0010041452606211825,0.07656742200995835,1
2004-03-31,0.0010150667314615131,0.06351762250553025,0
2004-04-01,0.000993677108367416,0.14111422906260832,1
2004-04-02,0.0010105179223381753,0.06840168942597559,1
2004-04-05,0.0010532917980315367,0.06047696841315376,0
2004-04-06,0.001003233334324355,0.06561768008775427,0
2004-04-07,0.0009968661244733287,0.046485269633323695,1
2004-04-08,0.001030536930054048,0.046401892657354504,0
2004-04-12,0.0010077875953136595,0.04604232944848736,0
2004-04-13,0.0009800252291314357,0.04592508057603068,1
2004-04-14,0.0009859447350041319,0.05344985265725028,0
2004-04-15,0.000924511563241189,0.08776338656432144,0
2004-04-16,0.0008881048973988536,0.06895797018752003,0
2004-04-19,0.0008867397338865959,0.05462103861656753,0
2004-04-20,0.0008412355311687185,0.05364396467942856,1
2004-04-21,0.0008426006946809764,0.07264349307840824,1
2004-04-22,0.0008485146673165723,0.07337173885288915,1
2004-04-23,0.0008712694539229273,0.04605796263148158,0
2004-04-26,0.0008298553712469908,0.04453633282004382,0
2004-04-27,0.0008212109902157455,0.05155563198445019,0
2004-04-28,0.0008171154996789718,0.04875468669798514,0
2004-04-29,0.0007893585853627147,0.0678923082134138,0
2004-04-30,0.0007474912654713478,0.053548862816213696,0
2004-05-03,0.0007356578683341896,0.06415988577354292,1
2004-05-04,0.000794360631701483,0.08171595027605597,1
2004-05-05,0.000802551694146164,0.04826745249466518,1
2004-05-06,0.000810742837961979,0.07509008621700422,1
2004-05-07,0.0008184806631912297,0.1017342411001592,0
2004-05-10,0.0007793436703243786,0.0705004442429501,1
2004-05-11,0.0008030104645986949,0.041282025226746295,0
2004-05-12,0.0007893585853627147,0.0502268114299412,1
2004-05-13,0.0007925422309737946,0.035638446165831596,0
2004-05-14,0.0007925422309737946,0.04769423578487698,0
2004-05-17,0.0007770719510101261,0.031338018077170605,1
2004-05-18,0.0007925422309737946,0.020056071016339282,0
2004-05-19,0.0007902650597935755,0.05195818644655145,0
2004-05-20,0.0007761600247132986,0.04362179161488175,1
2004-05-21,0.0007784371958935178,0.028488870476473364,0
2004-05-24,0.0007752480984164711,0.030608469537440168,1
2004-05-25,0.0008171154996789718,0.07182405373646102,1
2004-05-26,0.0008375931964762415,0.05481254510824676,1
2004-05-27,0.0008407767607161876,0.05828441449821391,1
2004-05-28,0.000880825761251,0.06712497948144733,0
2004-06-01,0.0008799138349541726,0.03243234088676625,0
2004-06-02,0.0008717226911383576,0.06775682062746387,0
2004-06-03,0.000820757753000315,0.07394756109317638,0
2004-06-04,0.000810742837961979,0.06838735900823088,1
2004-06-07,0.0008348628694517257,0.05995716507859583,0
2004-06-08,0.0008166622624635415,0.06463018402861916,0
2004-06-09,0.0007697873629963058,0.05196470027279904,0
2004-06-10,0.0007602311370393668,0.059149450623894276,0
2004-06-14,0.0007306558219954214,0.043976143762750816,1
2004-06-15,0.0007443076198602678,0.040700991925460984,0
2004-06-16,0.0007297438956985939,0.025284067962657537,0
2004-06-17,0.0007115432887104094,0.05023202249093927,1
2004-06-18,0.0007129084522226674,0.055872996021354926,0
2004-06-21,0.0006969795645487356,0.02680309224359626,1
2004-06-22,0.0007220060704693432,0.04457932407327794,1
2004-06-23,0.0007374817209278446,0.026595952568922797,0
2004-06-24,0.0007292906584831635,0.06198687333734585,1
2004-06-25,0.0007352046311187592,0.03359440748933687,0
2004-06-28,0.0007274668058895085,0.030364852435780187,1
2004-06-29,0.0007588659735271089,0.03736461012144378,0
2004-06-30,0.0007452140942911286,0.03361004067233109,0
2004-07-01,0.000702440299968901,0.05275547877925685,0
2004-07-02,0.0006901536656163124,0.02988413205870781,0
2004-07-06,0.0006387299570257389,0.06032975593995816,1
2004-07-07,0.0006428255289336463,0.03522416681648467,0
2004-07-08,0.0006173457857976083,0.04455196600303805,0
2004-07-09,0.0005827576020540952,0.11885778753983206,0
2004-07-12,0.0005650102322813412,0.07125735085292041,0
2004-07-13,0.0005636450687690833,0.059430847917790304,0
2004-07-14,0.0005304274190326608,0.09574542924812207,0
2004-07-15,0.0005254200021990597,0.0642341433927655,0
2004-07-16,0.0005044889868152258,0.04831304927839833,1
2004-07-19,0.0005122268934156103,0.04792091693829322,1
2004-07-20,0.0005263319284958872,0.034942769522588644,0
2004-07-21,0.0004830993637211286,0.0644582190156827,1
2004-07-22,0.0004972098506673721,0.05447512890862144,0
2004-07-23,0.0004790037918132212,0.03819447158538714,0
2004-07-26,0.0004603499882951733,0.052493622964103606,1
2004-07-27,0.0004817341595233038,0.08361668477510364,0
2004-07-28,0.00046489875673294426,0.05270076263877707,1
2004-07-29,0.0005076726324263058,0.07899968473080962,1
2004-07-30,0.0005154104576555565,0.041718451585335034,1
2004-08-02,0.0005245135277681988,0.043567075474401966,0
2004-08-03,0.00048765358402486623,0.0783678435847931,1
2004-08-04,0.0004949327608582868,0.05299388481991876,0
2004-08-05,0.0004762734647887054,0.09121962277129436,0
2004-08-06,0.00024282749346065622,0.5503388492413999,1
2004-08-09,0.000261940026745668,0.16930867459269044,1
2004-08-10,0.000297434725605609,0.22062720330172825,0
2004-08-11,0.0002833296905253321,0.10249896430162664,0
2004-08-12,0.0002724082196850014,0.0689058595775393,1
2004-08-13,0.0002915207529700132,0.08641893282681821,0
2004-08-16,0.0002869719845322422,0.055590295962209386,1
2004-08-17,0.0003129104167496772,0.07873392061990782,1
2004-08-18,0.00034612798511496595,0.09257710416129276,0
2004-08-19,0.0003443095843872776,0.07650749480848049,1
2004-08-20,0.000375708752024878,0.1280357687226908,1
2004-08-23,0.0003879953863774666,0.08471752141094688,0
2004-08-24,0.00036660572259780255,0.09985044254935527,1
2004-08-25,0.0003902670243205854,0.07617138137410469,1
2004-08-26,0.0003916322285184102,0.06438265863121062,1
2004-08-27,0.0004025536586731739,0.05921589165161973,0
2004-08-30,0.00038298788817273165,0.06604759262009542,0
2004-08-31,0.0003807107576780794,0.06159734652773979,1
2004-09-01,0.0003916322285184102,0.06210542497505205,1
2004-09-02,0.0004152989821071595,0.0814671221133979,0
2004-09-03,0.0003970929639385755,0.07549264067910548,0
2004-09-07,0.0003861714930982448,0.07682536952936303,0
2004-09-08,0.0003743435478270532,0.08851247658279465,1
2004-09-09,0.0004303159841698307,0.13892297791291797,1
2004-09-10,0.00045397732657818045,0.11069856878209688,1
2004-09-13,0.00046626392024520216,0.10292627130346875,1
2004-09-14,0.00046899428795528486,0.07207288189911908,0
2004-09-15,0.0004325876627985164,0.12422127207210024,1
2004-09-16,0.0004557957273058688,0.0858027248637959,1
2004-09-17,0.0004821928892902677,0.10683977811302271,0
2004-09-20,0.00048128092230787336,0.08413127704866351,1
2004-09-21,0.0004990282513950605,0.05256918334857569,0
2004-09-22,0.0004671758872275965,0.0658157004056811,1
2004-09-23,0.00047308985986319226,0.060685410853076736,0
2004-09-24,0.0004530653595957861,0.04957412603993236,0
2004-09-27,0.00044169069222559185,0.041942527208252235,1
2004-09-28,0.0004507937216526674,0.04941388591424157,1
2004-09-29,0.00046626392024520216,0.056186962446488915,1
2004-09-30,0.00047445502337545016,0.06513826247593142,1
2004-10-01,0.0005017586597907101,0.06196081803235547,1
2004-10-04,0.0005213244302911523,0.07102806416900513,0
2004-10-05,0.0005054009131120532,0.06660387338163988,1
2004-10-06,0.0005081313215077028,0.051982938986292304,1
2004-10-07,0.0005122268934156103,0.08450517067527535,0
2004-10-08,0.0004740017861600197,0.07314375493422338,1
2004-10-11,0.0004749082605908806,0.03844981357429279,0
2004-10-12,0.0004653519939483747,0.08767089023160561,0
2004-10-13,0.0004612564627260342,0.0709069070007999,0
2004-10-14,0.00044169069222559185,0.05358534024320022,0
2004-10-15,0.0004243965596682684,0.13687763647117374,1
2004-10-18,0.0004353180305085991,0.06017602964051496,0
2004-10-19,0.0004312224586006916,0.06500798595097956,1
2004-10-20,0.0004385070873000788,0.05651004822836954,1
2004-10-21,0.00045261212238035566,0.10794322027936498,0
2004-10-22,0.0004180293498172422,0.07238815108950258,1
2004-10-25,0.0004207597175273248,0.0553115041988124,1
2004-10-26,0.00047308985986319226,0.26447176777427767,1
2004-10-27,0.0004912904261658097,0.11446486311845525,0
2004-10-28,0.00048401129001795606,0.05882766760726318,0
2004-10-29,0.0004721778928807979,0.07851114776224014,1
2004-11-01,0.0004862884205126083,0.06885244620230903,1
2004-11-02,0.0004958446871551142,0.11682286822008396,1
2004-11-03,0.0005022118970061404,0.09669514511502116,1
2004-11-04,0.000514957220440126,0.1059434756213539,1
2004-11-05,0.0006164338595007809,0.415726721539139,1
2004-11-08,0.0006250781591608924,0.07587956195821251,0
2004-11-09,0.0006200761941932579,0.06473179971808161,0
2004-11-10,0.0006200761941932579,0.06798610731137913,1
2004-11-11,0.0006359996300012231,0.05290529678295149,1
2004-11-12,0.000637364793513481,0.06811247554058245,1
2004-11-15,0.0006496514278660696,0.05610488823576924,0
2004-11-16,0.0006469211008415538,0.04918459923032629,1
2004-11-17,0.0006610315877877974,0.06330266623935968,1
2004-11-18,0.000671953058628128,0.05567627846867761,1
2004-11-19,0.0006765018677514659,0.22867568701325436,1
2004-11-22,0.0007010750550855092,0.07752625723360405,1
2004-11-23,0.0007047173897779862,0.07134984718563624,1
2004-11-24,0.0007083542726044967,0.04439172587734726,1
2004-11-26,0.0007174572613460053,0.03594329323421895,0
2004-11-29,0.0006997098915732514,0.07433448237228342,0
2004-11-30,0.0006842396929807165,0.060454821403911944,1
2004-12-01,0.0007060825532902442,0.05372734165539775,1
2004-12-02,0.0007179104985614357,0.08022558683060665,1
2004-12-03,0.0007570474914282868,0.14413273614574296,1
2004-12-06,0.0008020984569307337,0.10322460454560851,1
2004-12-07,0.0008516982315565184,0.31563526741862274,1
2004-12-08,0.0008639848659091069,0.09260967329253074,0
2004-12-09,0.000854428639952168,0.09231003728514145,1
2004-12-10,0.0008744530995340072,0.06873910562560091,0
2004-12-13,0.0008453310217054922,0.07798613336668413,1
2004-12-14,0.0008662620370893262,0.05355537664246129,1
2004-12-15,0.0008758182630462651,0.04484639094942926,1
2004-12-16,0.000889923298126542,0.16331855997540382,0
2004-12-17,0.0008630783914782461,0.1296863722938309,0
2004-12-20,0.0008516982315565184,0.0954327655882376,1
2004-12-21,0.0008594360567857691,0.09550572044221065,1
2004-12-22,0.0008608013016691608,0.04365826904186827,1
2004-12-23,0.0008635316286936766,0.03770332908631862,0
2004-12-27,0.000854428639952168,0.0313236876594259,0
2004-12-28,0.0008489679045320026,0.029521963319341635,1
2004-12-29,0.0008580708932735112,0.029860682284216476,0
2004-12-30,0.0008539754027367375,0.02606963540811727,1
2004-12-31,0.0008858278075897683,0.060392288671935045,1
2005-01-03,0.0008867397338865959,0.11367017631624887,0
2005-01-04,0.0008362280329639836,0.08365316220209017,1
2005-01-05,0.0008457842589209227,0.07655178882696412,0
2005-01-06,0.0008357747957485533,0.059046532169182306,0
2005-01-07,0.0008162035733821444,0.08070760997292854,1
2005-01-10,0.0008184806631912297,0.06078181548154112,0
2005-01-11,0.0007875347327690597,0.11656492070067927,0
2005-01-12,0.0007793436703243786,0.11270222173585653,1
2005-01-13,0.0007893585853627147,0.09543667388398616,1
2005-01-14,0.0007925422309737946,0.06016951581426736,1
2005-01-18,0.0008080124295663294,0.048297416095404104,0
2005-01-19,0.000785263094825941,0.0343943053525413,1
2005-01-20,0.0007875347327690597,0.06735296340011308,1
2005-01-21,0.0007893585853627147,0.0626056868308672,0
2005-01-24,0.0007502215924958636,0.04820491976268828,1
2005-01-25,0.0007666037987563596,0.04559938926365103,1
2005-01-26,0.0007788904331089482,0.044450350313575596,1
2005-01-27,0.000856252492545823,0.10674337348455833,0
2005-01-28,0.0008548873290335651,0.07071540050912067,1
2005-01-31,0.0008567057297612533,0.05898139390670638,1
2005-02-01,0.0008762715002616956,0.05292483826169427,1
2005-02-02,0.0009354330340815198,0.21883459831839064,0
2005-02-03,0.0009235996369443616,0.07278549449060577,1
2005-02-04,0.0009873098985163898,0.08541450081943935,0
2005-02-07,0.0009731993301990126,0.0544933676221147,1
2005-02-08,0.0009845794901207402,0.04734379193275647,0
2005-02-09,0.0009436240965262008,0.08295097173259962,1
2005-02-10,0.0009700157659590662,0.06325967498612556,1
2005-02-11,0.001003692023405752,0.05828050620246535,0
2005-02-14,0.0009786600656191777,0.044860721367173964,1
2005-02-15,0.000989128299244078,0.0791234474295139,0
2005-02-16,0.0009850327273361707,0.04850455577007757,0
2005-02-17,0.0009745645750824043,0.10831711390597684,1
2005-02-18,0.0011001612456328059,0.3378982227676466,1
2005-02-22,0.001116543370522168,0.15211087053379505,0
2005-02-23,0.001074222732044237,0.11813475282634922,1
2005-02-24,0.001107445833646626,0.07336913332239012,1
2005-02-25,0.0011260996778502408,0.05487377507497414,1
2005-02-28,0.001132925576782664,0.08016175133338024,0
2005-03-01,0.001129741931171584,0.07789103150346927,0
2005-03-02,0.00109106362738613,0.10072329526653274,0
2005-03-03,0.0010737694948288064,0.08051219518550075,0
2005-03-04,0.001068308840779775,0.06225524297874669,1
2005-03-07,0.00108104863097666,0.053358659089783975,0
2005-03-08,0.0010168851321892016,0.1425120961753418,0
2005-03-09,0.000985485964551601,0.09667169534052981,0
2005-03-10,0.0009850327273361707,0.07269430092313946,0
2005-03-11,0.0009586410579033051,0.07735168669016856,1
2005-03-14,0.0009909466999717665,0.05997800932258813,0
2005-03-15,0.0009672854389345506,0.03891229523787191,0
2005-03-16,0.0009477195870629745,0.05598373106756401,0
2005-03-17,0.0009363395085123806,0.0459120529235355,0
2005-03-18,0.0009135900924008584,0.06723701729290593,1
2005-03-21,0.000951356469889485,0.0689136761690364,0
2005-03-22,0.0009308787730922152,0.06549782568479856,1
2005-03-23,0.0009549988045819619,0.07698300412455479,1
2005-03-24,0.0009572758943910474,0.09180977542932629,0
2005-03-28,0.0009445305709570616,0.05335996185503349,0
2005-03-29,0.0009195040650364541,0.06163382395472631,0
2005-03-30,0.0009195040650364541,0.09108804348109298,0
2005-03-31,0.0008949307963312769,0.05413380441324756,0
2005-04-01,0.0008844625627063766,0.053313062306050825,0
2005-04-04,0.0008780953528553504,0.04361527778863415,0
2005-04-05,0.0008594360567857691,0.04455978259453516,1
2005-04-06,0.0008753650258308348,0.05946993087527586,1
2005-04-07,0.0008949307963312769,0.052834947459477484,0
2005-04-08,0.000880825761251,0.06534019108960681,0
2005-04-11,0.0008598892940011994,0.03351363604386671,1
2005-04-12,0.000872634698806319,0.053473302431741615,0
2005-04-13,0.0008284902077347329,0.05197251686429616,0
2005-04-14,0.0008202990639189179,0.036086597411666005,0
2005-04-15,0.000785263094825941,0.06627557653876118,0
2005-04-18,0.0007784371958935178,0.049224984953061365,1
2005-04-19,0.0008121080014742369,0.037539180664879275,0
2005-04-20,0.000781620760133464,0.05916638657213802,1
2005-04-21,0.0008353161066671562,0.05628727537070185,0
2005-04-22,0.0008257597993390833,0.03437085557804997,1
2005-04-25,0.000841688768384149,0.03240498281652636,0
2005-04-26,0.0008371399592608112,0.03620254351887316,0
2005-04-27,0.00079800296639396,0.06401658159609588,1
2005-04-28,0.0008011865306339061,0.038352106180578896,1
2005-04-29,0.0008116547642588064,0.04979559613235053,0
2005-05-02,0.0008080124295663294,0.03422234033960485,0
2005-05-03,0.000802551694146164,0.04557854501965873,1
2005-05-04,0.0008339508617837645,0.04875989775898322,1
2005-05-05,0.0008539754027367375,0.06509396845744779,1
2005-05-06,0.0008680804378170144,0.03648263804751967,1
2005-05-09,0.0008876516601834233,0.07877951740364098,0
2005-05-10,0.0008457842589209227,0.07767086417630062,0
2005-05-11,0.0008284902077347329,0.05816195456475916,1
2005-05-12,0.0008507917571256576,0.08857761484527057,1
2005-05-13,0.0009663734312665893,0.28559219799947366,1
2005-05-16,0.0009704690031744968,0.06996109942964938,1
2005-05-17,0.0009832143266084823,0.06732299979937416,1
2005-05-18,0.0009918586262685938,0.05757961849822433,0
2005-05-19,0.0009895815364595086,0.04702982550762248,1
2005-05-20,0.0010105179223381753,0.053991803001050026,1
2005-05-23,0.0010382748366544324,0.0742563164573123,1
2005-05-24,0.001055568969211756,0.054554597588842076,0
2005-05-25,0.0010396400001666903,0.055974611710817385,1
2005-05-26,0.001074222732044237,0.08349683037214793,0
2005-05-27,0.0010660316695995558,0.032901336376592955,0
2005-05-31,0.001046919136314544,0.08071672932967518,1
2005-06-01,0.0010582992962362716,0.08434883884533312,1
2005-06-02,0.0011047154252509764,0.0721588644055873,0
2005-06-03,0.0011015264091450636,0.058617922402090676,0
2005-06-06,0.001089239774792475,0.05354495452046514,0
2005-06-07,0.0010582992962362716,0.10361934241621266,0
2005-06-08,0.0010496495447101936,0.06503404125596993,1
2005-06-09,0.0011015264091450636,0.06516301501567227,0
2005-06-10,0.0010869680554782225,0.04835604053163244,1
2005-06-13,0.0011151782070099102,0.15092926245248164,0
2005-06-14,0.0010382748366544324,0.25932975333442765,0
2005-06-15,0.0010346325019619555,0.17914194669605707,1
2005-06-16,0.0010410051636789482,0.050977204213663925,0
2005-06-17,0.0010382748366544324,0.047406324664733365,1
2005-06-20,0.001056934132724014,0.06365962391772778,1
2005-06-21,0.0010687620779952054,0.044347431858863626,0
2005-06-22,0.0010673968331118137,0.07393062514493264,1
2005-06-23,0.0010869680554782225,0.08872873561421474,0
2005-06-24,0.0010464658990991136,0.049499868420709796,0
2005-06-27,0.0010364564359267442,0.0363588753488154,1
2005-06-28,0.0010441888092900282,0.026340610580017146,0
2005-06-29,0.001032814101234267,0.028649110602164154,0
2005-06-30,0.001029630455623187,0.06226696786599236,1
2005-07-01,0.0010350911910433525,0.0320792915041467,1
2005-07-05,0.0010542037243283643,0.04003397611770745,1
2005-07-06,0.0010874213740647868,0.07425240816156374,0
2005-07-07,0.0010783183039521445,0.048443325803350194,1
2005-07-08,0.00109424727299721,0.042171813892167516,1
2005-07-11,0.0011133598062822217,0.0412338229125141,0
2005-07-12,0.001106080670134368,0.05912078978840487,1
2005-07-13,0.0011078990708620565,0.06243502458318025,0
2005-07-14,0.001050561471007021,0.20104012777521568,0
2005-07-15,0.001037362910357605,0.13067517111821553,0
2005-07-18,0.0010068756690168321,0.11130174909262401,1
2005-07-19,0.0010232577939061943,0.054088207629514405,1
2005-07-20,0.0010414584008943786,0.055022290313419264,0
2005-07-21,0.0010205274668816785,0.062407666512940364,0
2005-07-22,0.000989128299244078,0.07377820161073896,1
2005-07-25,0.0009959541981765013,0.10370793045317993,1
2005-07-26,0.0010205274668816785,0.08031678039807295,1
2005-07-27,0.0010451007355868557,0.08556431882313399,1
2005-07-28,0.0010546569615437946,0.04250923009179284,0
2005-07-29,0.0010451007355868557,0.03604100062793285,1
2005-08-01,0.001063760031656437,0.040099114380183376,1
2005-08-02,0.0010805953937612297,0.043748159844085054,0
2005-08-03,0.0010805953937612297,0.054127290586999964,0
2005-08-04,0.0010673968331118137,0.03655819843199175,1
2005-08-05,0.001099254689830811,0.07213150633534741,1
2005-08-08,0.001103803498954149,0.07663125750718476,0
2005-08-09,0.0011006199347142027,0.029553229685330085,0
2005-08-10,0.0010815074014291909,0.045691885596366846,1
2005-08-11,0.001099254689830811,0.07402702977339702,1
2005-08-12,0.001176611378772853,0.24706291574496025,1
2005-08-15,0.0012111996438875,0.09370399610212639,0
2005-08-16,0.0011875328496131837,0.06707156610621706,0
2005-08-17,0.0011875328496131837,0.06382377233916713,0
2005-08-18,0.0011520381100676759,0.08718235326303612,0
2005-08-19,0.001142481802739603,0.043702563060351904,0
2005-08-22,0.0011315603318992724,0.05727216589933794,1
2005-08-23,0.0011402101647964842,0.025488602106831963,1
2005-08-24,0.001141116639227345,0.05373255271639582,1
2005-08-25,0.0011502196279688536,0.030050886010646198,0
2005-08-26,0.001129741931171584,0.032976896761065036,1
2005-08-29,0.0011320191023518032,0.03514339537101452,1
2005-08-30,0.0011793417057973687,0.10087441603547691,1
2005-08-31,0.0012098343990041083,0.09630952660116364,1
2005-09-01,0.0012102876362195386,0.05832089192520043,0
2005-09-02,0.0011875328496131837,0.048866724509443744,1
2005-09-06,0.0011989129281637775,0.04379636215831725,1
2005-09-07,0.0012430520487405308,0.06170026498245176,1
2005-09-08,0.0012598874108453236,0.06800825432062096,1
2005-09-09,0.001278546625543771,0.047177037980818085,0
2005-09-12,0.00127353920871017,0.05828832279396247,1
2005-09-13,0.001317683699781756,0.0906555254182528,0
2005-09-14,0.0012994777222987389,0.052519678269093976,1
2005-09-15,0.0013258748435975708,0.08034544123356237,1
2005-09-16,0.0013267813180284317,0.054297952834686906,0
2005-09-19,0.001305397146800301,0.04436306504185785,1
2005-09-20,0.0013345190618865486,0.054554597588842076,0
2005-09-21,0.0013213205012371325,0.06578703957019169,0
2005-09-22,0.0012808238780951241,0.07810859330013888,1
2005-09-23,0.0013022080493232545,0.03202196983316788,1
2005-09-26,0.0013144946023047094,0.04202460141897191,1
2005-09-27,0.001319502181880578,0.04174059859457685,1
2005-09-28,0.0013286051706220866,0.036246837537356795,1
2005-09-29,0.0013600043382596871,0.05359706513044588,1
2005-09-30,0.0013736561361245335,0.047675997071383716,1
2005-10-03,0.001416430011817895,0.05756137978473107,0
2005-10-04,0.001395499077805195,0.053716919533401596,0
2005-10-05,0.0013431634429177939,0.0629131394297536,0
2005-10-06,0.0013377027888687625,0.07228523263479061,0
2005-10-07,0.0013181369369971864,0.057785455407648276,0
2005-10-10,0.0012799118704271628,0.04771768555936832,0
2005-10-11,0.0012617112634389783,0.056493112280125796,1
2005-10-12,0.0012789998627592014,0.06926151449065787,0
2005-10-13,0.0012712674893959174,0.05315542771085907,0
2005-10-14,0.0012712674893959174,0.03165459003280363,1
2005-10-17,0.0012853725244761944,0.024343471452505087,0
2005-10-18,0.0012612524929864475,0.03041435751526189,0
2005-10-19,0.0012489659400049928,0.06690481215427868,1
2005-10-20,0.0012589809364144627,0.03689431186636755,1
2005-10-21,0.0012671720802302775,0.03025542015482062,1
2005-10-24,0.0013067622289414252,0.029456825056865706,1
2005-10-25,0.0013163184548983641,0.03419758779986399,0
2005-10-26,0.001275363061303825,0.04295477580712821,0
2005-10-27,0.0012448703680970853,0.02259255495715205,1
2005-10-28,0.0012890148591686713,0.04830653545215074,1
2005-10-31,0.0013404331158932783,0.04480861075719322,0
2005-11-01,0.0013217792716896633,0.04134195242822415,1
2005-11-02,0.0014091508756700413,0.054714837714532866,0
2005-11-03,0.001390491498229326,0.048353435001133406,0
2005-11-04,0.0013636411397150636,0.05977477794366322,0
2005-11-07,0.0013568152407826405,0.0381215167314141,0
2005-11-08,0.0013281464001695558,0.05637586340766912,1
2005-11-09,0.0013964055522360558,0.08676416561794065,0
2005-11-10,0.0013377027888687625,0.2696658928241084,1
2005-11-11,0.0013627346652842027,0.05713146725238993,1
2005-11-14,0.001395499077805195,0.051457924590736295,1
2005-11-15,0.0013991358792605716,0.051732808058384726,0
2005-11-16,0.0013936750624692724,0.04729037855752621,1
2005-11-17,0.0014637580671294271,0.07421202243882867,0
2005-11-18,0.0014605689696523805,0.04842899538560549,1
2005-11-21,0.001489696580717996,0.047227845825549314,1
2005-11-22,0.0015342887757679121,0.07729957608018781,0
2005-11-23,0.0015292867294291437,0.04258609324151444,1
2005-11-25,0.001546122254276204,0.010530251511859072,0
2005-11-28,0.0015374778732449587,0.043951391223009964,0
2005-11-29,0.0014282633275839193,0.11111024260094478,1
2005-11-30,0.001458750650295826,0.06033626976620575,1
2005-12-01,0.0014783163394251346,0.058879778217243925,1
2005-12-02,0.0014787751098776654,0.03417544079062217,0
2005-12-05,0.0014478291794554955,0.03995450743748681,1
2005-12-06,0.0014546550783879186,0.038602237108486474,1
2005-12-07,0.0014573854054124344,0.036150432908892416,0
2005-12-08,0.0014441868447630183,0.03984116686077869,1
2005-12-09,0.0014673948685848038,0.026404446077243557,1
2005-12-12,0.0014915149000745505,0.028384649256511872,1
2005-12-13,0.0015133578417552119,0.04600194372575228,0
2005-12-14,0.0014974289540812802,0.029072509308257707,0
2005-12-15,0.0014760447828531496,0.03398523706419246,1
2005-12-16,0.001490603055148857,0.11354901914804365,0
2005-12-19,0.001462846059461466,0.029596220938564198,0
2005-12-20,0.0014619342145357722,0.03090550001433042,0
2005-12-21,0.001458750650295826,0.029279648982931172,1
2005-12-22,0.001508809032631874,0.03242322153001962,1
2005-12-23,0.0015220022227864574,0.021154302121683486,1
2005-12-27,0.0015324702936690899,0.03781145860202867,1
2005-12-28,0.0015483993440852893,0.026569897263932423,0
2005-12-29,0.001509715507062735,0.0315686075263354,0
2005-12-30,0.0014774098649942737,0.022790575275078884,1
2006-01-03,0.0015529481532086274,0.04919371858707292,1
2006-01-04,0.0016016412906612835,0.05323880468682826,1
2006-01-05,0.0016421380765455596,0.06800564879012191,1
2006-01-06,0.001672172162042036,0.06554081693803268,1
2006-01-09,0.0017240490264769062,0.05871172150005602,1
2006-01-10,0.0017245076341871693,0.03473823537841422,1
2006-01-11,0.0017936732606845304,0.0658573888936657,0
2006-01-12,0.0017654630277817087,0.051657247673912644,0
2006-01-13,0.001748169057966653,0.04360094737088945,0
2006-01-17,0.0017468038130832612,0.03360613237658253,1
2006-01-18,0.0017568132762556306,0.047797154239588954,1
2006-01-19,0.0018646625770332784,0.09717325996159448,0
2006-01-20,0.0018073250585493765,0.047976935844022524,1
2006-01-23,0.0018187051370999706,0.034219734809105805,1
2006-01-24,0.00182871460027234,0.04008348119718915,0
2006-01-25,0.0018109673932418537,0.041314594357984256,1
2006-01-26,0.001879226382566086,0.0465907936185347,1
2006-01-27,0.0019183634568040709,0.039665293552093674,0
2006-01-30,0.0018946966625297545,0.032145732531872154,0
2006-01-31,0.00185966053069451,0.03960145805486726,1
2006-02-01,0.0018610257755779015,0.04680965818045383,0
2006-02-02,0.0017986806775181314,0.049294031511285856,1
2006-02-03,0.0018168812845063154,0.05260696354081173,1
2006-02-06,0.0018733123285593562,0.03732292163345918,0
2006-02-07,0.001800045922401523,0.041224703555767475,1
2006-02-08,0.0018573834408854247,0.04053684350402164,0
2006-02-09,0.0018228007090078779,0.04531668920450548,0
2006-02-10,0.0018114206304572843,0.04291699561489217,1
2006-02-13,0.0018182465293897073,0.02834165800327776,1
2006-02-14,0.0018218887013399165,0.035030054794306396,1
2006-02-15,0.0018605670051253707,0.05141753886800122,1
2006-02-16,0.0019615904069705953,0.13963559050440466,1
2006-02-17,0.0019738771226943176,0.25374349594449175,0
2006-02-21,0.0019279196827610098,0.07212759803959887,0
2006-02-22,0.0019242773480685326,0.09988691997634179,0
2006-02-23,0.0018919661727629712,0.03967441290884031,0
2006-02-24,0.0018915129355475406,0.04307072191433537,1
2006-02-27,0.0019757009752879723,0.07021774418380455,0
2006-02-28,0.001958406842730649,0.05901917409894242,1
2006-03-01,0.002039864555446565,0.07428497729280172,1
2006-03-02,0.002043048119686511,0.0570806594076587,1
2006-03-03,0.002050785863544628,0.06254575962938935,0
2006-03-06,0.0020462316839264575,0.05529587101581818,0
2006-03-07,0.002008006617356434,0.063675257100722,0
2006-03-08,0.001997085146516103,0.07068804243888077,1
2006-03-09,0.0020084653878089647,0.056129640775510095,0
2006-03-10,0.001970240321238941,0.05448815656111663,1
2006-03-13,0.001996178672085242,0.03826351814361163,1
2006-03-14,0.0020566999175513578,0.06601893178460601,1
2006-03-15,0.002092647894312296,0.05329612635780708,0
2006-03-16,0.002015291286741388,0.05957284932998783,1
2006-03-17,0.0020330386565141417,0.06501971083822522,0
2006-03-20,0.0020161977611722484,0.029756461064254988,1
2006-03-21,0.00212495890687559,0.13199096402022933,0
2006-03-22,0.0020585183996501798,0.12364284430131398,1
2006-03-23,0.0021003856381704125,0.0697318127457341,1
2006-03-24,0.002177747778978421,0.07254839121519338,1
2006-03-27,0.002241452588684483,0.06858668209140723,1
2006-03-28,0.0022787711808236457,0.0841938097806404,1
2006-03-29,0.0024111937503064704,0.10502632888569279,1
2006-03-30,0.0024289411200792243,0.11330019098538559,0
2006-03-31,0.0024193848941222854,0.08857500931477154,1
2006-04-03,0.0024485068092085327,0.10305263953267206,1
2006-04-04,0.0025718265526921166,0.12820643097037773,1
2006-04-05,0.0025941281020830415,0.11869233635314319,1
2006-04-06,0.0025995887561320727,0.08355415204312674,0
2006-04-07,0.0025923040867471187,0.07197712865327946,0
2006-04-10,0.0025440695570047257,0.06671786534097275,0
2006-04-11,0.002477628887037048,0.07408304867912632,1
2006-04-12,0.002585024950599265,0.06281803756653874,0
2006-04-13,0.002507662972533524,0.07802261079367065,1
2006-04-17,0.0025149474791762104,0.04605144880523399,0
2006-04-18,0.002451237298975316,0.12439323708503672,1
2006-04-19,0.0024676194238646785,0.054042610845781255,0
2006-04-20,0.0024639770891722013,0.05786492408786891,0
2006-04-21,0.0023684145041182763,0.0814593055219008,1
2006-04-24,0.0024466884898519782,0.07134463612463816,0
2006-04-25,0.0024448646372583235,0.07600397603954154,0
2006-04-26,0.002426664030270139,0.033746831023530544,1
2006-04-27,0.00246853143153264,0.04812479969984289,1
2006-04-28,0.00247308007791371,0.02877547883136746,1
2006-05-01,0.0026259803441938045,0.09583922834608741,0
2006-05-02,0.002622338172243595,0.056455332087889755,1
2006-05-03,0.002640544149726612,0.038912946620496665,0
2006-05-04,0.002622338172243595,0.0533534480287859,1
2006-05-05,0.002660563076071351,0.03457799525272343,0
2006-05-08,0.0026478232858744657,0.052538568365212,0
2006-05-09,0.0025613635268197815,0.05883808972925933,0
2006-05-10,0.0025003838363856705,0.0796406452335728,0
2006-05-11,0.0024048210885894775,0.12826049572823275,0
2006-05-12,0.0022100534210468827,0.16811013056313331,1
2006-05-15,0.0022446416861615294,0.05794048447234099,0
2006-05-16,0.0021809313432183675,0.0518774150010813,0
2006-05-17,0.002085368758164442,0.08917362994692535,0
2006-05-18,0.001982526874220396,0.07241746330761675,1
2006-05-19,0.002028031076938273,0.0991326188968705,0
2006-05-22,0.0019979971541840644,0.07764546025393501,0
2006-05-23,0.001974335730404581,0.05565348007681104,1
2006-05-24,0.0020025459633074023,0.06077855856841732,0
2006-05-25,0.001990718018036211,0.04385824350766938,1
2006-05-26,0.0019952668271595486,0.029850911544845087,0
2006-05-30,0.0019042528884866934,0.04658558255753663,1
2006-05-31,0.0019051647334123872,0.06283041383640917,1
2006-06-01,0.0020143792790734264,0.05617588894186801,0
2006-06-02,0.001982526874220396,0.07100396301188905,0
2006-06-05,0.0018915129355475406,0.06094466113773094,0
2006-06-06,0.0018359937364201937,0.08733412541460504,0
2006-06-07,0.0017995926851860924,0.05924324972185962,0
2006-06-08,0.0017631859379726234,0.07717711614673306,0
2006-06-09,0.0017568132762556306,0.0449610342913869,0
2006-06-12,0.0016494227459305138,0.048153460535332294,0
2006-06-13,0.0016212071425328596,0.05567888399917665,1
2006-06-14,0.001673996014635691,0.05002748834676484,1
2006-06-15,0.001836905744088155,0.0887678185717003,0
2006-06-16,0.0017850288796532848,0.052519678269093976,0
2006-06-19,0.001725872879070561,0.03999098486447333,0
2006-06-20,0.0016958387935740848,0.05603388752967048,1
2006-06-21,0.0017167698903290524,0.045758978006717056,0
2006-06-22,0.0016612506912017054,0.05565608560731008,1
2006-06-23,0.001662162536127399,0.034254258088218054,0
2006-06-26,0.0016448684035700754,0.028449787518987805,0
2006-06-27,0.001586624410655313,0.06392603941125434,1
2006-06-28,0.0016849174854760215,0.08833790603935915,1
2006-06-29,0.0017695585996896162,0.07251907899707921,0
2006-06-30,0.001751352622206599,0.04869736502700633,1
2006-07-03,0.0017795682256042532,0.01682912149328164,0
2006-07-05,0.001691284613955914,0.04777109893459858,0
2006-07-06,0.001633040458298884,0.04895726669428529,0
2006-07-07,0.0015766094142458432,0.05662143465720338,0
2006-07-10,0.001500159281105796,0.04670869387361614,1
2006-07-11,0.0015565903251588368,0.06306491158132252,0
2006-07-12,0.001472855685376103,0.04791505449467039,0
2006-07-13,0.0014300818096827416,0.05655108533372937,0
2006-07-14,0.0014218906658669266,0.05997800932258813,1
2006-07-17,0.0014346306188060794,0.05244998032824473,1
2006-07-18,0.001522914067712151,0.10418343976925423,1
2006-07-19,0.0015975458814956438,0.11245795325157179,0
2006-07-20,0.0015620511419501357,0.052753524631382574,0
2006-07-21,0.0014309936546084351,0.06668399344448528,1
2006-07-24,0.0015939035468031666,0.10460097603172495,1
2006-07-25,0.0016567018820783674,0.06019036005825966,0
2006-07-26,0.0016567018820783674,0.05163705481254511,1
2006-07-27,0.001683093470140099,0.07324341647581156,1
2006-07-28,0.0018769492927570007,0.08637529019095934,0
2006-07-31,0.00182871460027234,0.062433070435305986,0
2006-08-01,0.0017477158207512224,0.06310660006930711,1
2006-08-02,0.0018960617446708784,0.08002170406905698,1
2006-08-03,0.0020271192320125793,0.09454688521856494,0
2006-08-04,0.001997085146516103,0.08669381629446664,0
2006-08-07,0.001971605403380065,0.04521311936716875,1
2006-08-08,0.0020289430846062344,0.06515194151105136,0
2006-08-09,0.002028031076938273,0.06134135315620937,0
2006-08-10,0.0020125607969746044,0.11425902620903129,0
2006-08-11,0.0019433897999824108,0.1719207189179753,0
2006-08-14,0.0019324684918843476,0.08573628383607045,1
2006-08-15,0.002136333614931351,0.09580665921484945,1
2006-08-16,0.002302885679076292,0.10960229182462697,0
2006-08-17,0.0022637541380754076,0.08625869270112742,1
2006-08-18,0.0023037976867442533,0.07015586283445242,0
2006-08-21,0.0022118772736405374,0.05216923441697347,0
2006-08-22,0.0022082349389480603,0.049314875755278154,0
2006-08-23,0.002206416619591506,0.050561622099067484,1
2006-08-24,0.0022309898882966832,0.026177113541202557,0
2006-08-25,0.002223705218911729,0.023735731463604647,1
2006-08-28,0.002306528013768769,0.08086719871599458,1
2006-08-29,0.0024193848941222854,0.07689376470496276,1
2006-08-30,0.00247308007791371,0.07185662286769899,0
2006-08-31,0.0024630706147413407,0.05336973259440488,0
2006-09-01,0.0023520322164866463,0.06362510063861554,1
2006-09-05,0.0024075514156139933,0.05750340673112749,0
2006-09-06,0.002277405935940254,0.05144750246874015,1
2006-09-07,0.0023265524733506082,0.0785085422317411,1
2006-09-08,0.0023347436171664232,0.04649764590319412,1
2006-09-11,0.0023738751581673075,0.06281347788816542,1
2006-09-12,0.002441227673060679,0.051975122394795195,1
2006-09-13,0.002462158769815647,0.04957086912680857,0
2006-09-14,0.00245214914390101,0.04441712979971287,1
2006-09-15,0.00250402600833588,0.06840429495647463,1
2006-09-18,0.0026059558846119654,0.08405180836844287,0
2006-09-19,0.002533148086164395,0.07473247715601136,1
2006-09-20,0.002632353005910797,0.053435522239505574,0
2006-09-21,0.00260959838204671,0.05639084520803858,0
2006-09-22,0.0025267754244474023,0.06879186761820641,1
2006-09-25,0.0026241618620949825,0.07217384620595677,0
2006-09-26,0.002565000491017426,0.053895398372585654,0
2006-09-27,0.002556809347201611,0.06062874056472268,0
2006-09-28,0.0025049324827667407,0.06814178775869661,1
2006-09-29,0.0025067564981026635,0.03845437325266611,0
2006-10-02,0.0024384973460361632,0.06815220988069276,0
2006-10-03,0.0023893508086258093,0.09640593122962801,1
2006-10-04,0.0026423626318254345,0.15640804170933223,0
2006-10-05,0.0025622700012506426,0.06980672174758143,1
2006-10-06,0.002628710833960588,0.062308004971352186,1
2006-10-09,0.0028098267036383365,0.09907790275639072,0
2006-10-10,0.0027415677143141043,0.06567760728923214,1
2006-10-11,0.0027579496764611987,0.050185122941956595,1
2006-10-12,0.002769777784474658,0.04288703201415324,1
2006-10-13,0.0028871833112092448,0.06128533425048007,0
2006-10-16,0.002881722657160213,0.04986203716007598,0
2006-10-17,0.0027643168049410914,0.05502294169604403,0
2006-10-18,0.0026860485151867573,0.0871843074109104,1
2006-10-19,0.002740655706646143,0.049218471126813775,0
2006-10-20,0.002706979449199457,0.036889752187994236,0
2006-10-23,0.002687866671801044,0.028288244628047493,1
2006-10-24,0.0027716014743260453,0.05423932839845857,1
2006-10-25,0.002798905070055738,0.04014210563341749,1
2006-10-26,0.0028935559729262373,0.03767271410295493,0
2006-10-27,0.002760680166227982,0.059417820265295115,1
2006-10-30,0.0027961749057734903,0.049929780953050944,1
2006-10-31,0.0029873000758813407,0.10601187079695362,0
2006-11-01,0.002742474188744965,0.12559308387984336,0
2006-11-02,0.002722454936915691,0.09154791961417305,1
2006-11-03,0.002780699092572721,0.057364010849429,1
2006-11-06,0.0028708010235776148,0.07815744699699582,1
2006-11-07,0.002917217396705721,0.05792680543722105,1
2006-11-08,0.002962726969918431,0.06824796312653239,1
2006-11-09,0.003025525305193632,0.12898222767646608,0
2006-11-10,0.0029481631643856233,0.1408627953694512,1
2006-11-13,0.003090142122567655,0.09039041268997575,1
2006-11-14,0.0031229063723463794,0.0660990518474514,0
2006-11-15,0.0030682991808869933,0.05126511533380754,1
2006-11-16,0.003110166582149494,0.04749686684957491,1
2006-11-17,0.0031192638749116346,0.03712099301978379,1
2006-11-20,0.003150209968076072,0.06393906706374952,0
2006-11-21,0.0030983329408989344,0.039919332775749806,1
2006-11-22,0.0031547586144571424,0.023946779434026663,1
2006-11-24,0.003179332045904587,0.013533125411999511,0
2006-11-27,0.003027343787292454,0.061405188653435784,1
2006-11-28,0.003087411632800871,0.050078947574120826,1
2006-11-29,0.003135646162543264,0.060807870786531486,1
2006-11-30,0.0031802440535725483,0.06122475566637745,0
2006-12-01,0.003048274721305154,0.08308711070117432,1
2006-12-04,0.003179332045904587,0.0653434480027306,0
2006-12-05,0.0031447493140270406,0.06987967660155446,0
2006-12-06,0.003140200342161435,0.0497832198624801,0
2006-12-07,0.0030601080370711783,0.05072251360738303,0
2006-12-08,0.00304918640348858,0.05918657943350556,1
2006-12-11,0.0031047056026159273,0.05382635181436116,0
2006-12-12,0.0030710293451692416,0.059540280198749865,1
2006-12-13,0.0031092545744815328,0.051271629160055135,1
2006-12-14,0.003167503937891128,0.07552781534084248,1
2006-12-15,0.0032266601012161194,0.07886224299698541,1
2006-12-18,0.003285816264541111,0.07259398799892652,1
2006-12-19,0.003335874484134891,0.057098246738527196,0
2006-12-20,0.003295831098208313,0.03114846573336564,0
2006-12-21,0.0032657970127118368,0.03780624754103059,0
2006-12-22,0.003183886225522758,0.03805051602531533,0
2006-12-26,0.0031829742178547966,0.022636848975635684,1
2006-12-27,0.0032275721088840807,0.026627870317536002,0
2006-12-28,0.0032029986774366357,0.021086558328708517,0
2006-12-29,0.003182062210186835,0.03977928551142655,0
2007-01-03,0.0030974212587155086,0.12323507877821466,0
2007-01-04,0.00308195097875184,0.0844211423166814,0
2007-01-05,0.0028771736852946077,0.13284557802391356,1
2007-01-08,0.0028999286346432303,0.06921917462004852,0
2007-01-09,0.0028398604636502775,0.08082420746276046,1
2007-01-10,0.0029891185579801628,0.11823311160268787,0
2007-01-11,0.0029772852422141386,0.09823110534420361,1
2007-01-12,0.0030200646511446003,0.07366160412090704,1
2007-01-16,0.003025525305193632,0.07514610512273352,0
2007-01-17,0.0029581727903002604,0.07471944950351617,0
2007-01-18,0.0026978818309527815,0.16088694863717729,1
2007-01-19,0.002715170593015272,0.10019632672310247,0
2007-01-22,0.002715170593015272,0.07718493273823017,1
2007-01-23,0.0027160822751986983,0.06629707216537824,1
2007-01-24,0.0028061842062035917,0.07230803102665719,0
2007-01-25,0.0027015184696658904,0.06476957991031765,0
2007-01-26,0.0026778573713709423,0.08792623222051127,0
2007-01-29,0.0025604518446363557,0.13446752075956425,1
2007-01-30,0.0026132405539969193,0.06692891331139478,0
2007-01-31,0.002603225720329717,0.048668704191516914,1
2007-02-01,0.0026387201343906898,0.06852740627255413,1
2007-02-02,0.0027124401032484887,0.0615458873003838,1
2007-02-05,0.002759768158560021,0.060820247056401926,1
2007-02-06,0.0028644338950977225,0.08204229297106039,1
2007-02-07,0.002983657903931131,0.08048679126313514,0
2007-02-08,0.0029427025103365917,0.07671072618740539,0
2007-02-09,0.002785253272190892,0.099691505188914,1
2007-02-12,0.002850782097232876,0.08355936310412482,1
2007-02-13,0.0029081197784590453,0.09011357507445304,0
2007-02-14,0.002867164384864506,0.11531296329589187,1
2007-02-15,0.0028853648291104223,0.050916625629561306,0
2007-02-16,0.0027916207261553193,0.09720582909283246,1
2007-02-20,0.0028180178474541515,0.06577857159606983,0
2007-02-21,0.0027734199564248673,0.06900877803225126,1
2007-02-22,0.0027925324083387455,0.06902180568474645,0
2007-02-23,0.002785253272190892,0.041620092808996374,0
2007-02-26,0.0027397436989781815,0.05150156722659517,0
2007-02-27,0.0026514657833092104,0.07544639251274757,0
2007-02-28,0.002635083495677581,0.08254841727049837,0
2007-03-01,0.0026004952305629337,0.08875609368445463,0
2007-03-02,0.0025231386229920254,0.07198299109690229,0
2007-03-05,0.002431212839393477,0.06990182361079629,1
2007-03-06,0.0025859369582672265,0.08536304159208337,0
2007-03-07,0.002507662972533524,0.08597990093773043,1
2007-03-08,0.002618701208045951,0.08152509516700149,0
2007-03-09,0.0025904856046482967,0.05814957829488873,0
2007-03-12,0.002574103642501202,0.04432984452799512,0
2007-03-13,0.002457609960692309,0.06485491103416112,0
2007-03-14,0.0024448646372583235,0.103345110331189,0
2007-03-15,0.002418472886454324,0.06905437481598442,0
2007-03-16,0.002393899617749147,0.05492979398070344,1
2007-03-19,0.0024066395706883,0.04796651372202637,0
2007-03-20,0.002393899617749147,0.0691344948788298,1
2007-03-21,0.00254133922998021,0.13556314633440944,1
2007-03-22,0.002601407238230895,0.0859036891706336,0
2007-03-23,0.002570461145066457,0.05482036169974388,1
2007-03-26,0.0025759221246000243,0.046427947962344875,0
2007-03-27,0.0025240450974228865,0.048782044768225036,0
2007-03-28,0.0024721682329880163,0.04774895192535676,0
2007-03-29,0.0024257520226021777,0.07592255321144663,1
2007-03-30,0.002433036691987132,0.060965505381723246,0
2007-04-02,0.0024303063649626163,0.04137908123783543,0
2007-04-03,0.002420291368553146,0.04929272874603634,0
2007-04-04,0.002414830551761847,0.037130112376530425,1
2007-04-05,0.0026259803441938045,0.1425681150810711,0
2007-04-09,0.002575015324684628,0.06744741388070319,0
2007-04-10,0.002546800046771509,0.08408698303017986,0
2007-04-11,0.002497653346618887,0.08581640389891584,1
2007-04-12,0.002574103642501202,0.07859582750345885,1
2007-04-13,0.0025968582663652893,0.06720249401379369,0
2007-04-16,0.002582294786317017,0.07080073163296413,1
2007-04-17,0.0026086863743787487,0.11284422314805406,1
2007-04-18,0.0026432746394933954,0.07209958858673421,1
2007-04-19,0.0026824060177520126,0.059533766372502274,1
2007-04-20,0.0027160822751986983,0.061921735074869914,0
2007-04-23,0.002668754219887166,0.06248843795841052,1
2007-04-24,0.0027761504461916507,0.10947657497804841,1
2007-04-25,0.002827115140216292,0.053191905137845594,1
2007-04-26,0.0028644338950977225,0.052152949851354484,0
2007-04-27,0.002823478501503183,0.058014090708938794,0
2007-04-30,0.002807096213871553,0.059026990690439526,1
2007-05-01,0.0028389487814668517,0.05698230063132004,0
2007-05-02,0.002803454041921344,0.06947842490470273,1
2007-05-03,0.0028598797154795515,0.05217249133009726,1
2007-05-04,0.002881722657160213,0.04185849884965828,0
2007-05-07,0.0028207480117363997,0.058344341699691764,1
2007-05-08,0.002843497427847922,0.0778858204424712,1
2007-05-09,0.002857149225712768,0.04322900789215188,0
2007-05-10,0.0028007235521545605,0.08499501040909435,1
2007-05-11,0.0030118735073287853,0.1640344294800143,0
2007-05-14,0.0029800154064963864,0.0772852456624431,0
2007-05-15,0.0029518053363358325,0.06532064961086403,1
2007-05-16,0.002991849047746946,0.05465360774780549,0
2007-05-17,0.002939060012901847,0.04602930179599218,1
2007-05-18,0.003000951873746187,0.06346486051292474,1
2007-05-21,0.003010961499660824,0.06797047412838492,1
2007-05-22,0.00302825546947588,0.04147744001417408,0
2007-05-23,0.0029427025103365917,0.04652695812130829,0
2007-05-24,0.0028298456299830754,0.06384852487890798,1
2007-05-25,0.0028771736852946077,0.03140706463539509,1
2007-05-29,0.002909937935073332,0.03219588899397862,1
2007-05-30,0.002917217396705721,0.03386863957436054,1
2007-05-31,0.00296636360863154,0.05014473721922152,1
2007-06-01,0.0029882065503122014,0.04444644201782704,1
2007-06-04,0.0030055008456117928,0.03282121631374756,1
2007-06-05,0.0031001514229977564,0.07370459537414116,1
2007-06-06,0.0031247248544452014,0.10107895017965134,0
2007-06-07,0.0030892301148996936,0.08383098965864946,1
2007-06-08,0.003140200342161435,0.05575704991414777,1
2007-06-11,0.003152028450174894,0.045048970945729405,0
2007-06-12,0.0031174457182973478,0.05505160253153343,1
2007-06-13,0.003196626015719643,0.06161558524123304,1
2007-06-14,0.0032566941867125956,0.0530733535001394,1
2007-06-15,0.0034132366249428996,0.11532924786151086,1
2007-06-18,0.0034150551070417216,0.0723015172004096,1
2007-06-19,0.0034378100563903446,0.051271629160055135,1
2007-06-20,0.0034414466951034534,0.08718886708928372,1
2007-06-21,0.003725404285982981,0.13870606749887313,1
2007-06-22,0.003783653974877112,0.09368380324075884,0
2007-06-25,0.00367898823833941,0.08685340503753268,0
2007-06-26,0.003499696383997584,0.0921491457768259,1
2007-06-27,0.0035989011410017184,0.06442825541494376,1
2007-06-28,0.0036353023549780873,0.0627340092079448,0
2007-06-29,0.0035734160273708476,0.0539442520694426,1
2007-07-02,0.0037299587910856868,0.05907714715254599,1
2007-07-03,0.0037363259195655795,0.023785236543086355,1
2007-07-05,0.0037781933208280803,0.03838923499019018,1
2007-07-06,0.003797305772741958,0.028556614269448333,1
2007-07-09,0.003912892817377722,0.05613876013225673,1
2007-07-10,0.003952936528788836,0.05786166717474511,0
2007-07-11,0.003934735759058384,0.06111402062016837,1
2007-07-12,0.004013916381965215,0.045493865278440015,0
2007-07-13,0.003988431268334344,0.038317582901466654,1
2007-07-16,0.00406396939380643,0.05667354526718413,0
2007-07-17,0.0040457686240759775,0.06775812339271338,0
2007-07-18,0.003968406808752504,0.057644756760700265,0
2007-07-19,0.003963857836886899,0.042089739681447844,0
2007-07-20,0.003918353796911289,0.05275873569238065,1
2007-07-23,0.003959309190505828,0.036997881703704286,0
2007-07-24,0.003850094482102522,0.04753790395493474,0
2007-07-25,0.0038309820301886434,0.045327111326501635,1
2007-07-26,0.0038510009565333823,0.07497283734454754,0
2007-07-27,0.0038409916561032804,0.0646822946385999,1
2007-07-30,0.003953848536456797,0.05628792675332661,1
2007-07-31,0.003978421642419707,0.07510571939999844,0
2007-08-01,0.003947475874739805,0.07449081420222566,0
2007-08-02,0.003929275105009352,0.04873709936711664,0
2007-08-03,0.003685360900056403,0.06554342246853172,1
2007-08-06,0.0037181251498351275,0.054829481056490506,1
2007-08-07,0.003780011802926902,0.059284938209844214,1
2007-08-08,0.003962945829218937,0.06959632515978417,1
2007-08-09,0.004012092366629292,0.133767284437948,0
2007-08-10,0.003817330232323797,0.12173624735864347,0
2007-08-13,0.003773644348962474,0.07390261569206799,1
2007-08-14,0.0039274510896734295,0.11643399279310265,0
2007-08-15,0.003753619889380635,0.07333070174752931,0
2007-08-16,0.0036880913898231864,0.08254646312262409,1
2007-08-17,0.003916529781575367,0.07697518753305768,0
2007-08-20,0.003900147493943737,0.05428231965169268,1
2007-08-21,0.004121307075032599,0.07552325566246916,1
2007-08-22,0.004219600149853307,0.05932727808045357,0
2007-08-23,0.004182286928208978,0.07038254398786865,1
2007-08-24,0.004205041552073065,0.03712490131553235,1
2007-08-27,0.004304241101324635,0.06690416077165393,0
2007-08-28,0.004030298669596844,0.05866156503794955,1
2007-08-29,0.0042696583694470875,0.05633156938918549,0
2007-08-30,0.004244173255816217,0.04841727049835982,1
2007-08-31,0.004469886691038714,0.0761199221467487,1
2007-09-04,0.004613684131319568,0.07204161553313063,0
2007-09-05,0.004577277384106099,0.06911104510433848,1
2007-09-06,0.004598213851355899,0.04405691520822097,0
2007-09-07,0.004423470643395143,0.06325185839462845,1
2007-09-10,0.004436210433592029,0.09254323226480528,1
2007-09-11,0.004534503508412738,0.041877823200859476,0
2007-09-12,0.0043488389923539185,0.05805686483463132,1
2007-09-13,0.004350204074495043,0.04702808848728979,0
2007-09-14,0.004216416260128826,0.050767459008491424,0
2007-09-17,0.004206860034171887,0.03855620606967015,1
2007-09-18,0.004591841189638907,0.08957162473065329,0
2007-09-19,0.004504469748400797,0.05446427253154212,0
2007-09-20,0.004477165827186568,0.03305679969636885,1
2007-09-21,0.004522216792689015,0.047534864169352535,1
2007-09-24,0.0046423528091903855,0.04740762742998288,1
2007-09-25,0.004703786062324462,0.037027628176901625,1
2007-09-26,0.0048198265069179244,0.05410297230234228,1
2007-09-27,0.004834843386923895,0.03893096820644834,0
2007-09-28,0.004761123743550631,0.04175492901232156,1
2007-10-01,0.004969996283431236,0.04109355852064926,0
2007-10-02,0.004920849746020881,0.028799797116025143,0
2007-10-03,0.004703786062324462,0.048584024450298205,1
2007-10-04,0.004725629004005123,0.03900652859092042,1
2007-10-05,0.004855321246463432,0.035300595711123095,1
2007-10-08,0.004937232033652511,0.02527408009574456,0
2007-10-09,0.004847130102647618,0.041615533130623064,1
2007-10-10,0.004852590756696648,0.04010953650217953,0
2007-10-11,0.004628701011325538,0.055304990372564804,1
2007-10-12,0.004746106538060125,0.042369399955011176,1
2007-10-15,0.004781601277605633,0.0365013110160961,1
2007-10-16,0.00482665224310808,0.027866148687203458,1
2007-10-17,0.005211633398575099,0.07580617284915629,0
2007-10-18,0.005207537826667192,0.03484245659837571,0
2007-10-19,0.004918119581738633,0.05277154621733425,1
2007-10-22,0.005159756371397962,0.05623342774038841,1
2007-10-23,0.0051856948849865305,0.02981291422506746,0
2007-10-24,0.005004125940835619,0.05925627737435481,0
2007-10-25,0.004550885796044368,0.08538670849411628,0
2007-10-26,0.004509930402449828,0.06480171478647244,0
2007-10-29,0.004399350611905397,0.08622308378430725,1
2007-10-30,0.004567268083675997,0.0548824601766376,1
2007-10-31,0.004643718216816044,0.04728039069061323,0
2007-11-01,0.004643718216816044,0.06161601949631621,1
2007-11-02,0.004829382732874863,0.051259904272809464,0
2007-11-05,0.004829382732874863,0.04526631561485743,1
2007-11-06,0.004987743653203989,0.05807510354812458,0
2007-11-07,0.004742010966152218,0.057222660819856226,0
2007-11-08,0.004433480269309781,0.10608243724796922,0
2007-11-09,0.004367951444267796,0.09242858892284765,0
2007-11-12,0.00391334621733542,0.0755660297881617,1
2007-11-13,0.004275119023496119,0.07675632297113855,0
2007-11-14,0.004205494952030763,0.07024510225404444,0
2007-11-15,0.00414679218866347,0.051758429108291926,1
2007-11-16,0.004243719855858519,0.04385020978863068,0
2007-11-19,0.003944745384973021,0.05957241507490466,0
2007-11-20,0.00391334621733542,0.06545830847222983,0
2007-11-21,0.003869660333974098,0.06826185928919391,1
2007-11-23,0.003939284730923989,0.013276914912927512,0
2007-11-26,0.003843721820385529,0.0397577898848095,1
2007-11-27,0.004017099946205161,0.04767860260188276,1
2007-11-28,0.00429832737280244,0.06023856237249185,1
2007-11-29,0.004335187194489072,0.05096026826542018,0
2007-11-30,0.004119488592933777,0.06871826138160861,1
2007-12-03,0.004182286928208978,0.0511344045537725,0
2007-12-04,0.00417819135630107,0.038217921359878476,1
2007-12-05,0.004404811265954428,0.07024336523371175,1
2007-12-06,0.004497643686726106,0.03815712564823428,0
2007-12-07,0.004438940923358812,0.03263557226569116,1
2007-12-10,0.00448945254291029,0.0343799749347966,1
2007-12-11,0.004494913196959322,0.061094913396508764,1
2007-12-12,0.004656004607055232,0.06490202771068537,0
2007-12-13,0.0045235822003146745,0.05218486759996769,1
2007-12-14,0.004601397415595846,0.03629677687192168,0
2007-12-17,0.004357030136169733,0.052949590801435124,1
2007-12-18,0.004473070580763196,0.040951991363534904,1
2007-12-19,0.004516756138639983,0.025388289182619025,1
2007-12-20,0.004615049213460692,0.02825480698664318,0
2007-12-21,0.004613684131319568,0.04491587176273692,1
2007-12-24,0.0046983254082754305,0.009154965663450573,1
2007-12-26,0.004763853907832879,0.021241587393401234,0
2007-12-27,0.004610953641552785,0.02406728521960714,0
2007-12-28,0.00456317251176809,0.026314121019943598,0
2007-12-31,0.0044580533752726905,0.0278526867796251,0
2008-01-02,0.004320170314483102,0.0504044217589589,0
2008-01-03,0.004284675574937594,0.0494646937589728,0
2008-01-04,0.003909250645427513,0.07777638816151164,0
2008-01-07,0.0034860445861327376,0.10716546942540237,1
2008-01-08,0.0035638598014139087,0.118038782452968,1
2008-01-09,0.003757715461288543,0.0783131274443133,0
2008-01-10,0.0036758046740994637,0.058054693559215456,0
2008-01-11,0.0035065221201877393,0.06002838291223618,1
2008-01-14,0.0037522548072395114,0.05639974743724363,0
2008-01-15,0.003462836562310952,0.07664732494526215,0
2008-01-16,0.0030505518111142394,0.1568520675318765,0
2008-01-17,0.0029945792120291944,0.12096392469322051,1
2008-01-18,0.0032048171595354578,0.09778859941445045,0
2008-01-22,0.0030355346056237338,0.07484516635009472,1
2008-01-23,0.0030942376944755622,0.09881474417598796,1
2008-01-24,0.00334543071009183,0.06268602402125419,0
2008-01-25,0.0032198340395414283,0.07255664206177366,0
2008-01-28,0.0031788786459468893,0.060570767511119096,1
2008-01-29,0.0032826323748166293,0.04286141096424604,0
2008-01-30,0.0032525986148046883,0.0554539398660931,0
2008-01-31,0.0031706878276156094,0.06177582536692384,1
2008-02-01,0.003480583932083706,0.062253071703330824,0
2008-02-04,0.0033659085696313676,0.05921589165161973,0
2008-02-05,0.003143383906401381,0.05159471494193575,0
2008-02-06,0.0031324625983033183,0.058374739555513866,1
2008-02-07,0.0031652268480820427,0.06996370496014842,1
2008-02-08,0.0032252950190749955,0.040630208346903805,1
2008-02-11,0.0032362163271730583,0.052550510379999256,1
2008-02-12,0.003363178079864584,0.06405349327816558,1
2008-02-13,0.003502426548279832,0.07845165481584546,0
2008-02-14,0.002900381709116393,0.2349988752793346,0
2008-02-15,0.0028539656614728222,0.08659958294141813,0
2008-02-19,0.002808914695970375,0.05850805586604794,0
2008-02-20,0.002787071754289714,0.08026510404317538,0
2008-02-21,0.0027201778471066056,0.06780806272727827,1
2008-02-22,0.002860791723147513,0.07636071659036806,0
2008-02-25,0.002859426315521854,0.0707948691893413,1
2008-02-26,0.0028853648291104223,0.05924759227269135,1
2008-02-27,0.002933146284379653,0.05625079794371533,0
2008-02-28,0.002815740432160531,0.0525370484724209,0
2008-02-29,0.0027338296449714522,0.056550433951104616,0
2008-03-03,0.0026997003130516035,0.046611637862527,0
2008-03-04,0.002671031309696251,0.08242248329637823,1
2008-03-05,0.002703795884959511,0.06784975121526286,0
2008-03-06,0.002522226615324064,0.11460035070440518,0
2008-03-07,0.0024826364666129166,0.08118615907458505,0
2008-03-10,0.002329736200332822,0.08211980750340674,1
2008-03-11,0.0024130122324052925,0.09100466650512379,0
2008-03-12,0.002342022753314277,0.07856108709680502,1
2008-03-13,0.0025031141634101863,0.13036858702949547,0
2008-03-14,0.002314719157584584,0.12325158047137522,0
2008-03-17,0.002251920822309383,0.08481783433515983,1
2008-03-18,0.002403455843706086,0.11459731091882297,0
2008-03-19,0.0022246172265796903,0.09345125964371977,1
2008-03-20,0.002342022753314277,0.06663427123746198,1
2008-03-24,0.002548165128912633,0.09420729774352375,1
2008-03-25,0.0025877554403660485,0.0776999592668732,0
2008-03-26,0.002499018591502279,0.07620872731125755,0
2008-03-27,0.0024607935249322554,0.0631437288789184,1
2008-03-28,0.0025003838363856705,0.05885328865717038,1
2008-03-31,0.002515400716391641,0.059743945832757946,1
2008-04-01,0.00268058753565319,0.0713472416551372,0
2008-04-02,0.00259321609441508,0.06479693798055754,0
2008-04-03,0.00254133922998021,0.08927242297834719,0
2008-04-04,0.0023775174928597847,0.16456617482935948,1
2008-04-07,0.0024389505832515938,0.07706030152935955,0
2008-04-08,0.0024239335405033557,0.06728739088255398,1
2008-04-09,0.0024758105676804935,0.07116919707103632,1
2008-04-10,0.0025276874321153633,0.11643507843081058,0
2008-04-11,0.0023433879981976688,0.11796539334391179,0
2008-04-14,0.0022587467212418066,0.08254364046458347,1
2008-04-15,0.002287415561854891,0.045622404783059185,1
2008-04-16,0.002385708473933332,0.06808642023559208,0
2008-04-17,0.002350213897130092,0.06267256211367583,1
2008-04-18,0.002410281742638509,0.060129130091532285,1
2008-04-21,0.002526322187231972,0.07167510424293272,0
2008-04-22,0.0024758105676804935,0.06166291904529888,1
2008-04-23,0.002604137402513143,0.1086523588301863,0
2008-04-24,0.0025372436580723026,0.06905567758123393,1
2008-04-25,0.002564547416544263,0.05781324773297134,0
2008-04-28,0.002515400716391641,0.05602107700471688,1
2008-04-29,0.0025713731527344185,0.060114799673787585,1
2008-04-30,0.002619154608003649,0.1138443126046012,1
2008-05-01,0.002748846850461958,0.10801487236808852,1
2008-05-02,0.002888095318877206,0.12065082677825287,0
2008-05-05,0.0028116451857371585,0.10028165784694594,1
2008-05-06,0.00288946040101833,0.07701036219479468,0
2008-05-07,0.0028184709219273144,0.07555517341108237,0
2008-05-08,0.0028102797781114994,0.14551019326956732,1
2008-05-09,0.00288946040101833,0.21828613414834327,0
2008-05-12,0.0028020886342956844,0.10714940198732498,0
2008-05-13,0.002740655706646143,0.09058865013544416,1
2008-05-14,0.002826662065743129,0.07941092429457434,1
2008-05-15,0.0030601080370711783,0.12439063155453767,1
2008-05-16,0.0031461143961681644,0.11636690038275244,0
2008-05-19,0.0030764903247028083,0.12363806749539907,0
2008-05-20,0.002991849047746946,0.08160999203576179,0
2008-05-21,0.0029659105341583772,0.11366409674508446,1
2008-05-22,0.0030423606672984244,0.07310988303773591,0
2008-05-23,0.0029686410239251606,0.08500456402092416,1
2008-05-27,0.0030027703558450094,0.08828145287854668,1
2008-05-28,0.0030328044413414855,0.07947475979180076,0
2008-05-29,0.0030246132975256705,0.07314809748505512,1
2008-05-30,0.00318570470762158,0.08799788430923479,1
2008-06-02,0.0031993565054864266,0.07762092484173574,0
2008-06-03,0.0030846811430340878,0.08913259284156551,1
2008-06-04,0.0031229063723463794,0.08815855869000876,1
2008-06-05,0.003206182241676582,0.08773906827966375,0
2008-06-06,0.0030983329408989344,0.08307256315588803,0
2008-06-09,0.003047821321347456,0.06711803140011656,0
2008-06-10,0.0028566961512396056,0.13087666547680774,0
2008-06-11,0.002714717193057574,0.10636513730711476,1
2008-06-12,0.002732464562830328,0.08753627115582202,0
2008-06-13,0.002722908336873389,0.07448212910056219,0
2008-06-16,0.002683318025419974,0.06631248822083087,0
2008-06-17,0.0026136939539546174,0.07254578568469434,0
2008-06-18,0.002531783004023271,0.11351341023122347,0
2008-06-19,0.00252495694234858,0.08307820847196927,0
2008-06-20,0.0025113051444837337,0.0783100876587311,0
2008-06-23,0.002455332708140956,0.08217582640913604,1
2008-06-24,0.002542704312121334,0.11499595708517567,1
2008-06-25,0.0025577213548695723,0.09567681694498076,0
2008-06-26,0.0024171076415709326,0.08965760723712152,1
2008-06-27,0.002445776482184017,0.06127990606194041,0
2008-06-30,0.0023693263490439697,0.0688576572633071,1
2008-07-01,0.0023734219209518774,0.09355852064926347,0
2008-07-02,0.0022751288461311686,0.08071890060509104,0
2008-07-03,0.0015188184958042435,0.32219990151094713,0
2008-07-07,0.0014655765492282494,0.23699601440684664,0
2008-07-08,0.0014560201605290427,0.19385233763853824,0
2008-07-09,0.0014273514826582258,0.15128231183510119,0
2008-07-10,0.0014232559107503183,0.11261450220905561,0
2008-07-11,0.001406873785860956,0.08555693648672005,0
2008-07-14,0.0013345190618865486,0.0936510169819793,1
2008-07-15,0.0013509013495181786,0.11972456068584511,1
2008-07-16,0.0013590923305917258,0.11016096098912886,1
2008-07-17,0.001364553147383025,0.09145412051620772,1
2008-07-18,0.0013918567431127178,0.09554046084886447,1
2008-07-21,0.0014014129690696569,0.059922424671942,0
2008-07-22,0.0013672834744075408,0.05821667070523894,1
2008-07-23,0.0014136996847933792,0.06244544670517641,0
2008-07-24,0.001319502181880578,0.07446910144806701,1
2008-07-25,0.0013918567431127178,0.11072636110741996,0
2008-07-28,0.0013877611712048105,0.07763699227981313,1
2008-07-29,0.0014041432960941727,0.08087523243503328,0
2008-07-30,0.0013809352722723872,0.0617523755924325,0
2008-07-31,0.0013754746182233555,0.050759642416994315,0
2008-08-01,0.0012935636682920091,0.09351466088586301,0
2008-08-04,0.0012580689287465014,0.05453939866093103,1
2008-08-05,0.0013413449608189719,0.07232127580669397,1
2008-08-06,0.0013823005171557789,0.08632817351443509,0
2008-08-07,0.0013577272484506017,0.08680238006525987,0
2008-08-08,0.0013154066099726705,0.0905513041982913,1
2008-08-11,0.001346805777610271,0.12775306866354524,0
2008-08-12,0.0013249628359296097,0.15103261516227678,1
2008-08-13,0.001487419328166643,0.22533279138298953,1
2008-08-14,0.0015884427300118674,0.1753982336240237,0
2008-08-15,0.001582982075962836,0.08228829847567781,1
2008-08-18,0.0016184768155083438,0.09491600203926188,1
2008-08-19,0.0016457804112380368,0.10796232750302459,1
2008-08-20,0.0017358823422429304,0.12202698113682771,0
2008-08-21,0.0016730840069677296,0.10876787068231028,0
2008-08-22,0.001671718762084338,0.04772289662036639,0
2008-08-25,0.001644415166354645,0.04906213929687154,0
2008-08-26,0.0016007294457355899,0.06442521562936156,1
2008-08-27,0.0016143812436004363,0.04721872646880268,0
2008-08-28,0.0016075553446680132,0.03751008557430669,0
2008-08-29,0.0015392963553437808,0.053882804975173636,0
2008-09-02,0.001495610471982458,0.07319890532978635,0
2008-09-03,0.0014055085409775644,0.07547092792494683,0
2008-09-04,0.001383665599296903,0.0756090210413958,1
2008-09-05,0.001406873785860956,0.08374826406530503,0
2008-09-08,0.0013413449608189719,0.14060745338054556,0
2008-09-09,0.0012894680963841016,0.11709862019789874,1
2008-09-10,0.0012908333412674933,0.06780936549252778,0
2008-09-11,0.0012198438621764778,0.11369840289665512,0
2008-09-12,0.0012048269821705072,0.1291387766339499,0
2008-09-15,0.0010833258021568793,0.091660825935798,1
2008-09-16,0.0011229160322391608,0.13257373434184735,1
2008-09-17,0.0011788884685819383,0.1490472009220104,1
2008-09-18,0.0013003895672244325,0.1727662135649129,1
2008-09-19,0.0013713790463154483,0.11808090519603578,0
2008-09-22,0.001338614633794456,0.07386592113753988,0
2008-09-23,0.0012949289131754008,0.0870451286567535,1
2008-09-24,0.0013495361046347867,0.09188359879346568,1
2008-09-25,0.0013795700273889955,0.06173457113402241,1
2008-09-26,0.0014096041128854719,0.06808815725592476,0
2008-09-29,0.0011925402664467847,0.10373919681916838,1
2008-09-30,0.0012758162985192553,0.0694117667494357,0
2008-10-01,0.0012348609049247158,0.058356066586937434,0
2008-10-02,0.0010874213740647868,0.08338218703019029,0
2008-10-03,0.0010464658990991136,0.09728920606880165,0
2008-10-06,0.000885374570374338,0.17997267667016678,0
2008-10-07,0.0008020984569307337,0.11293932501126892,1
2008-10-08,0.0008225762350991372,0.13025220666720516,0
2008-10-09,0.0007584126549405447,0.09661697920005004,0
2008-10-10,0.0007433956935634403,0.12816734801289217,1
2008-10-13,0.0009126781661040308,0.09736606921852324,0
2008-10-14,0.0008881048973988536,0.12911836664504078,0
2008-10-15,0.000772064534176525,0.09058387332952926,1
2008-10-16,0.0008648967922059345,0.10857896972113008,0
2008-10-17,0.0008580708932735112,0.0889936312149502,1
2008-10-20,0.0008785485900707809,0.06254185133364079,0
2008-10-21,0.0007966378028817021,0.0694195833409328,0
2008-10-22,0.0007597778998239364,0.06310985698243092,0
2008-10-23,0.0007065357905056746,0.08820936653473999,1
2008-10-24,0.0007160920978337474,0.08453383151076475,1
2008-10-27,0.0007652386352441017,0.0737425926939188,1
2008-10-28,0.0009085825941961233,0.09013398506336216,1
2008-10-29,0.0009440773337416313,0.10396110116666972,1
2008-10-30,0.0009918586262685938,0.06920896962559396,1
2008-10-31,0.0010096059960413477,0.06394319248703967,0
2008-11-03,0.0009659201940511589,0.07645538419849975,1
2008-11-04,0.0010396400001666903,0.06512523482343624,0
2008-11-05,0.0009754765013792316,0.08337046214294462,0
2008-11-06,0.0008539754027367375,0.08449040600244746,1
2008-11-07,0.0010041452606211825,0.12076503586512732,0
2008-11-10,0.0009276951274811351,0.060439188220917726,0
2008-11-11,0.0008785485900707809,0.06044874183274752,0
2008-11-12,0.0008157503361667139,0.06800564879012191,1
2008-11-13,0.0008976612047269265,0.08441354285272587,0
2008-11-14,0.0007925422309737946,0.0783118246790638,0
2008-11-17,0.000772064534176525,0.04001052634321611,0
2008-11-18,0.0007406653665389246,0.05914641083831207,0
2008-11-19,0.0006642152333988773,0.05216923441697347,0
2008-11-20,0.0006191641865252967,0.08982088714839452,1
2008-11-21,0.000684692930196147,0.06290011177725842,1
2008-11-24,0.0007420305300511825,0.06303516510812518,1
2008-11-25,0.0007679689622686175,0.055212928294932156,1
2008-11-26,0.0008526101578533458,0.0630877099731891,0
2008-11-28,0.000833497624568334,0.016889048694759497,0
2008-12-01,0.0007461261019590899,0.057260006757009096,1
2008-12-02,0.00079800296639396,0.049972772206285064,1
2008-12-03,0.0008485146673165723,0.06133331943717068,0
2008-12-04,0.0007802555966212061,0.04848588280150113,1
2008-12-05,0.0008184806631912297,0.0454669414632833,0
2008-12-08,0.0007857163320413714,0.07472574620222218,1
2008-12-09,0.0008799138349541726,0.08794533944417088,1
2008-12-10,0.000980937236799397,0.1022067106306513,0
2008-12-11,0.0009317906993890426,0.06112357423199818,1
2008-12-12,0.0009877631357318203,0.07160736044995776,0
2008-12-15,0.0009495380691617965,0.04964794940407175,1
2008-12-16,0.001025988202301844,0.05452723951860219,1
2008-12-17,0.0010860561291813951,0.07105498798416186,0
2008-12-18,0.0009686506024468085,0.05766125845386083,1
2008-12-19,0.0009768416648914895,0.06225480872366352,0
2008-12-22,0.0009085825941961233,0.05458412693449783,0
2008-12-23,0.000893565632819019,0.03884107740423155,0
2008-12-24,0.0008676272006015841,0.01378065080940805,0
2008-12-26,0.0008389583599884994,0.02241581313830069,1
2008-12-29,0.0008717226911383576,0.04782103826916346,1
2008-12-30,0.0009085825941961233,0.042359412088098194,1
2008-12-31,0.0009154084931285466,0.0458030548976591,1
2009-01-02,0.0010027800971089246,0.05183312098259766,1
2009-01-05,0.001024623038789586,0.07448082633531268,1
2009-01-06,0.0010655784323841254,0.06928800405073142,0
2009-01-07,0.000990493462756336,0.09232436770288616,0
2009-01-08,0.0009604594586309935,0.10800097620542698,0
2009-01-09,0.0008962959598435348,0.08051870901174835,0
2009-01-12,0.0008526101578533458,0.06794485307847772,1
2009-01-13,0.0008580708932735112,0.19592981395643727,0
2009-01-14,0.0008116547642588064,0.10370315364726503,1
2009-01-15,0.0008471495038043144,0.10623225525166385,1
2009-01-16,0.0009044871036593498,0.08811513318169147,0
2009-01-20,0.00079800296639396,0.07448647165139392,1
2009-01-21,0.0008457842589209227,0.06826403056460978,0
2009-01-22,0.0008266717256359107,0.057319065448320605,1
2009-01-23,0.0008662620370893262,0.06665120718570572,1
2009-01-26,0.0009017566952637002,0.06102022152220302,1
2009-01-27,0.0009659201940511589,0.07660476794711121,1
2009-01-28,0.0010137015679492552,0.07643671122992331,0
2009-01-29,0.0009440773337416313,0.04271419849105044,0
2009-01-30,0.0008990263682391844,0.05287924147796112,1
2009-02-02,0.0009577291316064777,0.06061245599910369,1
2009-02-03,0.0009713809294713241,0.040957636679616154,1
2009-02-04,0.0010041452606211825,0.0824598292335311,1
2009-02-05,0.0010915168646015603,0.09765441459375003,1
2009-02-06,0.0011611410988091844,0.12356728391684191,0
2009-02-09,0.0011433937290364305,0.0756090210413958,0
2009-02-10,0.0010860561291813951,0.12050404856014042,0
2009-02-11,0.0009263299639688774,0.21318884798206006,1
2009-02-12,0.0009495380691617965,0.1090349375584616,0
2009-02-13,0.0009481728242784048,0.08083918926312993,0
2009-02-17,0.0008826441619786884,0.08249717517068397,1
2009-02-18,0.0009113130025917729,0.06802301899344884,0
2009-02-19,0.0008266717256359107,0.07863360769569488,1
2009-02-20,0.0008526101578533458,0.08146364807273253,0
2009-02-23,0.0008048288653263833,0.07163775830577986,1
2009-02-24,0.000893565632819019,0.06946387735941643,1
2009-02-25,0.0009058522671716077,0.07411431504511477,1
2009-02-26,0.0009413469253459817,0.11918955842337613,1
2009-02-27,0.0009440773337416313,0.079877314253902,0
2009-03-02,0.0008485146673165723,0.07386505262737354,1
2009-03-03,0.0008894700609111115,0.11091873610926553,1
2009-03-04,0.0009686506024468085,0.11822464362856601,0
2009-03-05,0.0009413469253459817,0.10156922416855352,1
2009-03-06,0.0009590942951187356,0.10368665195410445,0
2009-03-09,0.0009468076607661471,0.07198733364773402,1
2009-03-10,0.0010491962261236292,0.1340892845821207,1
2009-03-11,0.0010833258021568793,0.09176200737017728,1
2009-03-12,0.0011584107717846686,0.17206532586067186,0
2009-03-13,0.0011515848728522453,0.12761410703692994,0
2009-03-16,0.0010997079270462415,0.07378688671240242,1
2009-03-17,0.001163871507204834,0.10701174312595917,1
2009-03-18,0.0012061920643116314,0.1454624252104183,0
2009-03-19,0.0011898099394222691,0.0871732339062895,0
2009-03-20,0.0011147249697944796,0.11659662132175089,1
2009-03-23,0.001208922391336147,0.08645671301905425,0
2009-03-24,0.0011488544644565957,0.11889773900748396,1
2009-03-25,0.0011706974061372571,0.13290072841947653,1
2009-03-26,0.0012553386017219855,0.1426510578019571,0
2009-03-27,0.0012416868038571391,0.07732042032418011,0
2009-03-30,0.0011502196279688536,0.08254885152558154,1
2009-03-31,0.0011597759352969265,0.08528682982498652,1
2009-04-01,0.0011939055113301764,0.09425940835350449,1
2009-04-02,0.0012580689287465014,0.10673772816847708,1
2009-04-03,0.0013590923305917258,0.10677550836071313,1
2009-04-06,0.0013631879024996333,0.09419079605036318,0
2009-04-07,0.0013099457931813714,0.06384895913399115,1
2009-04-08,0.0013713790463154483,0.07729436501918974,1
2009-04-09,0.0014573854054124344,0.09604984206142626,0
2009-04-13,0.0014041432960941727,0.08120005523724659,1
2009-04-14,0.0014136996847933792,0.07515652724472967,0
2009-04-15,0.0013686487192909325,0.11135255693735524,1
2009-04-16,0.0014082388680020802,0.11063647030520317,1
2009-04-17,0.0014191603388424108,0.0733982284129627,0
2009-04-20,0.0013222325089050939,0.06198774184751219,0
2009-04-21,0.0013181369369971864,0.09906487510389554,1
2009-04-22,0.0013631879024996333,0.09735173880077853,0
2009-04-23,0.001338614633794456,0.07971533710787852,1
2009-04-24,0.0013741093733399639,0.08031851741840565,0
2009-04-27,0.0013181369369971864,0.08330575813555187,1
2009-04-28,0.0013222325089050939,0.06673545267184126,0
2009-04-29,0.0012990244850833083,0.09119226470105446,1
2009-04-30,0.0013809352722723872,0.1183992141720015,1
2009-05-01,0.001406873785860956,0.08911652540348812,1
2009-05-04,0.0014928801449579422,0.09857850941074192,0
2009-05-05,0.0014246209928914424,0.08873959199129407,0
2009-05-06,0.0013918567431127178,0.09938014429427905,0
2009-05-07,0.001278546625543771,0.13782344404232424,0
2009-05-08,0.001076499903224456,0.31601654338164853,1
2009-05-11,0.0011010731719296332,0.11061736308154356,0
2009-05-12,0.0010396400001666903,0.1282902422014301,0
2009-05-13,0.0009604594586309935,0.13960519264858257,1
2009-05-14,0.0009768416648914895,0.10836661898545855,1
2009-05-15,0.0010068756690168321,0.0825766438509046,1
2009-05-18,0.0010792302302489718,0.09973102240148272,1
2009-05-19,0.001103803498954149,0.09120312107813379,1
2009-05-20,0.0011420285655241726,0.140020774763179,0
2009-05-21,0.0011338375030794914,0.10269264206872174,1
2009-05-22,0.0011543151998767611,0.07584047900072695,1
2009-05-26,0.001226669761108901,0.09182975116315224,1
2009-05-27,0.0012294000881334166,0.08625087610963031,1
2009-05-28,0.0012485127027895625,0.10591568329603084,0
2009-05-29,0.0012375912319492316,0.08843083662715814,1
2009-06-01,0.0013072154661568558,0.10889858146234531,0
2009-06-02,0.0012949289131754008,0.09643763185069963,0
2009-06-03,0.0012485127027895625,0.07773252839811118,1
2009-06-04,0.0013003895672244325,0.07094642421336864,0
2009-06-05,0.0012921984234086175,0.05865830812482575,0
2009-06-08,0.0012840074423350703,0.04931704703069402,1
2009-06-09,0.001364553147383025,0.07657567285653863,1
2009-06-10,0.0014136996847933792,0.08833182646819474,0
2009-06-11,0.0013932218252538419,0.08853114955137108,0
2009-06-12,0.0013850308441802947,0.062458908612754764,0
2009-06-15,0.0013590923305917258,0.046192147452182,0
2009-06-16,0.0013167716921137947,0.06244935500092496,1
2009-06-17,0.0013536316765426942,0.08460765487490414,0
2009-06-18,0.001323597591046218,0.05935137923756967,1
2009-06-19,0.0013399798786778478,0.07902183174005144,0
2009-06-22,0.0012539733568385939,0.06027286852406251,0
2009-06-23,0.0012471474579061705,0.06189046870888148,1
2009-06-24,0.0012949289131754008,0.0537842290712934,1
2009-06-25,0.0013727441284565722,0.09236214789512219,1
2009-06-26,0.0013932218252538419,0.05366046637258912,0
2009-06-29,0.0013932218252538419,0.05323706766649557,0
2009-06-30,0.0013549967586838183,0.06189915381054493,1
2009-07-01,0.0013618226576162416,0.07346944624660305,0
2009-07-02,0.0013017548121078241,0.057824538365133835,0
2009-07-06,0.0012539733568385939,0.07955292570677187,0
2009-07-07,0.001191175021563393,0.1143519567968303,1
2009-07-08,0.0011939055113301764,0.12877617363950056,1
2009-07-09,0.0012239394340843853,0.07543922730387521,1
2009-07-10,0.0012294000881334166,0.054317494313429686,1
2009-07-13,0.0012457823757650466,0.058226224317068746,1
2009-07-14,0.0012758162985192553,0.046995953611135,1
2009-07-15,0.0013358843067699403,0.10890335826826021,1
2009-07-16,0.0014150647669345033,0.10122442563251426,1
2009-07-17,0.0014614809773203419,0.09018131886742801,1
2009-07-20,0.0014819586741176116,0.0828424079618064,0
2009-07-21,0.0014478291794554955,0.10005410818336335,1
2009-07-22,0.0014887845730500349,0.06310030337060112,1
2009-07-23,0.0015884427300118674,0.11143419689299174,0
2009-07-24,0.001582982075962836,0.0684941857586914,1
2009-07-27,0.001591173219778651,0.07141368268286265,1
2009-07-28,0.0015939035468031666,0.05900440942611454,0
2009-07-29,0.0015584088072576588,0.03846327548187115,1
2009-07-30,0.0015720606051225052,0.04871951203624814,1
2009-07-31,0.0015788865040549285,0.05665726070156514,1
2009-08-03,0.0016266677965818912,0.04909470842810951,1
2009-08-04,0.0016389545123056135,0.0733565399249781,1
2009-08-05,0.001643050084213521,0.06417074215062225,0
2009-08-06,0.0016048250176434974,0.10182282913712647,1
2009-08-07,0.001685370722691452,0.15005597548022098,0
2009-08-10,0.0016239374695573754,0.07313203004697773,0
2009-08-11,0.0015816168310794443,0.050178609115709004,1
2009-08-12,0.0016471456561214285,0.06679494561823594,1
2009-08-13,0.0017017528475808143,0.05909647150374719,0
2009-08-14,0.0016457804112380368,0.04423626255757137,0
2009-08-17,0.0015693302780979896,0.048349092450301674,1
2009-08-18,0.0016334936955143143,0.0669317359694354,0
2009-08-19,0.0016130159987170446,0.0578987959843564,1
2009-08-20,0.0016840054778080604,0.08686838683790214,1
2009-08-21,0.0017154046454456607,0.06379684852401041,0
2009-08-24,0.001662162536127399,0.04796086840594513,1
2009-08-25,0.0016785448237590288,0.0460753328348085,1
2009-08-26,0.0017003876026974226,0.045013579156450816,1
2009-08-27,0.0017263261162859915,0.057689919289350244,1
2009-08-28,0.0018246191911066999,0.09383296986182872,0
2009-08-31,0.0017959503504936156,0.04474086696421825,0
2009-09-01,0.0017290564433105073,0.07785933088239765,1
2009-09-02,0.0017563600390402,0.041794446224890286,1
2009-09-03,0.0018027762494260387,0.05583868986978427,1
2009-09-04,0.00187649605554157,0.053561890468708885,1
2009-09-08,0.001933833574025472,0.057542272561071466,1
2009-09-09,0.0019925363373927652,0.05992763573294007,1
2009-09-10,0.002062160571600389,0.06386502657206855,0
2009-09-11,0.0020416828748031192,0.07524033847578204,0
2009-09-14,0.0020048230531164875,0.05111573158519607,1
2009-09-15,0.0020498740186189342,0.05715404851671491,0
2009-09-16,0.0019898060103682494,0.07462499902292608,0
2009-09-17,0.001894243425314324,0.09807824755492676,0
2009-09-18,0.0018915129355475406,0.06351631974028073,0
2009-09-21,0.0018819567095906017,0.06178320770333778,1
2009-09-22,0.001886052281498509,0.037097108990209286,0
2009-09-23,0.001853287868977517,0.049858563119410594,0
2009-09-24,0.0018259842732478242,0.05788576833186121,0
2009-09-25,0.0017932200234690998,0.03885236803639405,1
2009-09-28,0.0018382709889715465,0.04863960910094433,0
2009-09-29,0.0018014110045426468,0.048989184442898494,1
2009-09-30,0.0018655745847012393,0.09296055139973441,0
2009-10-01,0.0017195002173535682,0.10642289323317675,0
2009-10-02,0.00170448317460533,0.06435616907113707,0
2009-10-05,0.001694926948648391,0.07975051176961553,1
2009-10-06,0.0017263261162859915,0.08051002391008488,0
2009-10-07,0.0017113090735377532,0.047760242557519254,1
2009-10-08,0.0017235957892614757,0.1326479919610699,1
2009-10-09,0.001748169057966653,0.06501449977722715,0
2009-10-12,0.0017263261162859915,0.05203765512677209,0
2009-10-13,0.0017195002173535682,0.06323231691588567,0
2009-10-14,0.0017167698903290524,0.11749509508883557,0
2009-10-15,0.0016607974539862749,0.1164363811960601,0
2009-10-16,0.0016184768155083438,0.10847170871558638,1
2009-10-19,0.0016840054778080604,0.07337912118930309,1
2009-10-20,0.001685370722691452,0.06953509519305678,0
2009-10-21,0.0016403197571890052,0.05257482866465694,1
2009-10-22,0.0016526063101704599,0.039044743038239633,0
2009-10-23,0.0016089205895514049,0.04449464433205923,0
2009-10-26,0.0015857124029873518,0.050153422320884974,0
2009-10-27,0.0015256443947366668,0.06211541284196503,0
2009-10-28,0.0014546550783879186,0.08185187211708908,1
2009-10-29,0.0015270096396200585,0.0670294433631493,0
2009-10-30,0.0014464639345721038,0.06345161573288798,1
2009-11-02,0.0014614809773203419,0.0622565457439962,0
2009-11-03,0.0014532898335045269,0.09301657030546372,0
2009-11-04,0.0014491942615966194,0.09739907260484439,1
2009-11-05,0.0014887845730500349,0.10155880204655736,1
2009-11-06,0.0016102856716925288,0.17602877200479072,1
2009-11-09,0.0016512410652870682,0.08668209140722098,0
2009-11-10,0.0016061900997846215,0.08270301208010791,1
2009-11-11,0.0016567018820783674,0.09247809400232936,0
2009-11-12,0.0016512410652870682,0.052781968339330396,1
2009-11-13,0.0016648928631519148,0.040043095474454074,1
2009-11-16,0.0016908313767404837,0.04159512314171394,0
2009-11-17,0.001688101049715968,0.03587424667599447,0
2009-11-18,0.0016594322091028832,0.04731599960743341,0
2009-11-19,0.0015857124029873518,0.08838827962900721,0
2009-11-20,0.001574790932147021,0.04419283704925408,1
2009-11-23,0.0015884427300118674,0.040303648524357805,0
2009-11-24,0.0015775214219138044,0.043297837322834785,1
2009-11-25,0.001597999118711074,0.04582259637640188,0
2009-11-27,0.0015597740521410505,0.028253938476476836,1
2009-11-30,0.0015966338738276824,0.05321318363692106,1
2009-12-01,0.0016321286133731902,0.04801297901592587,1
2009-12-02,0.0016867358048325762,0.06325055562937892,1
2009-12-03,0.0017017528475808143,0.06951946201006257,1
2009-12-04,0.0017604556109481076,0.08738124209112931,1
2009-12-07,0.002010283707165519,0.2944796625316897,0
2009-12-08,0.001903799651271263,0.11462510324414603,1
2009-12-09,0.001955676515706133,0.07077359069026583,0
2009-12-10,0.0019174514491361095,0.0431358601768113,0
2009-12-11,0.0018901478534064167,0.043106765086238716,1
2009-12-14,0.0019529461886816173,0.041884771282190245,0
2009-12-15,0.0019502158616571015,0.046299408457725705,1
2009-12-16,0.002122228579851074,0.18061971674409436,0
2009-12-17,0.0021113071090107433,0.10817858653444469,0
2009-12-18,0.0021099420268696194,0.08610713767710008,1
2009-12-21,0.0021918528140586983,0.0443061776259622,1
2009-12-22,0.002254651149333899,0.08395931203572704,1
2009-12-23,0.002288780643996015,0.04586993018046773,0
2009-12-24,0.0022833199899469836,0.01271629160055133,0
2009-12-28,0.002243729678493568,0.04842812687543914,1
2009-12-29,0.0022737637639900447,0.04952331819520114,1
2009-12-30,0.0023625004501115466,0.074293228139382,1
2009-12-31,0.0023638656949949385,0.07389501622811247,0
2010-01-04,0.0023379271814063696,0.08473662863460649,1
2010-01-05,0.002374787165835269,0.07696823945172691,1
2010-01-06,0.0023911692907246313,0.06833959094908186,0
2010-01-07,0.002340657508430885,0.05733383012114848,1
2010-01-08,0.002346118325222184,0.049775186143441404,0
2010-01-11,0.0023106235856766764,0.058291362579544675,0
2010-01-12,0.002225982308720814,0.06597984882712045,1
2010-01-13,0.0022587467212418066,0.053108093906793226,0
2010-01-14,0.002220521654671783,0.06392712504896227,0
2010-01-15,0.002149532175580767,0.08668947374363492,1
2010-01-19,0.0021932180589420897,0.05706632898991399,0
2010-01-20,0.0021836616702428833,0.07599985061625139,0
2010-01-21,0.00214134119450722,0.06393884993620794,0
2010-01-22,0.002060795489459265,0.11380045284120074,1
2010-01-25,0.0020990205560292886,0.0677433587198855,0
2010-01-26,0.0020266659947971487,0.07544704389537232,1
2010-01-27,0.0020867338403055664,0.08607196301536309,0
2010-01-28,0.002010283707165519,0.07252971824661694,0
2010-01-29,0.0019147211221115937,0.08196781822429623,1
2010-02-01,0.0020758123694652355,0.10098080853085427,1
2010-02-02,0.0020990205560292886,0.0901222601761165,1
2010-02-03,0.002118133007943167,0.05890843905273333,0
2010-02-04,0.001984345356319218,0.0829210081318607,1
2010-02-05,0.002028031076938273,0.06352891313769274,0
2010-02-08,0.0020239355050303653,0.046191713197098826,0
2010-02-09,0.0020061881352576114,0.09884340501147737,1
2010-02-10,0.0020485087737355427,0.05603497316737841,1
2010-02-11,0.002150897420464159,0.07342167818745403,1
2010-02-12,0.0021822965881017594,0.08256622172890846,1
2010-02-16,0.002225982308720814,0.04747971377378958,1
2010-02-17,0.0022491904952848672,0.09302612391729352,0
2010-02-18,0.0020894643300723497,0.16239272813807923,0
2010-02-19,0.0020771776143486275,0.05329048104172583,1
2010-02-22,0.0020812731862565347,0.04759479137083039,0
2010-02-23,0.0020266659947971487,0.05103409162955957,1
2010-02-24,0.0020730820424407197,0.046268576346820425,0
2010-02-25,0.00205260434564345,0.06050172095289461,0
2010-02-26,0.0020253007499137572,0.04057201816575864,1
2010-03-01,0.002114037436035259,0.05821059113407452,0
2010-03-02,0.0021126723538941353,0.05634112300101529,0
2010-03-03,0.0020840035132810505,0.041212978668521805,1
2010-03-04,0.002088099085188958,0.05837647657584656,1
2010-03-05,0.002157723319396582,0.06656609318940383,0
2010-03-08,0.002123593824734466,0.045556832265500086,1
2010-03-09,0.002209600183831452,0.0880617198064612,1
2010-03-10,0.0022150608378804838,0.043299574343167474,0
2010-03-11,0.0021604536464210978,0.05655955330785124,1
2010-03-12,0.0021686447902369128,0.054354840250582556,0
2010-03-15,0.0021563580745131905,0.03682743658355893,1
2010-03-16,0.002238269024444537,0.07005706980303059,1
2010-03-17,0.0022846850720881075,0.0685567184906683,0
2010-03-18,0.0021973136308499975,0.0783053108528162,0
2010-03-19,0.0021686447902369128,0.06133114816175481,1
2010-03-22,0.0022068698568069364,0.04512518271282624,1
2010-03-23,0.0022560163942172908,0.051451845019571875,0
2010-03-24,0.0021741054442859444,0.045224627126872835,1
2010-03-25,0.0021809313432183675,0.05162250726725882,0
2010-03-26,0.0021809313432183675,0.03528279125271301,1
2010-03-29,0.0022109654287148436,0.040687095762799455,1
2010-03-30,0.002220521654671783,0.033049417359954904,0
2010-03-31,0.0021891224870341825,0.04018596539681795,0
2010-04-01,0.002164549218329005,0.03473866963349739,1
2010-04-05,0.0022000439578745133,0.04276934888661339,0
2010-04-06,0.00214134119450722,0.08571978214290989,1
2010-04-07,0.0021563580745131905,0.08661087357358062,0
2010-04-08,0.002118133007943167,0.11050923356583352,1
2010-04-09,0.002133150050691405,0.08662216420574312,1
2010-04-12,0.002175470689169336,0.05718922317845192,1
2010-04-13,0.0022246172265796903,0.06828834884926746,1
2010-04-14,0.002254651149333899,0.0956490246196577,1
2010-04-15,0.0022723985191066528,0.10182369764729282,0
2010-04-16,0.002142706276648344,0.20606011653669412,0
2010-04-19,0.002131784805808013,0.11668564361380133,1
2010-04-20,0.002139975949623828,0.07149011157750108,0
2010-04-21,0.0020799079413731433,0.09512661575460073,1
2010-04-22,0.0020894643300723497,0.06918248006552041,0
2010-04-23,0.0020580651624347492,0.07960286504133675,1
2010-04-26,0.0020799079413731433,0.05117826431717296,0
2010-04-27,0.0020157445239568183,0.0637295389861186,1
2010-04-28,0.0020198400958647256,0.07083612342224273,1
2010-04-29,0.0020867338403055664,0.10502980292635816,0
2010-04-30,0.001958406842730649,0.11381478325894545,0
2010-05-03,0.0019351988189088634,0.11500073389109057,0
2010-05-04,0.0018273495181312157,0.14023138847851785,0
2010-05-05,0.0017932200234690998,0.14234447371323705,0
2010-05-06,0.0017522644671322926,0.10674076795405929,0
2010-05-07,0.0017195002173535682,0.12311479012017576,1
2010-05-10,0.0018014110045426468,0.10416433254559462,0
2010-05-11,0.0017795682256042532,0.08787629288594638,1
2010-05-12,0.0018177932921742768,0.095705043525387,0
2010-05-13,0.0018136977202663695,0.13378530602389968,0
2010-05-14,0.001582982075962836,0.2685203279146984,1
2010-05-17,0.0015870776478707435,0.09080056661603253,0
2010-05-18,0.0015283748845034502,0.07104760564774791,1
2010-05-19,0.001555678480233143,0.08759359282680085,0
2010-05-20,0.0015147230866386036,0.12044672688916161,1
2010-05-21,0.0015515829083252355,0.11398327423121653,0
2010-05-24,0.0015010711260314896,0.07001103876421426,1
2010-05-25,0.001546122254276204,0.10280685115559621,1
2010-05-26,0.0015543132353497513,0.10588745671562459,1
2010-05-27,0.0016567018820783674,0.07533022927799882,0
2010-05-28,0.0016075553446680132,0.05704331347050583,0
2010-06-01,0.001531105211527966,0.055129985574046136,1
2010-06-02,0.0015502176634418438,0.06833090584741841,0
2010-06-03,0.0015474873364173282,0.06152091763310135,0
2010-06-04,0.0014655765492282494,0.07075926027252112,0
2010-06-07,0.001383665599296903,0.06053168455363354,0
2010-06-08,0.0013399798786778478,0.10291367790605674,0
2010-06-09,0.0013031198942489483,0.07354891492682368,1
2010-06-10,0.0013631879024996333,0.06427930592141547,1
2010-06-11,0.001398682642045141,0.04585994231355475,0
2010-06-14,0.001364553147383025,0.03858356413991004,1
2010-06-15,0.0014410032805230722,0.055253748272750404,0
2010-06-16,0.0014205255837258025,0.037649915711088354,1
2010-06-17,0.0014819586741176116,0.09112712643857854,1
2010-06-18,0.0014928801449579422,0.09913522442736954,0
2010-06-21,0.0014532898335045269,0.06081264759244639,0
2010-06-22,0.0013918567431127178,0.0866864339580527,1
2010-06-23,0.0014096041128854719,0.06452813408407353,0
2010-06-24,0.001330423489978641,0.07657523860145546,0
2010-06-25,0.0013263280808130014,0.052929180812526004,1
2010-06-28,0.0013290584078375172,0.038250056236033274,0
2010-06-29,0.001244417130881655,0.06960327324111493,0
2010-06-30,0.001207557309195023,0.06550651078646202,1
2010-07-01,0.0012307653330168083,0.07787583257555822,0
2010-07-02,0.0012130179632440544,0.07788538618738802,0
2010-07-06,0.001198001083238084,0.07516304107097727,1
2010-07-07,0.0012648948276789247,0.06391496590663343,0
2010-07-08,0.0012212091070598694,0.08289842686753571,1
2010-07-09,0.001226669761108901,0.05990939701944681,1
2010-07-12,0.0012526082746974697,0.059244986742192314,1
2010-07-13,0.00130448513913234,0.07638937742585747,1
2010-07-14,0.001319502181880578,0.14503946075940793,0
2010-07-15,0.001277181543402647,0.101334292168557,0
2010-07-16,0.0011857143675143616,0.13775917429001466,1
2010-07-19,0.0012416868038571391,0.08454512214292725,1
2010-07-20,0.001277181543402647,0.12390470011646723,0
2010-07-21,0.0012294000881334166,0.06570930791030376,1
2010-07-22,0.0012526082746974697,0.048086368124982085,0
2010-07-23,0.0012280350059922928,0.0866256382464085,1
2010-07-26,0.0012539733568385939,0.07207201338895274,0
2010-07-27,0.0012416868038571391,0.07206376254237244,0
2010-07-28,0.0011966358383546922,0.14125536196463948,0
2010-07-29,0.00106011769696396,0.28712902673882246,1
2010-07-30,0.001068308840779775,0.10472148181730542,0
2010-08-02,0.0010669435958963833,0.09741861408358717,0
2010-08-03,0.001034179264746525,0.10159006841254581,1
2010-08-04,0.0010860561291813951,0.09073933664930516,1
2010-08-05,0.0011024383354418911,0.08476919776584446,1
2010-08-06,0.0011174552968189954,0.07819023325577538,1
2010-08-09,0.001129741931171584,0.04850368725991122,0
2010-08-10,0.0010751347397121981,0.08173549175479874,0
2010-08-11,0.001025988202301844,0.0842962939802692,1
2010-08-12,0.0010369096731421745,0.14372801040822583,1
2010-08-13,0.0010956124365094678,0.192995118104355,0
2010-08-16,0.0010628481053596096,0.08623524292663609,1
2010-08-17,0.0010792302302489718,0.05010695702698548,1
2010-08-18,0.0010860561291813951,0.036177790979132304,1
2010-08-19,0.0011625062623214423,0.1732048111989175,1
2010-08-20,0.0011747928966740308,0.1395726235173446,0
2010-08-23,0.0011543151998767611,0.07913647508200908,0
2010-08-24,0.0011406634020119147,0.0674888852411462,1
2010-08-25,0.0011679669977416075,0.08010399540731825,0
2010-08-26,0.0011515848728522453,0.06925456640932712,1
2010-08-27,0.0011952705934713005,0.1129862245602516,0
2010-08-30,0.001129741931171584,0.06330614028002506,0
2010-08-31,0.0010874213740647868,0.09898931471942346,1
2010-09-01,0.0010969776000217257,0.09029900199496786,1
2010-09-02,0.001120185705214645,0.06259917300461962,1
2010-09-03,0.001165236670717092,0.05936310412481533,1
2010-09-07,0.0011775233050696804,0.0955513172259438,1
2010-09-08,0.0012225741892009936,0.13076245638993328,0
2010-09-09,0.0012034617372871155,0.07361361893421645,0
2010-09-10,0.0011884446945388772,0.06401050202493146,1
2010-09-13,0.0012662600725623164,0.108141674852375,0
2010-09-14,0.0012526082746974697,0.0736991671856015,1
2010-09-15,0.0012553386017219855,0.05817845625791973,1
2010-09-16,0.0012567038466053772,0.037519639186136496,0
2010-09-17,0.0012539733568385939,0.04312196401414977,1
2010-09-20,0.0012758162985192553,0.045975454165678734,1
2010-09-21,0.0013549967586838183,0.19106615702490107,1
2010-09-22,0.0013686487192909325,0.10642680152892531,1
2010-09-23,0.0014000477241862652,0.13257720838251272,1
2010-09-24,0.001487419328166643,0.1158696783125195,0
2010-09-27,0.001451924751363403,0.10637338815369504,0
2010-09-28,0.0014478291794554955,0.0763759155182791,0
2010-09-29,0.001435542463731773,0.10370271939218186,0
2010-09-30,0.0014082388680020802,0.08337176490819415,0
2010-10-01,0.0013631879024996333,0.10633169966571045,0
2010-10-04,0.001348170859751395,0.07923201120030711,1
2010-10-05,0.0013590923305917258,0.0796758198953098,0
2010-10-06,0.0012853725244761944,0.11268094323678107,0
2010-10-07,0.0012744512163781311,0.08053347368457622,1
2010-10-08,0.001296293995316525,0.07461066860518137,0
2010-10-11,0.0012894680963841016,0.045922475045531645,1
2010-10-12,0.0013181369369971864,0.06356712758501196,1
2010-10-13,0.0013618226576162416,0.10303266379884611,0
2010-10-14,0.001337249551653332,0.06291183666450409,1
2010-10-15,0.0013549967586838183,0.06733776447220204,1
2010-10-18,0.001364553147383025,0.046516970254395315,0
2010-10-19,0.0013549967586838183,0.09189445517054501,0
2010-10-20,0.0013549967586838183,0.08075537803207757,0
2010-10-21,0.0013276931629541253,0.10799359386901304,1
2010-10-22,0.0014246209928914424,0.14145815908848122,1
2010-10-25,0.0014396380356396805,0.07094164740745373,0
2010-10-26,0.0014341773815906489,0.07117093409136901,1
2010-10-27,0.0014573854054124344,0.051797512065777485,1
2010-10-28,0.001458750650295826,0.074340996198531,0
2010-10-29,0.0014546550783879186,0.058079880354039486,1
2010-11-01,0.0014573854054124344,0.049314007245111806,1
2010-11-02,0.0014915149000745505,0.06094292411739826,1
2010-11-03,0.001503801615798273,0.07079096089359274,1
2010-11-04,0.0015065319428227888,0.07385984156637547,1
2010-11-05,0.0015352007834358733,0.07767042992121745,1
2010-11-08,0.0015420266823682966,0.06356148226893071,0
2010-11-09,0.0015324702936690899,0.06668898737794177,1
2010-11-10,0.0015529481532086274,0.054426926594389254,0
2010-11-11,0.0015352007834358733,0.11619580387998232,1
2010-11-12,0.0016239374695573754,0.2304678577415088,0
2010-11-15,0.001602094527876714,0.07750020192861368,0
2010-11-16,0.0015488525813007199,0.0781307403093807,1
2010-11-17,0.0015775214219138044,0.05776504541873915,1
2010-11-18,0.0016321286133731902,0.10568031704095113,1
2010-11-19,0.0016908313767404837,0.07564766974379819,1
2010-11-22,0.0016921966216238754,0.048092447696146505,0
2010-11-23,0.0016485107382625526,0.0475674333005905,1
2010-11-24,0.0016935617037649993,0.04104839599199928,0
2010-11-26,0.001670353679943214,0.013399374846382263,1
2010-11-29,0.0016908313767404837,0.04869215396600825,0
2010-11-30,0.001671718762084338,0.0761309956513696,1
2010-12-01,0.0017536297120156843,0.06588257568848974,1
2010-12-02,0.0017768377358374698,0.05532800589197297,1
2010-12-03,0.0018328101721802473,0.06365788689739509,0
2010-12-06,0.0017945851056102237,0.04546042763703571,1
2010-12-07,0.0018587486857688162,0.10933804760651626,1
2010-12-08,0.00187649605554157,0.0644404145572726,0
2010-12-09,0.0018423663981371862,0.10017483109648541,1
2010-12-10,0.001854653113860909,0.04692343301224512,0
2010-12-13,0.0018027762494260387,0.0639905262911055,1
2010-12-14,0.0018055065764505545,0.07984648214299674,0
2010-12-15,0.0017618208558314993,0.06562636518941774,1
2010-12-16,0.001764551182856015,0.06646187196944235,1
2010-12-17,0.001775472653696346,0.06225871701941207,0
2010-12-20,0.001767281509880531,0.03521895575548659,1
2010-12-21,0.0018437316430205781,0.04855753489022466,1
2010-12-22,0.0018655745847012393,0.049755644664698624,0
2010-12-23,0.0018505575419530012,0.027586488413640125,1
2010-12-27,0.001861479012793332,0.02560150842845691,0
2010-12-28,0.001853287868977517,0.018953063105080176,0
2010-12-29,0.001853287868977517,0.017150904509912742,1
2010-12-30,0.00186011376790994,0.01680654022895665,1
2010-12-31,0.001916086204252718,0.04033925744117798,1
2011-01-03,0.001973423885478887,0.08660870229816475,0
2011-01-04,0.001966597986546464,0.06858016826515964,1
2011-01-05,0.002131784805808013,0.15291597945799756,1
2011-01-06,0.0024526023811164404,0.37711058826799093,1
2011-01-07,0.002526322187231972,0.2779562566169618,1
2011-01-10,0.002630075916101712,0.18788784407115877,0
2011-01-11,0.002586390032740389,0.292189401223036,1
2011-01-12,0.003001405273703885,0.3704430357209546,1
2011-01-13,0.0030068659277529167,0.290463671522507,1
2011-01-14,0.0030341695234826094,0.171060893853293,0
2011-01-18,0.0029590844724836866,0.19472736163113158,0
2011-01-19,0.0028730781133867,0.12791157176890336,1
2011-01-20,0.0028758086031534834,0.11852210836053942,0
2011-01-21,0.002847139599798131,0.07811858116705186,1
2011-01-24,0.0031898002795294872,0.22116828513536166,0
2011-01-25,0.0030860465506597472,0.1158566506600243,1
2011-01-26,0.0031638617659409188,0.1145326069114302,0
2011-01-27,0.0031543055399839794,0.06923285365516847,0
2011-01-28,0.003057377547304395,0.11671864700012247,1
2011-01-31,0.0030792204889850566,0.07930366328903064,1
2011-02-01,0.0031543055399839794,0.06887546172171718,1
2011-02-02,0.00330584072412295,0.17228375616750782,0
2011-02-03,0.003240311899080966,0.1097683943939406,1
2011-02-04,0.003318127114362137,0.09262878051619033,0
2011-02-07,0.0031720529097567333,0.09928764796156322,0
2011-02-08,0.0030723947527949006,0.11474148360643636,0
2011-02-09,0.00299321412988807,0.13655585345454263,0
2011-02-10,0.0029290507124717455,0.11102512860464289,1
2011-02-11,0.00301778723585098,0.14543159309951303,0
2011-02-14,0.0029686410239251606,0.13767492880387913,0
2011-02-15,0.0028921908907851134,0.09415735840895886,1
2011-02-16,0.0030055008456117928,0.14099003210882086,1
2011-02-17,0.0033194925219877966,0.3745901717652556,0
2011-02-18,0.0033126664603131055,0.1492460897501036,0
2011-02-22,0.0029822928217900072,0.1494888383415972,0
2011-02-23,0.0028321227197921606,0.15979761976103812,1
2011-02-24,0.00290584268864996,0.13314695105163554,1
2011-02-25,0.0029700061060662845,0.08207117093409137,0
2011-02-28,0.002907207770791084,0.09597211040153832,0
2011-03-01,0.00276932438451696,0.10517310710380522,0
2011-03-02,0.002646458203733342,0.1843912221414508,1
2011-03-03,0.002662840165880436,0.17088198075902578,0
2011-03-04,0.0026478232858744657,0.10205862964728935,0
2011-03-07,0.0026082329744210506,0.10850514635699068,0
2011-03-08,0.0024826364666129166,0.20925710245901286,0
2011-03-09,0.002426664030270139,0.14105647313654632,0
2011-03-10,0.002260111966125198,0.18489018123201642,1
2011-03-11,0.0022778591731556844,0.15927955344681288,1
2011-03-14,0.0022983370326952217,0.10679201005387369,0
2011-03-15,0.0022246172265796903,0.13424995896289466,0
2011-03-16,0.0022068698568069364,0.1581600438423932,1
2011-03-17,0.002251920822309383,0.1323214321385239,0
2011-03-18,0.002219156409788391,0.094155187133543,1
2011-03-21,0.002238269024444537,0.0794851819137969,0
2011-03-22,0.0021959483859666055,0.07584829559222406,1
2011-03-23,0.00224509492337696,0.08280332500432085,1
2011-03-24,0.0024389505832515938,0.1911712467550289,0
2011-03-25,0.002357039796062515,0.12774829185763034,1
2011-03-28,0.002451237298975316,0.12860507713673044,0
2011-03-29,0.0024307596021780464,0.07556950382882707,0
2011-03-30,0.002332466527357338,0.12556919985026885,1
2011-03-31,0.002333831609498462,0.06898489400267675,0
2011-04-01,0.0022983370326952217,0.09015048675652274,0
2011-04-04,0.002209600183831452,0.09821199812054401,1
2011-04-05,0.0022136957557393594,0.08700257165860256,0
2011-04-06,0.0021973136308499975,0.09090087954024546,1
2011-04-07,0.0022846850720881075,0.10872965623499106,0
2011-04-08,0.002209600183831452,0.0789119652040087,0
2011-04-11,0.0021782010161938517,0.05716186510821202,1
2011-04-12,0.0021850269151262747,0.0891391066678131,1
2011-04-13,0.002238269024444537,0.07924156481213691,1
2011-04-14,0.002340657508430885,0.13407886246012454,1
2011-04-15,0.0023679612669028458,0.10313992480438981,0
2011-04-18,0.0022833199899469836,0.07858974793229442,0
2011-04-19,0.0022737637639900447,0.06950035478640296,1
2011-04-20,0.0023488486522467,0.06848593491211112,0
2011-04-21,0.002342022753314277,0.04360138162597262,1
2011-04-25,0.0023816130647676924,0.06513088013951748,1
2011-04-26,0.0024485068092085327,0.07125257404700551,0
2011-04-27,0.0024485068092085327,0.04671759610282118,1
2011-04-28,0.0024771756498216174,0.07212108421335127,1
2011-04-29,0.0025440695570047257,0.08862277737392056,0
2011-05-02,0.0025072097353180936,0.06450251303416633,0
2011-05-03,0.002378882575000909,0.08558299179171043,0
2011-05-04,0.0023597701230870308,0.0672743632300588,1
2011-05-05,0.0023611353679704227,0.056922156302300596,1
2011-05-06,0.002451237298975316,0.08917428132955012,1
2011-05-09,0.0025099400623426094,0.07454509608762226,1
2011-05-10,0.002514035634250517,0.07287842507840477,1
2011-05-11,0.002526322187231972,0.06473874779941237,1
2011-05-12,0.002612328546328958,0.13074552044168955,0
2011-05-13,0.002306528013768769,0.21772594509105028,0
2011-05-16,0.002230077880628722,0.07691830011716203,0
2011-05-17,0.002220521654671783,0.1520635367297292,1
2011-05-18,0.0022764940910145605,0.06939005399527705,0
2011-05-19,0.0022409993514690527,0.06852588637976302,1
2011-05-20,0.0022833199899469836,0.06037665548894083,0
2011-05-23,0.0022805896629224678,0.06169896221720223,1
2011-05-24,0.0022901458888794067,0.07606976568464223,1
2011-05-25,0.0023201798116336157,0.0570645919695813,1
2011-05-26,0.0023829781469088163,0.07455682097486793,1
2011-05-27,0.0024758105676804935,0.06938788271986118,1
2011-05-31,0.0025495302110537573,0.12821772160254022,0
2011-06-01,0.002426664030270139,0.08061163959954734,0
2011-06-02,0.002414377314546417,0.06382594361458299,0
2011-06-03,0.002333831609498462,0.05749754428750466,0
2011-06-06,0.0022805896629224678,0.04519596629138342,0
2011-06-07,0.0022792244180390763,0.044975364709131604,0
2011-06-08,0.002212330510855968,0.059667516938119516,0
2011-06-09,0.0021850269151262747,0.07837783145170607,0
2011-06-10,0.002150897420464159,0.051444896938241114,0
2011-06-13,0.0021345152955747964,0.060261577891900016,1
2011-06-14,0.0021536277474886747,0.0558990513263453,0
2011-06-15,0.0021031161279371964,0.09947003509649582,0
2011-06-16,0.0020239355050303653,0.10913134218692598,0
2011-06-17,0.0019720586405954955,0.15722248711782297,0
2011-06-20,0.0019461202897491942,0.07884769545169912,1
2011-06-21,0.0019925363373927652,0.07432232322995458,0
2011-06-22,0.001962502414638556,0.06861664569214616,1
2011-06-23,0.0020266659947971487,0.07863751599144345,0
2011-06-24,0.001962502414638556,0.05529934505648356,0
2011-06-27,0.0019174514491361095,0.12185979292980614,1
2011-06-28,0.0019297380021175642,0.07301130713385566,1
2011-06-29,0.001962502414638556,0.10214374364359123,1
2011-06-30,0.0019898060103682494,0.06867961267920622,1
2011-07-01,0.002018474850981334,0.05657518649084547,0
2011-07-05,0.001981615029294702,0.05597721724131642,0
2011-07-06,0.0019529461886816173,0.05535666672746238,1
2011-07-07,0.0019611371697551647,0.10492210766573129,0
2011-07-08,0.0019201817761606253,0.06512045801752134,0
2011-07-11,0.001846461970045094,0.0754201200802156,0
2011-07-12,0.0018191583743154011,0.09205382678606945,0
2011-07-13,0.0018150628024074934,0.06673284714134223,0
2011-07-14,0.0017358823422429304,0.11608897712952179,1
2011-07-15,0.0017386126692674462,0.0877256063720854,0
2011-07-18,0.0016976572756729068,0.08669034225380126,1
2011-07-19,0.001754994956899076,0.06324317329296499,0
2011-07-20,0.001730421688193899,0.06983646822077877,1
2011-07-21,0.0018205236191987926,0.12199745179117195,1
2011-07-22,0.001861479012793332,0.07789580830938417,0
2011-07-25,0.00182871460027234,0.05941043792888118,0
2011-07-26,0.0017795682256042532,0.07367094060519526,0
2011-07-27,0.0017058484194887218,0.06867005906737642,0
2011-07-28,0.0017017528475808143,0.06823189568845499,0
2011-07-29,0.0017017528475808143,0.07143235565143909,1
2011-08-01,0.0018027762494260387,0.10855725696697144,0
2011-08-02,0.001782298552628769,0.14512283773537712,1
2011-08-03,0.0018355404992047631,0.0809403706975092,0
2011-08-04,0.001643050084213521,0.10422686527757151,0
2011-08-05,0.0015816168310794443,0.13580328939540404,0
2011-08-08,0.0014423683626641963,0.11556613400938165,1
2011-08-09,0.0015788865040549285,0.1422350414322775,0
2011-08-10,0.0014983407990069738,0.12163180901114039,1
2011-08-11,0.001644415166354645,0.11498119241234779,0
2011-08-12,0.0015720606051225052,0.34480982667142607,1
2011-08-15,0.0016389545123056135,0.09167906464929126,0
2011-08-16,0.0015870776478707435,0.07568935823178279,0
2011-08-17,0.0015625043791655663,0.05793483915625974,0
2011-08-18,0.001443733607547588,0.08499283913367849,0
2011-08-19,0.0014150647669345033,0.08051653773633248,1
2011-08-22,0.001443733607547588,0.06429103080866114,1
2011-08-23,0.001619841897649468,0.09973015389131638,0
2011-08-24,0.0015939035468031666,0.07250105741112753,0
2011-08-25,0.0015174534136631194,0.07287755656823841,1
2011-08-26,0.0015898079748952593,0.0774037973001493,1
2011-08-29,0.0016375892674222218,0.0631676129084929,1
2011-08-30,0.0016812751507835446,0.07220359267915412,0
2011-08-31,0.0016307633684897985,0.07448864292680979,0
2011-09-01,0.0016266677965818912,0.08062293023170984,0
2011-09-02,0.0015775214219138044,0.04903564973679799,1
2011-09-06,0.0016130159987170446,0.07345077327802661,1
2011-09-07,0.001759090366064716,0.172284190422591,0
2011-09-08,0.001749534140107777,0.09341738774723228,0
2011-09-09,0.0017085787465132376,0.09229527261231357,1
2011-09-12,0.0017536297120156843,0.09735998964735883,1
2011-09-13,0.0017973154326347395,0.09055912078978841,1
2011-09-14,0.0018997040793633556,0.16583246265189158,1
2011-09-15,0.0019297380021175642,0.07960199653117041,0
2011-09-16,0.0019242773480685326,0.14893950566138353,0
2011-09-19,0.0018805916274494778,0.10297534212786728,0
2011-09-20,0.0018273495181312157,0.08389330526308476,0
2011-09-21,0.001789124451561192,0.07551391917818095,0
2011-09-22,0.0016580669642194915,0.14058487211622056,1
2011-09-23,0.001696292030789515,0.1076692053218829,1
2011-09-26,0.0017003876026974226,0.1034009121093767,1
2011-09-27,0.0017031179297219384,0.08269389272336128,0
2011-09-28,0.0016457804112380368,0.13210604161727016,0
2011-09-29,0.0016007294457355899,0.0919248530263671,0
2011-09-30,0.0015215489855710269,0.07144625181410062,0
2011-10-03,0.001425986237774834,0.10098775661218504,1
2011-10-04,0.001574790932147021,0.14567824998675524,1
2011-10-05,0.0016375892674222218,0.09087091593950654,1
2011-10-06,0.0017099439913966293,0.08180410405794006,1
2011-10-07,0.0017454385681998695,0.08547182249041817,1
2011-10-10,0.0018314450900391234,0.05587733857218666,0
2011-10-11,0.0018096021483584618,0.08646018705971964,0
2011-10-12,0.0018082369034750703,0.06431144079757026,1
2011-10-13,0.0019242773480685326,0.09066725030549846,1
2011-10-14,0.001959772087614041,0.07412430291202775,0
2011-10-17,0.001853287868977517,0.06428060868666499,1
2011-10-18,0.0019270076750930484,0.062015534172835264,0
2011-10-19,0.0018846870366151175,0.05839514954442299,0
2011-10-20,0.001780933307745377,0.1053750357174806,1
2011-10-21,0.0017904895337023164,0.0660879783428305,1
2011-10-24,0.0018642093398178478,0.05597287469048469,0
2011-10-25,0.0017863941245366763,0.060612890254186876,1
2011-10-26,0.0018096021483584618,0.05248363509719063,1
2011-10-27,0.0018956085074554483,0.06058422941869746,1
2011-10-28,0.0019433897999824108,0.05107664862771051,0
2011-10-31,0.0018341754170636392,0.05431488878293065,0
2011-11-01,0.0017331520152184146,0.08371830046456609,0
2011-11-02,0.0017003876026974226,0.10225925549571521,1
2011-11-03,0.0018136977202663695,0.07921811503764559,1
2011-11-04,0.001836905744088155,0.068955364657021,0
2011-11-07,0.0018259842732478242,0.06447124666817788,1
2011-11-08,0.0018724004836336628,0.057544009581404154,0
2011-11-09,0.0017686467547639224,0.05564588061285551,1
2011-11-10,0.001789124451561192,0.1053941429411402,1
2011-11-11,0.0018587486857688162,0.18801942336136016,0
2011-11-14,0.0018191583743154011,0.05217705100847058,1
2011-11-15,0.0018450968879039696,0.05275982133008858,0
2011-11-16,0.0018041413315671626,0.05349371242065074,0
2011-11-17,0.0017331520152184146,0.06924457854241414,0
2011-11-18,0.0017154046454456607,0.05229212860551139,1
2011-11-21,0.0018109673932418537,0.1423388283971558,1
2011-11-22,0.0018724004836336628,0.13763714861164308,0
2011-11-23,0.0017850288796532848,0.08746548757726484,0
2011-11-25,0.001730421688193899,0.04200766547072817,1
2011-11-28,0.0018382709889715465,0.0728393421209192,1
2011-11-29,0.0018491924598118773,0.06554646225411392,1
2011-11-30,0.0019474853718903181,0.07715019233157634,1
2011-12-01,0.001973423885478887,0.05537620820620516,0
2011-12-02,0.001959772087614041,0.05718965743353509,0
2011-12-05,0.0019270076750930484,0.06785409376609458,0
2011-12-06,0.0018969737523388398,0.060160830712603905,0
2011-12-07,0.0018846870366151175,0.05323272511566384,0
2011-12-08,0.0018191583743154011,0.05122125557040708,1
2011-12-09,0.0018478272149284854,0.05820755134849231,0
2011-12-12,0.0017973154326347395,0.06009308691962894,0
2011-12-13,0.0017427082411753537,0.053947074727483224,0
2011-12-14,0.0016676233529186982,0.06691219449069262,0
2011-12-15,0.0016512410652870682,0.04510477272391712,1
2011-12-16,0.0016580669642194915,0.06507703250920405,0
2011-12-19,0.0016102856716925288,0.04815845446878878,1
2011-12-20,0.0017113090735377532,0.046196924258096905,0
2011-12-21,0.0016867358048325762,0.057402442424289796,1
2011-12-22,0.001767281509880531,0.06045699267932781,0
2011-12-23,0.001748169057966653,0.024890198602219738,0
2011-12-27,0.0017331520152184146,0.01911069770027193,0
2011-12-28,0.001685370722691452,0.02326304480557097,1
2011-12-29,0.0017208652994946923,0.020782579770487503,0
2011-12-30,0.0017058484194887218,0.018160113323206505,1
2012-01-03,0.001730421688193899,0.04867608652793085,1
2012-01-04,0.0017522644671322926,0.035575479178771525,1
2012-01-05,0.0018218887013399165,0.05904436089376644,0
2012-01-06,0.0017986806775181314,0.05575531289381508,0
2012-01-09,0.0017986806775181314,0.05304035011381826,0
2012-01-10,0.0017904895337023164,0.05717489276070721,0
2012-01-11,0.0017508993849911687,0.05043785940036321,0
2012-01-12,0.0017386126692674462,0.06868656076053699,0
2012-01-13,0.001688101049715968,0.0526121746018098,0
2012-01-17,0.0016594322091028832,0.06595205650179739,1
2012-01-18,0.001722230544378084,0.06654915724116009,1
2012-01-19,0.0017727421639295625,0.06390410952955411,0
2012-01-20,0.001754994956899076,0.05716881318954279,1
2012-01-23,0.0018082369034750703,0.05896228668304677,1
2012-01-24,0.001853287868977517,0.07721489633896911,0
2012-01-25,0.0018410013159960623,0.13619021067451106,0
2012-01-26,0.0018218887013399165,0.0846788727085445,1
2012-01-27,0.0018491924598118773,0.046716727592654834,0
2012-01-30,0.0018341754170636392,0.04118866038386412,0
2012-01-31,0.0018300798451557315,0.03671843855768254,1
2012-02-01,0.0018519227868363931,0.04433093016570305,1
2012-02-02,0.0019283729199764403,0.0734494705127771,1
2012-02-03,0.001973423885478887,0.05162771832825689,0
2012-02-06,0.001957041760589525,0.028138426624352852,1
2012-02-07,0.001962502414638556,0.04240674589216404,1
2012-02-08,0.0020403177926619953,0.08988341988037142,0
2012-02-09,0.002038952547778604,0.05887022460541412,0
2012-02-10,0.001984345356319218,0.0456606192303784,1
2012-02-13,0.002018474850981334,0.06415988577354292,1
2012-02-14,0.002030761403962789,0.04712492737083734,0
2012-02-15,0.0020212051780058495,0.11846218115906157,1
2012-02-16,0.0020594302445758736,0.2028956997456134,0
2012-02-17,0.0019775194573867947,0.10863759415735842,1
2012-02-21,0.001988440928227125,0.05411860548533651,0
2012-02-22,0.001973423885478887,0.051323739770035876,1
2012-02-23,0.0019857104384603417,0.03303465268712703,0
2012-02-24,0.0019693283135709797,0.03767032569999748,0
2012-02-27,0.0019256425929519245,0.0787725693223102,0
2012-02-28,0.0019065299782957787,0.07384551114863076,0
2012-02-29,0.0018819567095906017,0.07268518156639284,1
2012-03-01,0.0018956085074554483,0.04671108227657359,1
2012-03-02,0.0019133558772282022,0.07212933505993155,0
2012-03-05,0.0018423663981371862,0.05375730525613668,0
2012-03-06,0.0018232539462233084,0.049040426542712894,1
2012-03-07,0.0018355404992047631,0.045846914661059564,1
2012-03-08,0.0018423663981371862,0.04463838276458945,0
2012-03-09,0.001836905744088155,0.03779712818428396,0
2012-03-12,0.0018055065764505545,0.03042695091267391,1
2012-03-13,0.0018328101721802473,0.05793049660542802,0
2012-03-14,0.001775472653696346,0.07773469967352703,1
2012-03-15,0.0018041413315671626,0.039376079666700536,1
2012-03-16,0.001806871821333946,0.04436567057235689,1
2012-03-19,0.0018123324753829776,0.04187521767036044,0
2012-03-20,0.0017795682256042532,0.04667547335975341,1
2012-03-21,0.0017877592066778006,0.048653939518689036,0
2012-03-22,0.0017850288796532848,0.04404345330064261,1
2012-03-23,0.001800045922401523,0.03211055787013515,1
2012-03-26,0.0018232539462233084,0.029194969241712457,1
2012-03-27,0.001836905744088155,0.04345677468327606,1
2012-03-28,0.0018833219544739936,0.09475098510765619,1
2012-03-29,0.0018928781804309325,0.03832518236542218,1
2012-03-30,0.001916086204252718,0.05510262750380625,0
2012-04-02,0.0019065299782957787,0.04213316518976513,0
2012-04-03,0.0018724004836336628,0.044597562786771204,0
2012-04-04,0.0018136977202663695,0.05169980467206359,0
2012-04-05,0.0018109673932418537,0.03796952745230359,0
2012-04-09,0.0017850288796532848,0.03754395747079418,0
2012-04-10,0.0017468038130832612,0.04892752022108795,1
2012-04-11,0.0017713770817884382,0.038353408945828414,1
2012-04-12,0.0018177932921742768,0.039646186328434065,0
2012-04-13,0.0017468038130832612,0.03166197236921757,0
2012-04-16,0.0017235957892614757,0.04817929871278108,1
2012-04-17,0.0017276911984271156,0.04787835994014228,0
2012-04-18,0.001707213501629846,0.04137191602896308,0
2012-04-19,0.0016785448237590288,0.07029591009877567,0
2012-04-20,0.0016416848393301293,0.053186694076847514,0
2012-04-23,0.001619841897649468,0.07453597673087563,0
2012-04-24,0.0015638694613066904,0.07716278572898835,1
2012-04-25,0.0015993642008521982,0.07680148549978852,1
2012-04-26,0.0016007294457355899,0.05640191871265949,0
2012-04-27,0.0015857124029873518,0.04946990481997087,1
2012-04-30,0.0015884427300118674,0.026336268029185414,1
2012-05-01,0.001619841897649468,0.0422313068385622,0
2012-05-02,0.001567965033214598,0.07212195272351761,0
2012-05-03,0.001537931110460389,0.04340987513429338,0
2012-05-04,0.001487419328166643,0.05704070794000679,1
2012-05-07,0.0015160881687797277,0.06348375060904277,0
2012-05-08,0.0015147230866386036,0.04805379899374412,1
2012-05-09,0.0015215489855710269,0.054382632575905615,0
2012-05-10,0.0015092622698473044,0.06268602402125419,1
2012-05-11,0.001617111570624952,0.15366767500696982,0
2012-05-14,0.0016061900997846215,0.04535707492724056,0
2012-05-15,0.0015884427300118674,0.06299521364047328,0
2012-05-16,0.0015529481532086274,0.04894098212866631,0
2012-05-17,0.0015406614374849049,0.03427184541908655,0
2012-05-18,0.001462846059461466,0.05945038939653308,1
2012-05-21,0.0014915149000745505,0.0430542202211748,0
2012-05-22,0.0014710372032772808,0.0423898099439203,1
2012-05-23,0.0015119925968718202,0.05171109530422609,0
2012-05-24,0.0014669416313693735,0.054362222586996495,1
2012-05-25,0.0015065319428227888,0.040393539326574586,1
2012-05-29,0.0015502176634418438,0.031518233936687345,0
2012-05-30,0.001529739966644574,0.039095116627887685,0
2012-05-31,0.0015106275147306963,0.03675013917875416,0
2012-06-01,0.0014491942615966194,0.045738350890266344,0
2012-06-04,0.0014150647669345033,0.04485594456125906,1
2012-06-05,0.0014614809773203419,0.037513559614972075,1
2012-06-06,0.001505166697939397,0.03792002237282188,0
2012-06-07,0.0014369077086151647,0.055052688169241366,1
2012-06-08,0.0014683068762527652,0.0380654978256848,1
2012-06-11,0.001487419328166643,0.08895715378796368,1
2012-06-12,0.0015215489855710269,0.05172499146688762,0
2012-06-13,0.00147649802006858,0.05152393136337857,0
2012-06-14,0.0014560201605290427,0.06190349636137666,1
2012-06-15,0.0014915149000745505,0.03969178311216722,1
2012-06-18,0.0015065319428227888,0.03091288235074436,1
2012-06-19,0.0016212071425328596,0.10213636130717729,1
2012-06-20,0.0016498759831459443,0.10346561611676947,0
2012-06-21,0.0015665999510734738,0.05392319069790871,1
2012-06-22,0.0015884427300118674,0.09181020968440946,0
2012-06-25,0.0015324702936690899,0.05156084304544827,1
2012-06-26,0.0015515829083252355,0.04532233452058673,1
2012-06-27,0.0016075553446680132,0.05280368109348904,1
2012-06-28,0.0016212071425328596,0.05712799321172454,1
2012-06-29,0.0017003876026974226,0.06479389819497533,0
2012-07-02,0.0016498759831459443,0.06101327344087227,1
2012-07-03,0.0016976572756729068,0.02166976290540969,0
2012-07-05,0.0016785448237590288,0.02826957165947106,0
2012-07-06,0.001643050084213521,0.03941733389960196,0
2012-07-09,0.0016184768155083438,0.031120456280500988,0
2012-07-10,0.0015638694613066904,0.0534511554224998,0
2012-07-11,0.0015352007834358733,0.05054034359999201,0
2012-07-12,0.0015065319428227888,0.04912293500851574,1
2012-07-13,0.0015283748845034502,0.03306635330819865,1
2012-07-16,0.0015338355385524816,0.034173703770289485,0
2012-07-17,0.0015024363709148813,0.04644314689025592,1
2012-07-18,0.0015966338738276824,0.06473961630957872,1
2012-07-19,0.0016143812436004363,0.04161857291620527,0
2012-07-20,0.0015625043791655663,0.046825725618531225,1
2012-07-23,0.0015857124029873518,0.046889126860674465,0
2012-07-24,0.0015665999510734738,0.03598715299761941,1
2012-07-25,0.0016007294457355899,0.042922206675890244,1
2012-07-26,0.0016089205895514049,0.03460578757804649,1
2012-07-27,0.0016539715550538516,0.0387394617147691,0
2012-07-30,0.0016334936955143143,0.03733204099020581,1
2012-07-31,0.001662162536127399,0.03996319253915027,0
2012-08-01,0.0016416848393301293,0.03433133836548124,1
2012-08-02,0.0016485107382625526,0.03780537903086425,1
2012-08-03,0.0016867358048325762,0.03331474721577354,1
2012-08-06,0.0017263261162859915,0.0369815971380853,1
2012-08-07,0.0017454385681998695,0.04208583138569928,1
2012-08-08,0.0017563600390402,0.053997882572214446,1
2012-08-09,0.0018218887013399165,0.08713545371405346,0
2012-08-10,0.0018096021483584618,0.13668873550999353,1
2012-08-13,0.0018355404992047631,0.0464179600954319,0
2012-08-14,0.0018055065764505545,0.04007609886077521,0
2012-08-15,0.0017904895337023164,0.06239420460536201,1
2012-08-16,0.0018314450900391234,0.038141492465240054,0
2012-08-17,0.0018136977202663695,0.03150346926385947,0
2012-08-20,0.0018136977202663695,0.03199504601801116,0
2012-08-21,0.0018082369034750703,0.034802070875640634,1
2012-08-22,0.0018123324753829776,0.03190428670562803,0
2012-08-23,0.001767281509880531,0.03901347667225119,1
2012-08-24,0.001806871821333946,0.035613693626090744,0
2012-08-27,0.0017727421639295625,0.034877631260112715,0
2012-08-28,0.001764551182856015,0.031601176657573365,1
2012-08-29,0.0017686467547639224,0.02504913596266101,0
2012-08-30,0.001731786770335023,0.03124552174445478,0
2012-08-31,0.0017290564433105073,0.05052384190683144,0
2012-09-04,0.0016266677965818912,0.07325579274568199,1
2012-09-05,0.0016321286133731902,0.05000186729685764,1
2012-09-06,0.001688101049715968,0.06922199727808914,0
2012-09-07,0.001643050084213521,0.08265871806162428,0
2012-09-10,0.0016266677965818912,0.03815234884231938,1
2012-09-11,0.0016485107382625526,0.039422544960600034,1
2012-09-12,0.001668988435059822,0.032887005958848255,1
2012-09-13,0.0016812751507835446,0.044962337056636416,1
2012-09-14,0.0017031179297219384,0.034717391134421925,0
2012-09-17,0.0016512410652870682,0.05142318418408247,1
2012-09-18,0.0016635277810107907,0.03694121141535022,1
2012-09-19,0.001685370722691452,0.046927341307993684,0
2012-09-20,0.001671718762084338,0.0326685756520123,1
2012-09-21,0.001679909905900153,0.03478991173331179,0
2012-09-24,0.0016785448237590288,0.0367110562212686,0
2012-09-25,0.001644415166354645,0.05014169743363931,0
2012-09-26,0.0016130159987170446,0.04528542283851704,1
2012-09-27,0.0016266677965818912,0.05853845372187004,1
2012-09-28,0.001634858940397706,0.05057204422106363,0
2012-10-01,0.0016048250176434974,0.05260522652047903,1
2012-10-02,0.0016116509165759207,0.029943190750019326,0
2012-10-03,0.0015939035468031666,0.04464055404000532,1
2012-10-04,0.0016730840069677296,0.05242848470162768,0
2012-10-05,0.0016293982863486746,0.050307148620328174,0
2012-10-08,0.0016116509165759207,0.023983473988554774,0
2012-10-09,0.0015734258500058969,0.03763688805859317,0
2012-10-10,0.0015433917645094207,0.033316918491189396,1
2012-10-11,0.0015529481532086274,0.03265989055034884,0
2012-10-12,0.001537931110460389,0.026165605781498475,1
2012-10-15,0.0015597740521410505,0.02495881090536105,1
2012-10-16,0.0016102856716925288,0.03778192925637291,0
2012-10-17,0.0015966338738276824,0.040393539326574586,0
2012-10-18,0.0015693302780979896,0.025522474003319445,0
2012-10-19,0.0014669416313693735,0.07487990675674855,0
2012-10-22,0.0014478291794554955,0.05006526853900088,1
2012-10-23,0.0014969757168658497,0.06017342411001592,0
2012-10-24,0.0014751327751851883,0.034006081308184756,1
2012-10-25,0.00147649802006858,0.031231191326710074,0
2012-10-26,0.001458750650295826,0.0401355918071699,0
2012-10-31,0.0014491942615966194,0.03554725259836529,1
2012-11-01,0.0015270096396200585,0.049238012605556554,0
2012-11-02,0.0015188184958042435,0.025731784953408773,1
2012-11-05,0.001591173219778651,0.046156972790445,0
2012-11-06,0.0015898079748952593,0.03594807004013385,0
2012-11-07,0.0015352007834358733,0.033105436265684206,1
2012-11-08,0.0015447570093928124,0.08895107421679925,0
2012-11-09,0.001477863102209704,0.08973881293767486,0
2012-11-12,0.0014410032805230722,0.06773771340380426,0
2012-11-13,0.0014287165647993497,0.051289867873548396,0
2012-11-14,0.0013891264160882022,0.06509700824303,1
2012-11-15,0.0013959523150206253,0.04852887405473525,0
2012-11-16,0.0013672834744075408,0.06566718516723598,1
2012-11-19,0.0014109691950265958,0.04173321625816291,0
2012-11-20,0.0013823005171557789,0.03444685021760522,1
2012-11-21,0.0014273514826582258,0.04371124816201536,1
2012-11-23,0.0014382729534985564,0.02792824716409718,1
2012-11-26,0.0014669416313693735,0.0374458158219971,1
2012-11-27,0.0014737675303017966,0.046869585381931686,1
2012-11-28,0.001487419328166643,0.04110788893839397,0
2012-11-29,0.0014573854054124344,0.05091727701218607,0
2012-11-30,0.0014478291794554955,0.04785751569614998,0
2012-12-03,0.001417795093959019,0.04035315360383951,1
2012-12-04,0.0014655765492282494,0.05519251830602303,0
2012-12-05,0.0014464639345721038,0.06658693743339614,1
2012-12-06,0.0014491942615966194,0.04268901169622641,0
2012-12-07,0.0014464639345721038,0.034589285884885926,1
2012-12-10,0.0015010711260314896,0.053626594476101644,1
2012-12-11,0.0015406614374849049,0.08653010212811046,0
2012-12-12,0.001522914067712151,0.0412242693006843,1
2012-12-13,0.0015242793125955427,0.03885236803639405,1
2012-12-14,0.0015324702936690899,0.034629671607621,0
2012-12-17,0.0015256443947366668,0.04619952978859594,1
2012-12-18,0.0015283748845034502,0.04307332744483441,1
2012-12-19,0.0015406614374849049,0.04764473070539527,0
2012-12-20,0.0015392963553437808,0.03415980760762795,0
2012-12-21,0.0014997060438903655,0.04803860006583307,0
2012-12-24,0.001486054246025519,0.011691883859346516,0
2012-12-26,0.0014846890011421274,0.01922230125664736,0
2012-12-27,0.0014737675303017966,0.030411317729679685,0
2012-12-28,0.0014655765492282494,0.021812632827773567,1
2012-12-31,0.001487419328166643,0.03330519360394373,1
2013-01-02,0.0015502176634418438,0.04984770674233127,1
2013-01-03,0.0015515829083252355,0.0303118733156331,1
2013-01-04,0.0016089205895514049,0.054855970616564054,0
2013-01-07,0.001557043562374267,0.06416683385487369,0
2013-01-08,0.0015188184958042435,0.04850021321924584,0
2013-01-09,0.0014805934292342199,0.07331745696749255,1
2013-01-10,0.0014833239190010033,0.05283668447981018,0
2013-01-11,0.0014805934292342199,0.053575352376287244,0
2013-01-14,0.0014792283470930958,0.031049672701943816,0
2013-01-15,0.0014491942615966194,0.03867128366671096,1
2013-01-16,0.0014642113043448577,0.03449027572592251,1
2013-01-17,0.001486054246025519,0.060910354986160285,0
2013-01-18,0.0014751327751851883,0.0409728356075272,0
2013-01-22,0.0014669416313693735,0.03132542467975859,1
2013-01-23,0.0014696721211361569,0.04365653202153558,1
2013-01-24,0.001477863102209704,0.04096111072028154,1
2013-01-25,0.0015078971877061805,0.04062890558165429,1
2013-01-28,0.0015352007834358733,0.04373078964075814,0
2013-01-29,0.0014983407990069738,0.040080875666690115,0
2013-01-30,0.001495610471982458,0.029085536960752893,0
2013-01-31,0.001487419328166643,0.0489474959549139,1
2013-02-01,0.0015024363709148813,0.029218419016203798,0
2013-02-04,0.0014737675303017966,0.05342032331159453,1
2013-02-05,0.0015119925968718202,0.037738503748055624,0
2013-02-06,0.0014983407990069738,0.055476955385501264,0
2013-02-07,0.0014915149000745505,0.04563152413980582,1
2013-02-08,0.0015024363709148813,0.031217729419131715,1
2013-02-11,0.0015215489855710269,0.042190921115827125,0
2013-02-12,0.0015106275147306963,0.028022914772228867,0
2013-02-13,0.0015024363709148813,0.09083704404301905,1
2013-02-14,0.0015515829083252355,0.09362713295240478,0
2013-02-15,0.0015515829083252355,0.07753407382510116,0
2013-02-19,0.0015283748845034502,0.04493150494573114,0
2013-02-20,0.001503801615798273,0.07527073633160414,0
2013-02-21,0.0014915149000745505,0.06087474606934012,1
2013-02-22,0.001522914067712151,0.03804812762235788,0
2013-02-25,0.0014928801449579422,0.06782673569585469,1
2013-02-26,0.0015024363709148813,0.0507887375075669,1
2013-02-27,0.0015338355385524816,0.049646212383739056,1
2013-02-28,0.0015420266823682966,0.062067210527732834,1
2013-03-01,0.0015488525813007199,0.040137763082585765,0
2013-03-04,0.0015420266823682966,0.036260299444935154,1
2013-03-05,0.0015611391342821746,0.037616043814600875,0
2013-03-06,0.0015597740521410505,0.03509302178136646,0
2013-03-07,0.001555678480233143,0.032041945566993836,1
2013-03-08,0.0015638694613066904,0.024620526195569384,0
2013-03-11,0.0015474873364173282,0.030405238158515265,1
2013-03-12,0.0015529481532086274,0.03161116452448634,0
2013-03-13,0.0015529481532086274,0.05060808739296698,1
2013-03-14,0.0015543132353497513,0.03947639259091347,0
2013-03-15,0.0015392963553437808,0.03648784910851774,0
2013-03-18,0.0015270096396200585,0.0302493405836562,0
2013-03-19,0.0015160881687797277,0.03645571423236295,1
2013-03-20,0.0015365658655769974,0.03483898255771033,0
2013-03-21,0.0015092622698473044,0.03467005733035608,1
2013-03-22,0.0015174534136631194,0.023101936169713833,0
2013-03-25,0.0015078971877061805,0.03717180086451502,1
2013-03-26,0.0015201837406876352,0.0231088842510446,1
2013-03-27,0.0015406614374849049,0.02554114697189588,1
2013-03-28,0.001565234706190082,0.03578218459836181,0
2013-04-01,0.0015078971877061805,0.04593854248360904,0
2013-04-02,0.0014901498179334266,0.038197511370969356,0
2013-04-03,0.0014696721211361569,0.036203412029039504,1
2013-04-04,0.001486054246025519,0.029854602713052056,1
2013-04-05,0.0015147230866386036,0.057720317145172347,0
2013-04-08,0.0015106275147306963,0.03332690635810238,1
2013-04-09,0.001537931110460389,0.03918109913435592,1
2013-04-10,0.001565234706190082,0.039626644849691285,0
2013-04-11,0.001557043562374267,0.10308564291899319,1
2013-04-12,0.0016007294457355899,0.0815170614479628,0
2013-04-15,0.0015638694613066904,0.044591483215606784,1
2013-04-16,0.001582982075962836,0.04876293754456543,0
2013-04-17,0.0015597740521410505,0.05572230950749394,0
2013-04-18,0.0015256443947366668,0.04156559379605818,1
2013-04-19,0.001529739966644574,0.03076132732671702,1
2013-04-22,0.0015324702936690899,0.024523253056938657,1
2013-04-23,0.0015775214219138044,0.038786361263751776,1
2013-04-24,0.0016375892674222218,0.058285283008380255,1
2013-04-25,0.0016526063101704599,0.03621079436545344,0
2013-04-26,0.001644415166354645,0.03307416989969576,1
2013-04-29,0.0016662581080353065,0.02714441673897014,1
2013-04-30,0.0016935617037649993,0.027904363134522672,0
2013-05-01,0.001677179578875637,0.03491801698284779,1
2013-05-02,0.0016990225205562985,0.03298167356697994,1
2013-05-03,0.001707213501629846,0.029766448931167963,0
2013-05-06,0.0017017528475808143,0.02143439665032999,0
2013-05-07,0.001677179578875637,0.04650741664256551,1
2013-05-08,0.0017113090735377532,0.03412723847638999,1
2013-05-09,0.001712674318421145,0.05939741027638599,1
2013-05-10,0.0017986806775181314,0.09135163631657892,0
2013-05-13,0.0017577252839235918,0.02932654853191384,1
2013-05-14,0.0017863941245366763,0.04716661585882194,1
2013-05-15,0.0018205236191987926,0.03186259821764344,0
2013-05-16,0.0018109673932418537,0.03134105786275281,1
2013-05-17,0.0018437316430205781,0.0317479548756858,0
2013-05-20,0.0018396360711126704,0.02352576913089056,1
2013-05-21,0.0018505575419530012,0.03670584516027053,0
2013-05-22,0.0017795682256042532,0.05001793473493504,1
2013-05-23,0.0018109673932418537,0.04062499728590573,0
2013-05-24,0.0017986806775181314,0.02862001551159157,0
2013-05-28,0.0017973154326347395,0.028185326173335523,0
2013-05-29,0.0017850288796532848,0.034237973522599066,1
2013-05-30,0.0018109673932418537,0.028750292036543435,0
2013-05-31,0.001789124451561192,0.06055991113403978,0
2013-06-03,0.0017863941245366763,0.04611658706770992,1
2013-06-04,0.001789124451561192,0.03734550289778417,0
2013-06-05,0.0017468038130832612,0.04829350779965555,1
2013-06-06,0.001759090366064716,0.03488848763719204,1
2013-06-07,0.0017863941245366763,0.0276733394302747,0
2013-06-10,0.0017850288796532848,0.022197817086547906,0
2013-06-11,0.001748169057966653,0.030034818572568803,0
2013-06-12,0.001731786770335023,0.031799196975500196,1
2013-06-13,0.001775472653696346,0.0235123072233122,0
2013-06-14,0.0017727421639295625,0.023485817663238658,1
2013-06-17,0.001791854778585708,0.02558370397004682,0
2013-06-18,0.0017795682256042532,0.050709268827346256,1
2013-06-19,0.0018396360711126704,0.12375271083735673,0
2013-06-20,0.0017850288796532848,0.06611707343340308,0
2013-06-21,0.001782298552628769,0.07540274987688869,0
2013-06-24,0.001741342996291962,0.06091426328190885,1
2013-06-25,0.001754994956899076,0.0475161912007761,0
2013-06-26,0.0017440734860587454,0.06080352823569977,0
2013-06-27,0.0017263261162859915,0.08558690008745898,1
2013-06-28,0.001730421688193899,0.044712640383812015,1
2013-07-01,0.0017386126692674462,0.019524542794535683,0
2013-07-02,0.001737247587126322,0.02569834731200446,1
2013-07-03,0.0017427082411753537,0.013104515644907881,1
2013-07-05,0.0017577252839235918,0.01791345643596431,0
2013-07-08,0.001748169057966653,0.026316292295359464,1
2013-07-09,0.0017577252839235918,0.014947494217893566,1
2013-07-10,0.001783663634769893,0.02049553716051023,1
2013-07-11,0.0018109673932418537,0.023900531267668754,1
2013-07-12,0.0018123324753829776,0.021352322439610317,0
2013-07-15,0.0018082369034750703,0.01972082609212982,1
2013-07-16,0.0018191583743154011,0.015511591570935134,0
2013-07-17,0.0018082369034750703,0.01589590731954313,0
2013-07-18,0.001800045922401523,0.035262381263803884,0
2013-07-19,0.0017577252839235918,0.05003183089759657,0
2013-07-22,0.0017563600390402,0.029605774550394003,0
2013-07-23,0.0017536297120156843,0.02465613511238956,0
2013-07-24,0.0017536297120156843,0.028722933966303543,1
2013-07-25,0.0017604556109481076,0.024279201700195503,0
2013-07-26,0.0017522644671322926,0.022546523918335726,0
2013-07-29,0.001748169057966653,0.017355004399003993,1
2013-07-30,0.001780933307745377,0.026749678868365993,1
2013-07-31,0.0017850288796532848,0.0271930533082855,1
2013-08-01,0.0018123324753829776,0.028005978823985124,1
2013-08-02,0.00182871460027234,0.020621471134630365,1
2013-08-05,0.0018382709889715465,0.017968172576444095,0
2013-08-06,0.0018082369034750703,0.020293608546834846,0
2013-08-07,0.001806871821333946,0.024394279297236313,1
2013-08-08,0.0018205236191987926,0.03539352629892209,0
2013-08-09,0.001791854778585708,0.09624655961410357,0
2013-08-12,0.001775472653696346,0.025826018306457286,1
2013-08-13,0.001782298552628769,0.019301335681784822,1
2013-08-14,0.0018655745847012393,0.08780941760313776,1
2013-08-15,0.001879226382566086,0.07642194655709543,1
2013-08-16,0.001887417526381901,0.06956505879379572,0
2013-08-19,0.001854653113860909,0.0405759264615072,0
2013-08-20,0.001854653113860909,0.023288231600394997,0
2013-08-21,0.0018450968879039696,0.026257233604047952,1
2013-08-22,0.0018560183587443004,0.011869928443447395,0
2013-08-23,0.0018560183587443004,0.024474616487623297,1
2013-08-26,0.00186011376790994,0.030449097921915726,0
2013-08-27,0.0018341754170636392,0.02798600309015917,0
2013-08-28,0.0018341754170636392,0.03247620065016671,0
2013-08-29,0.0018300798451557315,0.027850515504209236,0
2013-08-30,0.0018273495181312157,0.03891359800312143,1
2013-09-03,0.00182871460027234,0.02876939926020304,1
2013-09-04,0.0018478272149284854,0.02197330720854753,1
2013-09-05,0.001853287868977517,0.01685170275760663,0
2013-09-06,0.0018450968879039696,0.022480951400776623,1
2013-09-09,0.001879226382566086,0.024614446624404963,1
2013-09-10,0.0019229121031851411,0.029578416480154107,1
2013-09-11,0.001958406842730649,0.04087252268331427,0
2013-09-12,0.001957041760589525,0.030846007067935735,1
2013-09-13,0.001970693558454371,0.015200664931383355,1
2013-09-16,0.0019720586405954955,0.02298642431758985,1
2013-09-17,0.0019788845395279186,0.016168185256692523,1
2013-09-18,0.0019979971541840644,0.026976794276865407,0
2013-09-19,0.001988440928227125,0.02256953943774389,0
2013-09-20,0.0019693283135709797,0.036516075688923975,0
2013-09-23,0.00194885061677371,0.02731073643582535,1
2013-09-24,0.001957041760589525,0.022804037182657243,1
2013-09-25,0.001959772087614041,0.023175759533853223,0
2013-09-26,0.0019529461886816173,0.014019491105153131,0
2013-09-27,0.001940659472957895,0.014356473049695284,0
2013-09-30,0.0019379291459333792,0.022468358003364608,0
2013-10-01,0.0019365639010499877,0.02250483543035113,0
2013-10-02,0.0019351988189088634,0.015454704155039488,0
2013-10-03,0.0019133558772282022,0.04528064603260214,1
2013-10-04,0.001942024717841287,0.024594905145662184,0
2013-10-07,0.001942024717841287,0.01631409496463861,0
2013-10-08,0.0019242773480685326,0.029424255925627738,0
2013-10-09,0.0018915129355475406,0.027811866801806848,1
2013-10-10,0.0019147211221115937,0.02212573074274121,0
2013-10-11,0.0018969737523388398,0.021063977064383527,1
2013-10-14,0.0019283729199764403,0.01595322899052195,0
2013-10-15,0.0019174514491361095,0.020533751607829446,1
2013-10-16,0.0019433897999824108,0.020669673448862554,1
2013-10-17,0.0019474853718903181,0.021022722831482103,1
2013-10-18,0.0019720586405954955,0.02555460887947424,1
2013-10-21,0.0019775194573867947,0.019034268805633504,0
2013-10-22,0.001966597986546464,0.01734545078717419,0
2013-10-23,0.0019297380021175642,0.02524498500517198,0
2013-10-24,0.0019147211221115937,0.02353184870205498,0
2013-10-25,0.001894243425314324,0.03374292272778199,0
2013-10-28,0.0018901478534064167,0.04064019621381678,1
2013-10-29,0.0018928781804309325,0.03998099699756036,0
2013-10-30,0.0018915129355475406,0.020013948273271513,0
2013-10-31,0.001887417526381901,0.029712601300854527,1
2013-11-01,0.0018969737523388398,0.020242366447020446,0
2013-11-04,0.001836905744088155,0.042403271851498656,0
2013-11-05,0.0018341754170636392,0.04371732773317978,1
2013-11-06,0.0018478272149284854,0.01936386841376172,0
2013-11-07,0.001800045922401523,0.057907481086019855,1
2013-11-08,0.0019379291459333792,0.07760702867907421,1
2013-11-11,0.001955676515706133,0.030174648709350466,1
2013-11-12,0.001959772087614041,0.03217309060211204,1
2013-11-13,0.002018474850981334,0.0339926194006064,1
2013-11-14,0.002028031076938273,0.03129893511968505,0
2013-11-15,0.0020212051780058495,0.04675320501964136,0
2013-11-18,0.001967963068687588,0.032272535016158635,0
2013-11-19,0.0019215470210440172,0.020305333434080513,0
2013-11-20,0.0018901478534064167,0.020094719718741667,1
2013-11-21,0.0019065299782957787,0.02104921239155565,0
2013-11-22,0.001886052281498509,0.015089061375007925,1
2013-11-25,0.0019311032470009561,0.024809861411832758,1
2013-11-26,0.00194885061677371,0.07963109162174299,1
2013-11-27,0.001957041760589525,0.01754303685001785,0
2013-11-29,0.0019433897999824108,0.010561517877847518,1
2013-12-02,0.001963867659521948,0.03845241910479183,0
2013-12-03,0.001962502414638556,0.029407754232467165,1
2013-12-04,0.0019925363373927652,0.05140451121550604,0
2013-12-05,0.001957041760589525,0.0273724006576359,0
2013-12-06,0.0019256425929519245,0.028369884583683995,0
2013-12-09,0.0018901478534064167,0.03968440077575328,1
2013-12-10,0.0019379291459333792,0.0547799759770088,0
2013-12-11,0.0019174514491361095,0.042825802047425865,0
2013-12-12,0.00187649605554157,0.02595151802549425,0
2013-12-13,0.0018642093398178478,0.017903034313968162,1
2013-12-16,0.0018669396668423636,0.023660388206674154,1
2013-12-17,0.00187649605554157,0.027621228820293955,1
2013-12-18,0.0019051647334123872,0.04413681814352478,1
2013-12-19,0.0019133558772282022,0.02593197654675147,1
2013-12-20,0.001955676515706133,0.039343510535462575,1
2013-12-23,0.001967963068687588,0.016163842705860795,1
2013-12-24,0.001973423885478887,0.006505141145929684,0
2013-12-26,0.0019529461886816173,0.016202057153180006,1
2013-12-27,0.001965232741663072,0.020767815097659625,1
2013-12-30,0.0019939015822761567,0.024806821626250548,1
2013-12-31,0.0020007274812085802,0.023460196613331458,0
2014-01-02,0.0019788845395279186,0.026100033263939372,0
2014-01-03,0.0019529461886816173,0.026017524798136526,1
2014-01-06,0.001981615029294702,0.042319460620446295,1
2014-01-07,0.0020171096060979422,0.03404646703091983,1
2014-01-08,0.0020471436915944184,0.0313219506390932,0
2014-01-09,0.001963867659521948,0.02958275903098584,0
2014-01-10,0.0019611371697551647,0.02158378039894146,0
2014-01-13,0.0019106255502036864,0.02428050446544502,1
2014-01-14,0.001976154212503403,0.02411722455417202,1
2014-01-15,0.0019993622363251883,0.01686690168551768,1
2014-01-16,0.0020061881352576114,0.021818278143854813,0
2014-01-17,0.0019966319093006725,0.03481857256880121,1
2014-01-21,0.0020048230531164875,0.024578403452501615,0
2014-01-22,0.0020020927260919717,0.034551505692649885,0
2014-01-23,0.0019939015822761567,0.017950802373117178,0
2014-01-24,0.0019379291459333792,0.02464571299039341,0
2014-01-27,0.0019242773480685326,0.023246977367493576,1
2014-01-28,0.0019447550448658023,0.016101744228967072,0
2014-01-29,0.0019242773480685326,0.01555328005891973,1
2014-01-30,0.001959772087614041,0.019890619829650416,0
2014-01-31,0.001957041760589525,0.034270108398753864,0
2014-02-03,0.0019283729199764403,0.04473348462780431,1
2014-02-04,0.001940659472957895,0.028336446942279683,0
2014-02-05,0.0019215470210440172,0.021169501049594537,1
2014-02-06,0.00194885061677371,0.016143432716951667,1
2014-02-07,0.0019802497844113105,0.014934900820481555,1
2014-02-10,0.0019870756833437336,0.03307851245052749,1
2014-02-11,0.0020321266488461803,0.023417639615180515,1
2014-02-12,0.0021113071090107433,0.07869223213192322,1
2014-02-13,0.0021836616702428833,0.09587874555865615,1
2014-02-14,0.0022587467212418066,0.08661825590999456,0
2014-02-18,0.0022573814763584147,0.04443601989583089,1
2014-02-19,0.0022901458888794067,0.046754073529807705,1
2014-02-20,0.0023775174928597847,0.04108139937832042,0
2014-02-21,0.0023584048782036393,0.046831370934612475,1
2014-02-24,0.0023952648626325386,0.04162682376278556,0
2014-02-25,0.0023720566760684855,0.024155873256574405,0
2014-02-26,0.0023679612669028458,0.0370423928497295,0
2014-02-27,0.002339292426289761,0.04007827013619108,0
2014-02-28,0.002322910301400399,0.03278756154480166,0
2014-03-03,0.0023106235856766764,0.038677797492958556,1
2014-03-04,0.0023365620992652453,0.026127391334179264,1
2014-03-05,0.0023584048782036393,0.024078575851769632,0
2014-03-06,0.002322910301400399,0.029362591703817192,0
2014-03-07,0.0023201798116336157,0.027007626387770683,0
2014-03-10,0.0022833199899469836,0.030529000857219532,1
2014-03-11,0.0023078932586521606,0.030130788945950004,1
2014-03-12,0.002314719157584584,0.023856671504268293,0
2014-03-13,0.002235538697420021,0.0396791897147552,1
2014-03-14,0.002246460005518084,0.04780801061666828,0
2014-03-17,0.002246460005518084,0.03039525029160229,1
2014-03-18,0.0023037976867442533,0.029770791481999695,1
2014-03-19,0.0023474834073633085,0.037616043814600875,1
2014-03-20,0.0023488486522467,0.01868599622892886,0
2014-03-21,0.0023447530803387927,0.05932315265716343,0
2014-03-24,0.002332466527357338,0.031094400975510618,0
2014-03-25,0.002332466527357338,0.03091288235074436,0
2014-03-26,0.0022751288461311686,0.05841555953333212,0
2014-03-27,0.002242364596352444,0.05656693564426518,1
2014-03-28,0.0022573814763584147,0.04116086805854106,1
2014-03-31,0.0022587467212418066,0.027545234180738704,1
2014-04-01,0.0023597701230870308,0.06911082797679689,0
2014-04-02,0.0023433879981976688,0.023913124665080766,1
2014-04-03,0.0023706915939273616,0.06295265664232233,0
2014-04-04,0.0022915111337627986,0.03781840668335943,1
2014-04-07,0.002299702114836346,0.04439129162226409,1
2014-04-08,0.0023884389637001155,0.048963563392991294,0
2014-04-09,0.002385708473933332,0.04367390222486249,0
2014-04-10,0.002322910301400399,0.03833039342642025,0
2014-04-11,0.002287415561854891,0.0361986352231246,1
2014-04-14,0.002314719157584584,0.029366934254648917,1
2014-04-15,0.002332466527357338,0.030935897870152516,1
2014-04-16,0.0023379271814063696,0.023390715800023797,1
2014-04-17,0.0023474834073633085,0.014531477848213951,1
2014-04-21,0.0023679612669028458,0.010565860428679248,1
2014-04-22,0.0023898040458412394,0.025560254195555486,1
2014-04-23,0.002419838131337716,0.02626157615487968,1
2014-04-24,0.0024430461551595015,0.04036531274616835,0
2014-04-25,0.0023706915939273616,0.031909063511542934,0
2014-04-28,0.0023597701230870308,0.022484425441442003,1
2014-04-29,0.0023652307771360624,0.016460438927667867,0
2014-04-30,0.0023351968543818538,0.031055752273108236,1
2014-05-01,0.0023488486522467,0.01937038224000931,0
2014-05-02,0.002329736200332822,0.014840233212349868,1
2014-05-05,0.002357039796062515,0.023838432790775032,0
2014-05-06,0.002305162931627645,0.04304640362967769,1
2014-05-07,0.0023078932586521606,0.029770357226916518,1
2014-05-08,0.002339292426289761,0.04484204839859753,0
2014-05-09,0.0022778591731556844,0.056437093374396494,1
2014-05-12,0.002350213897130092,0.030416963045760935,0
2014-05-13,0.002309258340793285,0.021867348968253347,0
2014-05-14,0.0022846850720881075,0.02113085234719215,0
2014-05-15,0.0022710332742232613,0.03324396363721636,0
2014-05-16,0.0022655726201742297,0.028691233345231923,1
2014-05-19,0.0023447530803387927,0.03695467332292858,0
2014-05-20,0.0023037976867442533,0.025677503068012163,0
2014-05-21,0.0023037976867442533,0.02139053688692953,1
2014-05-22,0.002314719157584584,0.012016272406476654,1
2014-05-23,0.0023379271814063696,0.017693289108795664,1
2014-05-27,0.0023829781469088163,0.020627116450711615,1
2014-05-28,0.0024048210885894775,0.022255138757526726,0
2014-05-29,0.00240072551668157,0.016523840169811108,1
2014-05-30,0.0024075514156139933,0.02382410237303033,0
2014-06-02,0.0023993604345404463,0.0175677893897587,0
2014-06-03,0.0023884389637001155,0.024267476812949836,1
2014-06-04,0.0023911692907246313,0.01536785313840491,1
2014-06-05,0.002402090761564962,0.018349014284386705,1
2014-06-06,0.002411646987521901,0.01534787740457896,1
2014-06-09,0.002414377314546417,0.024728221456196256,1
2014-06-10,0.002428029112411263,0.021487810025560255,1
2014-06-11,0.002462158769815647,0.026766180561526562,1
2014-06-12,0.0024785408947050093,0.03446552318618166,1
2014-06-13,0.002481271221729525,0.02259993729356599,0
2014-06-16,0.00247308007791371,0.01942640114573861,1
2014-06-17,0.002490827447686464,0.014973983777967114,0
2014-06-18,0.002488097120661948,0.021262865892476706,0
2014-06-19,0.002426664030270139,0.04938696209908485,0
2014-06-20,0.0023979951896570544,0.03620254351887316,0
2014-06-23,0.0023679612669028458,0.04283057885334077,0
2014-06-24,0.0023283709554494303,0.02780318170014339,1
2014-06-25,0.0023543093062957316,0.02125027249506469,0
2014-06-26,0.0023201798116336157,0.025754366217733762,1
2014-06-27,0.002322910301400399,0.030738746062392033,1
2014-06-30,0.0023447530803387927,0.017460528384215,1
2014-07-01,0.0023734219209518774,0.03273197689415554,0
2014-07-02,0.0023638656949949385,0.017327212073680928,1
2014-07-03,0.0023870737188167236,0.012724976702214787,0
2014-07-07,0.002366596022019454,0.011704911511841701,0
2014-07-08,0.002346118325222184,0.02195810828063648,1
2014-07-09,0.002422568458362232,0.03995016488665508,0
2014-07-10,0.002408916660497385,0.026774865663190022,1
2014-07-11,0.002414377314546417,0.018619555201203408,1
2014-07-14,0.0024471417270674088,0.02746185720476951,1
2014-07-15,0.0024580631979077396,0.04079392251325998,0
2014-07-16,0.002455332708140956,0.032574342298963783,0
2014-07-17,0.0024485068092085327,0.03312845178509237,0
2014-07-18,0.002331101282473946,0.059507711067511904,1
2014-07-21,0.002346118325222184,0.024283978506110405,0
2014-07-22,0.0023351968543818538,0.030304056724135983,0
2014-07-23,0.0022819547450635917,0.03014511936369471,1
2014-07-24,0.0022860503169714994,0.025501195504243974,0
2014-07-25,0.002242364596352444,0.026755758439530413,0
2014-07-28,0.0022328082076532377,0.03372772379987094,1
2014-07-29,0.0022409993514690527,0.021527327238128984,1
2014-07-30,0.0022819547450635917,0.02459012833974728,0
2014-07-31,0.002202774284899029,0.04149307319716831,1
2014-08-01,0.0022287127984875975,0.02173490116788562,0
2014-08-04,0.0022232519816962983,0.024105933922009524,1
2014-08-05,0.0022246172265796903,0.030230233359996597,0
2014-08-06,0.0022218868995551744,0.022122690957159,0
2014-08-07,0.0021973136308499975,0.04212448008810167,1
2014-08-08,0.0024075514156139933,0.0949572562721633,0
2014-08-11,0.002393899617749147,0.03527714593663176,0
2014-08-12,0.002393899617749147,0.030014842838742846,1
2014-08-13,0.002408916660497385,0.025720494321246276,0
2014-08-14,0.0023802478198843005,0.025654921803687173,1
2014-08-15,0.0024130122324052925,0.03800991317503867,1
2014-08-18,0.0024485068092085327,0.028703826742643938,1
2014-08-19,0.0024580631979077396,0.024815506727914004,0
2014-08-20,0.0024416809102761096,0.02190686618082208,0
2014-08-21,0.0024171076415709326,0.027479227408096427,1
2014-08-22,0.002418472886454324,0.025137289744545106,1
2014-08-25,0.002422568458362232,0.014514976155053382,1
2014-08-26,0.00246898466874807,0.027136165892389853,0
2014-08-27,0.0024389505832515938,0.01772759526036632,1
2014-08-28,0.0024607935249322554,0.01737280885741408,1
2014-08-29,0.00246898466874807,0.020437346979365067,1
2014-09-02,0.0024758105676804935,0.018776755541311987,1
2014-09-03,0.0025003838363856705,0.026030986705714885,1
2014-09-04,0.002548165128912633,0.051258601507559946,0
2014-09-05,0.0025399739850968184,0.02541608150794209,0
2014-09-08,0.002515400716391641,0.03252657423981476,0
2014-09-09,0.002481271221729525,0.019422927105073227,1
2014-09-10,0.002490827447686464,0.01657725354504137,0
2014-09-11,0.0024635238519567708,0.025082573604065322,0
2014-09-12,0.0024239335405033557,0.026365363119757998,0
2014-09-15,0.0023884389637001155,0.029797715297156413,1
2014-09-16,0.002426664030270139,0.02174054648396687,1
2014-09-17,0.002428029112411263,0.01670839858015958,1
2014-09-18,0.0024676194238646785,0.02170450331206352,0
2014-09-19,0.002418472886454324,0.06314459738908475,0
2014-09-22,0.0023925345356080228,0.021906431925738906,0
2014-09-23,0.0023816130647676924,0.0191575972492546,1
2014-09-24,0.002396629944773663,0.015189374299220858,0
2014-09-25,0.002340657508430885,0.030263236746317736,1
2014-09-26,0.002346118325222184,0.02404774374086436,0
2014-09-29,0.002342022753314277,0.020503353752007344,0
2014-09-30,0.002332466527357338,0.027957776509752934,0
2014-10-01,0.0023078932586521606,0.03596674300871029,0
2014-10-02,0.00229697178781183,0.02923796049494657,1
2014-10-03,0.0023024324418608614,0.023825405138279847,0
2014-10-06,0.002287415561854891,0.019471129419305417,0
2014-10-07,0.0022614770482663224,0.0306384331381791,1
2014-10-08,0.002306528013768769,0.02610871836560283,0
2014-10-09,0.0022587467212418066,0.03118776581839279,0
2014-10-10,0.002114037436035259,0.07292185058672206,0
2014-10-13,0.0021058464549617117,0.04103146004375554,1
2014-10-14,0.002159088564279974,0.038750752346931594,1
2014-10-15,0.002194583141083214,0.041769693685149434,1
2014-10-16,0.0021959483859666055,0.03598194193662134,0
2014-10-17,0.0021918528140586983,0.029424690180710908,1
2014-10-20,0.002212330510855968,0.019612696576419775,1
2014-10-21,0.002314719157584584,0.0359793364061223,0
2014-10-22,0.0022560163942172908,0.023865790861014924,1
2014-10-23,0.0023106235856766764,0.02114778829543589,1
2014-10-24,0.0023365620992652453,0.020678792805609185,1
2014-10-27,0.0023379271814063696,0.013615199622719183,1
2014-10-28,0.0023979951896570544,0.018770675970147567,0
2014-10-29,0.0023816130647676924,0.01613909016611994,0
2014-10-30,0.0023652307771360624,0.01634753260604292,1
2014-10-31,0.002481271221729525,0.025690096465424177,1
2014-11-03,0.002526322187231972,0.03138057507532154,1
2014-11-04,0.0025618169267774796,0.03696770097542377,0
2014-11-05,0.0025618169267774796,0.034303111785075,1
2014-11-06,0.002574103642501202,0.04064714429514755,0
2014-11-07,0.002515400716391641,0.046804012864372586,1
2014-11-10,0.002546800046771509,0.029714772576270393,0
2014-11-11,0.002514035634250517,0.020986679659578754,0
2014-11-12,0.002496288264477763,0.02007387547474937,0
2014-11-13,0.0024826364666129166,0.022325922336083905,1
2014-11-14,0.002515400716391641,0.015260592132861212,0
2014-11-17,0.0025031141634101863,0.01509600945633869,1
2014-11-18,0.002567277580826511,0.020419976776038153,0
2014-11-19,0.0025454346391458496,0.02395133911239998,1
2014-11-20,0.0025904856046482967,0.02185258429542547,1
2014-11-21,0.0026055028101388024,0.019465049848140997,1
2014-11-24,0.0026232501799115563,0.01262857207375041,0
2014-11-25,0.002621884772285897,0.018516636746491434,1
2014-11-26,0.0026696662275551273,0.021667591629993824,1
2014-11-28,0.002676491963745283,0.011415697626448566,0
2014-12-01,0.0026232501799115563,0.018497095267748658,1
2014-12-02,0.002627345751819464,0.024564941544923256,1
2014-12-03,0.0026997003130516035,0.028741606934879975,0
2014-12-04,0.0026737617994630346,0.017983805759438316,1
2014-12-05,0.0026901440870946646,0.015850310535809976,0
2014-12-08,0.0026532839399234973,0.022501361389685746,0
2014-12-09,0.0026437277139665584,0.02385884277968416,0
2014-12-10,0.002580929378691358,0.020049991445174862,0
2014-12-11,0.0025795642965502335,0.012590357626431195,0
2014-12-12,0.0024935579374532474,0.033034218432043856,0
2014-12-15,0.0024853667936374324,0.025514223156739162,0
2014-12-16,0.002455332708140956,0.01798120022893928,1
2014-12-17,0.0025631820089186035,0.03538266992184277,1
2014-12-18,0.002574103642501202,0.02241581313830069,1
2014-12-19,0.002601407238230895,0.03320401216956445,1
2014-12-22,0.002650553775641249,0.014036861308480045,0
2014-12-23,0.002632806405868495,0.009727313863072424,0
2014-12-24,0.002621884772285897,0.0028187497448751383,1
2014-12-26,0.0026246152620526806,0.0035778276302613258,0
2014-12-29,0.002620519690144773,0.006868178395462207,0
2014-12-30,0.002594581176556204,0.010035634972125167,0
2014-12-31,0.002550895618679417,0.01591762007370177,1
2015-01-02,0.0025618169267774796,0.010204994454562587,0
2015-01-05,0.002515400716391641,0.01935388054684874,0
2015-01-06,0.002433489929202562,0.019333470557939617,0
2015-01-07,0.002426664030270139,0.03280015494221367,1
2015-01-08,0.00252495694234858,0.028671691866489143,1
2015-01-09,0.0025358784131889107,0.020611917522800564,0
2015-01-12,0.002501748918526795,0.0185700501217217,0
2015-01-13,0.002497653346618887,0.023562680812960257,1
2015-01-14,0.002508574817459218,0.014719076044144633,0
2015-01-15,0.0024894623655453397,0.018374635334293905,1
2015-01-16,0.002538608902955694,0.01756909215500822,1
2015-01-20,0.002546800046771509,0.013095830543244424,1
2015-01-21,0.002585024950599265,0.0135813277262317,1
2015-01-22,0.002632806405868495,0.015202401951716047,1
2015-01-23,0.00264099754968431,0.010936280014625712,0
2015-01-26,0.002628710833960588,0.012328501811277951,0
2015-01-27,0.0024935579374532474,0.03672364961868061,0
2015-01-28,0.0024498720540919246,0.027471845071682488,1
2015-01-29,0.002514035634250517,0.023412862809265612,0
2015-01-30,0.0024348550113436865,0.03023718144132736,1
2015-02-02,0.0024921926925698555,0.02604705414379228,1
2015-02-03,0.002559086437010696,0.017781442890679757,1
2015-02-04,0.0025659124986853873,0.017569526410091393,1
2015-02-05,0.002610963464187834,0.013111029471155474,0
2015-02-06,0.0025986767484641117,0.02071874427326109,0
2015-02-09,0.0025959465841818635,0.027603858616967042,1
2015-02-10,0.0026737617994630346,0.022421024199298766,0
2015-02-11,0.002654649347549157,0.032694196701919497,1
2015-02-12,0.0028580612333807295,0.07135071569580259,1
2015-02-13,0.002859426315521854,0.03152735329343398,1
2015-02-17,0.0028689825414787927,0.019938822143882606,0
2015-02-18,0.002833487801933285,0.016422224480348656,1
2015-02-19,0.0028416789457490995,0.016257641803826134,1
2015-02-20,0.002863521887429761,0.014989616960961336,0
2015-02-23,0.0028389487814668517,0.011434804850108173,1
2015-02-24,0.002859426315521854,0.01407811554138147,0
2015-02-25,0.0028362182917000683,0.01130583109040583,1
2015-02-26,0.0028444094355158833,0.01445895724932408,0
2015-02-27,0.002825296983602005,0.0149613903805551,1
2015-03-02,0.002899016626975269,0.030596744650194505,0
2015-03-03,0.0028416789457490995,0.01527101425485736,1
2015-03-04,0.0028758086031534834,0.022490070757523253,1
2015-03-05,0.0029345113665207767,0.03293564252816361,0
2015-03-06,0.0028921908907851134,0.02580691108279768,1
2015-03-09,0.002900381709116393,0.02200674484995184,1
2015-03-10,0.002953623818434655,0.055099587718224034,0
2015-03-11,0.00293724185628756,0.02632020059110802,0
2015-03-12,0.002908572852932208,0.04204587991804738,1
2015-03-13,0.0029126684248401155,0.036869125071543524,1
2015-03-16,0.0029495282465267472,0.023588301862867457,1
2015-03-17,0.002987753475839039,0.030421739851675837,0
2015-03-18,0.002935876448661901,0.04279193015093838,1
2015-03-19,0.002983657903931131,0.03160030814740702,1
2015-03-20,0.00301778723585098,0.048029046454003264,0
2015-03-23,0.0029140335069812394,0.04411293411395027,0
2015-03-24,0.002871713031245576,0.03374161996253247,0
2015-03-25,0.0026860485151867573,0.05676495596219202,0
2015-03-26,0.002676491963745283,0.03172667637661033,1
2015-03-27,0.002732464562830328,0.03241801046902155,1
2015-03-30,0.0027447512785540506,0.025357457071713753,0
2015-03-31,0.002671031309696251,0.036650694764707566,1
2015-04-01,0.0026819529432788496,0.03377288632852092,1
2015-04-02,0.002688778679469005,0.01872985599232932,1
2015-04-06,0.0027720548742837434,0.05386760604726259,1
2015-04-07,0.0027979933878723123,0.04280495780343357,1
2015-04-08,0.0028198360040684383,0.03764470465009028,1
2015-04-09,0.00288946040101833,0.03905603367040213,1
2015-04-10,0.0029208595686559305,0.02595195228057742,0
2015-04-13,0.0028921908907851134,0.023563115068043428,0
2015-04-14,0.0028662523771965445,0.021777458166036563,1
2015-04-15,0.0029031121988831766,0.024305257005185873,0
2015-04-16,0.0028839997469692984,0.014721681574643673,0
2015-04-17,0.0028444094355158833,0.02974169639142711,0
2015-04-20,0.002829392555509913,0.023009439836998012,0
2015-04-21,0.002825296983602005,0.02288263735271153,1
2015-04-22,0.002859426315521854,0.02038176232871894,0
2015-04-23,0.002847139599798131,0.0260227358591346,0
2015-04-24,0.002821201411694098,0.024022991201123504,1
2015-04-27,0.0028444094355158833,0.024836785226989476,1
2015-04-28,0.002859426315521854,0.023319932221466617,0
2015-04-29,0.0028362182917000683,0.0190503362437109,1
2015-04-30,0.0028444094355158833,0.02162199484626067,1
2015-05-01,0.002919494486514806,0.025760880043981353,0
2015-05-04,0.002900381709116393,0.01965438506440437,0
2015-05-05,0.002821201411694098,0.02966483324170551,1
2015-05-06,0.0028307576376510367,0.032222161426510576,1
2015-05-07,0.0028839997469692984,0.055897748561095785,0
2015-05-08,0.002657379511831405,0.12233747352129631,0
2015-05-11,0.002630075916101712,0.05693778948529482,1
2015-05-12,0.002657379511831405,0.040073059075193006,1
2015-05-13,0.0026737617994630346,0.031357993810996555,1
2015-05-14,0.0027201778471066056,0.02967829514928387,1
2015-05-15,0.002721543254732265,0.021294132258465152,0
2015-05-18,0.0027174476828243574,0.033143650713003424,0
2015-05-19,0.0026860485151867573,0.025417818528274783,0
2015-05-20,0.0026860485151867573,0.01923142061339399,0
2015-05-21,0.0026655706556472196,0.023885332339757703,0
2015-05-22,0.0026614750837393123,0.020943254151261467,0
2015-05-26,0.0026437277139665584,0.026060950306453813,1
2015-05-27,0.002795262898105529,0.04479905714536341,1
2015-05-28,0.0028362182917000683,0.03343503587381242,0
2015-05-29,0.002834853209558944,0.034250566920011084,1
2015-06-01,0.0028689825414787927,0.03832083981459045,0
2015-06-02,0.002808914695970375,0.02221475303479165,0
2015-06-03,0.0027761504461916507,0.02508995594047926,1
2015-06-04,0.002829392555509913,0.03300686036180397,1
2015-06-05,0.002852600579331698,0.03187866565572083,0
2015-06-08,0.002782976182381806,0.03508042838395445,1
2015-06-09,0.0027979933878723123,0.025752194942317896,0
2015-06-10,0.0027447512785540506,0.05534363907496719,1
2015-06-11,0.0027761504461916507,0.02859265744135168,0
2015-06-12,0.002695604741143696,0.033008597382136656,0
2015-06-15,0.0026901440870946646,0.031143471799909152,1
2015-06-16,0.0027256385011556372,0.02575262919740107,1
2015-06-17,0.002759768158560021,0.023217882276920992,1
2015-06-18,0.002808914695970375,0.030367892221362394,0
2015-06-19,0.002799358470013436,0.03647482145602255,0
2015-06-22,0.002787071754289714,0.053690864228411225,0
2015-06-23,0.0027106216211496667,0.04281581418051289,0
2015-06-24,0.0026819529432788496,0.025370050469125768,1
2015-06-25,0.002703795884959511,0.03591072410298099,0
2015-06-26,0.0026450927961076823,0.04360094737088945,0
2015-06-29,0.0025604518446363557,0.04039049954099238,0
2015-06-30,0.002559086437010696,0.03216049720470003,1
2015-07-01,0.0025986767484641117,0.030746562653889142,1
2015-07-02,0.002601407238230895,0.013688154476692228,0
2015-07-06,0.002567277580826511,0.021180357426673856,0
2015-07-07,0.002515400716391641,0.06237770291220144,0
2015-07-08,0.002496288264477763,0.03396005026936843,0
2015-07-09,0.0024635238519567708,0.03668456666119505,1
2015-07-10,0.0025099400623426094,0.021390102631846358,1
2015-07-13,0.0025276874321153633,0.02093022649876628,1
2015-07-14,0.0025290525142564876,0.024919293692792322,0
2015-07-15,0.0025099400623426094,0.026712332931213126,1
2015-07-16,0.0025700080705932946,0.028570510432109862,0
2015-07-17,0.0025536257829616646,0.02178788028803271,0
2015-07-20,0.0025031141634101863,0.018318182173481433,1
2015-07-21,0.002515400716391641,0.014117632753950202,0
2015-07-22,0.0024635238519567708,0.03656340949298982,1
2015-07-23,0.002496288264477763,0.016310186668890052,0
2015-07-24,0.0024648890968401627,0.0183650817224641,0
2015-07-27,0.0024498720540919246,0.018753305766820653,1
2015-07-28,0.0025072097353180936,0.019392529249251125,1
2015-07-29,0.0025399739850968184,0.023124083178955653,1
2015-07-30,0.002546800046771509,0.018510122920243843,0
2015-07-31,0.0025372436580723026,0.02156727870578089,1
2015-08-03,0.002583659868458141,0.040977612413442104,1
2015-08-04,0.002594581176556204,0.026100901774105716,1
2015-08-05,0.0026232501799115563,0.023335565404460842,0
2015-08-06,0.0026055028101388024,0.06904612396940413,1
2015-08-07,0.0029508936541524067,0.1504224867704189,1
2015-08-10,0.0030601080370711783,0.06976568464222159,0
2015-08-11,0.0030437257494395483,0.04508957379600607,1
2015-08-12,0.0030519168932553633,0.03955716403638363,0
2015-08-13,0.0030246132975256705,0.027923036103099104,1
2015-08-14,0.003027343787292454,0.021166895519095497,0
2015-08-17,0.0030068659277529167,0.027596910535636274,0
2015-08-18,0.0029645454520172533,0.02903038656518994,0
2015-08-19,0.0029522587362935306,0.024922767733457703,0
2015-08-20,0.0028389487814668517,0.044212812783080035,0
2015-08-21,0.0027447512785540506,0.039406911777605816,0
2015-08-24,0.00264099754968431,0.07193478878267011,0
2015-08-25,0.002582294786317017,0.06546438804339424,1
2015-08-26,0.002791167326197621,0.06462757849812012,1
2015-08-27,0.0029031121988831766,0.04821143358893588,1
2015-08-28,0.002916763996748023,0.03270635584424834,0
2015-08-31,0.002882634339343639,0.02167714524182363,0
2015-09-01,0.0027570376687932377,0.0362307700992794,1
2015-09-02,0.0028457745176570072,0.0352141789495717,1
2015-09-03,0.0028539656614728222,0.026367534395173864,0
2015-09-04,0.002782976182381806,0.029126791193654314,1
2015-09-08,0.002909937935073332,0.02375027900889094,0
2015-09-09,0.0028485050074237906,0.02928095174818069,1
2015-09-10,0.0028962861372084855,0.03662898201054893,1
2015-09-11,0.00290584268864996,0.030604561241691614,1
2015-09-14,0.002911303342698991,0.018757648317652382,1
2015-09-15,0.00294543267461884,0.033469776280466254,1
2015-09-16,0.002967275616299501,0.016700147733579297,1
2015-09-17,0.0029959446196548534,0.02703585296817692,0
2015-09-18,0.00299321412988807,0.03329998254294566,1
2015-09-21,0.0030259783796667944,0.028461078151150298,0
2015-09-22,0.0029386069384286844,0.022654653434045772,1
2015-09-23,0.002953623818434655,0.015410844391639027,1
2015-09-24,0.0030136919894276073,0.039382593492948134,1
2015-09-25,0.003036900013249393,0.03799862254287618,0
2015-09-28,0.0029945792120291944,0.040809555696254204,1
2015-09-29,0.0030505518111142394,0.039197600827516485,1
2015-09-30,0.0031788786459468893,0.058266175784720646,0
2015-10-01,0.00311335014638944,0.050983283784828345,1
2015-10-02,0.0031993565054864266,0.039784713699966216,1
2015-10-05,0.0032839977824422888,0.05019380804362006,1
2015-10-06,0.0033290487479447355,0.047066302934609,1
2015-10-07,0.0033659085696313676,0.03153473562984792,1
2015-10-08,0.003386386429170905,0.047810181892084136,0
2015-10-09,0.0033727346313060583,0.04381286385147781,1
2015-10-12,0.0034109595351338143,0.02257127645807658,1
2015-10-13,0.003417785596808505,0.030263671001400906,1
2015-10-14,0.003548842921407938,0.06432056015431689,1
2015-10-15,0.003558399147364877,0.05497321948902073,1
2015-10-16,0.0036171019107321704,0.046543025559385685,0
2015-10-19,0.0036102758490574797,0.02985851100880061,0
2015-10-20,0.003604815195008448,0.026613757027332884,0
2015-10-21,0.0035556686575980937,0.03979947837279409,1
2015-10-22,0.0036908215541054342,0.031179949226895674,1
2015-10-23,0.003716760067694003,0.03931050714914144,0
2015-10-26,0.0036990126979212492,0.02472605018078039,0
2015-10-27,0.003696282533639001,0.02047382440635159,1
2015-10-28,0.003727681701276602,0.021425711548666532,0
2015-10-29,0.003592528479284726,0.03338205675366533,1
2015-10-30,0.003686725982197527,0.030558530202875286,1
2015-11-02,0.003731776947699974,0.018500135053330865,0
2015-11-03,0.003704473351970281,0.038766819785008996,0
2015-11-04,0.003640309934553956,0.045877312516881666,0
2015-11-05,0.003596624051192633,0.04984379844658272,1
2015-11-06,0.004120853675074901,0.1251297337060979,0
2015-11-09,0.0041017412231610225,0.05133850444286376,0
2015-11-10,0.004019830435971944,0.057818893049052585,0
2015-11-11,0.003978875042377404,0.06516171225042275,0
2015-11-12,0.003963857836886899,0.029464207393279644,0
2015-11-13,0.00388194704969782,0.02966613600695503,1
2015-11-16,0.003963857836886899,0.03523979999947889,0
2015-11-17,0.003963857836886899,0.025769565145644813,1
2015-11-18,0.004049864195983885,0.03588423454290744,1
2015-11-19,0.0040621509117076075,0.025446479363764193,1
2015-11-20,0.00409901073339424,0.02389097765583895,0
2015-11-23,0.004034847315977914,0.02419582472422631,1
2015-11-24,0.0040689769733822986,0.019079865589366658,0
2015-11-25,0.004063515993848732,0.01287783449149164,1
2015-11-27,0.00409901073339424,0.007308078794716332,1
2015-11-30,0.004144061698896686,0.03339030760024562,1
2015-12-01,0.004284675574937594,0.042319894875529465,0
2015-12-02,0.00425054591753321,0.029807268908986218,0
2015-12-03,0.004240989691576271,0.02464137043956168,1
2015-12-04,0.004421193553586058,0.04766774622480344,0
2015-12-07,0.004333822112347948,0.034079036162157794,1
2015-12-08,0.0043952550399974895,0.032005468140007313,0
2015-12-09,0.004279214595404027,0.03832257683492314,1
2015-12-10,0.0043160747425751945,0.023549218905381898,0
2015-12-11,0.004249180835392086,0.022542181367503997,1
2015-12-14,0.004260102143490149,0.027815340842472232,1
2015-12-15,0.004314709334949535,0.031224677500462483,1
2015-12-16,0.004342012930679227,0.023523163600391524,0
2015-12-17,0.004273753941354996,0.025456032975593994,0
2015-12-18,0.004201399380122856,0.040843427592741684,1
2015-12-21,0.004305153108992596,0.028719025670554985,1
2015-12-22,0.004309248680900503,0.011978057959157441,1
2015-12-23,0.004326996050673257,0.011165132443457817,1
2015-12-24,0.004342012930679227,0.003557417641352201,0
2015-12-28,0.00433791735877132,0.013282125973925588,1
2015-12-29,0.0044116373276291195,0.019973562550536436,0
2015-12-30,0.004372047016175704,0.017442289670721742,0
2015-12-31,0.004313344252808411,0.013988224739164685,0
2016-01-04,0.004232798547760456,0.03673754578134215,1
2016-01-05,0.004303788026851472,0.05108924202512252,0
2016-01-06,0.0041181235107926525,0.046645944014097655,0
2016-01-07,0.003947475874739805,0.06792010053873686,0
2016-01-08,0.0038587390258760347,0.041123087866305016,1
2016-01-11,0.00386556476206619,0.042306432967951106,1
2016-01-12,0.0039338237513904225,0.04881852219521156,0
2016-01-13,0.0038082274063245564,0.05015559359630084,0
2016-01-14,0.003727681701276602,0.06302734851662807,0
2016-01-15,0.0035147132640035543,0.08921466705228519,1
2016-01-19,0.003544747349500031,0.04749230717120159,1
2016-01-20,0.0035652248835550326,0.05010218022107058,1
2016-01-21,0.0036089107669163554,0.050132143821809506,1
2016-01-22,0.0036976476157801253,0.025872483600356783,0
2016-01-25,0.0036935520438722176,0.027254717530096048,1
2016-01-26,0.003731776947699974,0.022609925160478966,0
2016-01-27,0.003685360900056403,0.023017690683578295,0
2016-01-28,0.0036430404243207393,0.027911311215853437,1
2016-01-29,0.0038123226527479286,0.03157295007716713,1
2016-02-01,0.003813688060373588,0.02933436512341095,0
2016-02-02,0.0036444055064618636,0.03498228673515738,1
2016-02-03,0.0036635179583757414,0.03333906550043122,1
2016-02-04,0.003664883366001401,0.03565885615474072,0
2016-02-05,0.003421880843231877,0.06304819276062036,0
2016-02-08,0.0032566941867125956,0.06396273396578245,1
2016-02-09,0.0032935540083992277,0.04404345330064261,0
2016-02-10,0.0032853628645834127,0.0343191792231524,0
2016-02-11,0.0032676154948106588,0.03479078024347814,1
2016-02-12,0.003326318258177952,0.034863735097451186,1
2016-02-16,0.0034983309763719247,0.050555108272819886,1
2016-02-17,0.0035897983150024776,0.08161694011709254,1
2016-02-18,0.003914711299476545,0.1138812242866709,1
2016-02-19,0.00396931849093593,0.05492762270528758,1
2016-02-22,0.004116758103166993,0.04668111867583466,1
2016-02-23,0.0041276797367495914,0.03796475064638869,1
2016-02-24,0.0041577134967615325,0.03443338831002686,1
2016-02-25,0.004167269722718471,0.03581909628043151,0
2016-02-26,0.004138601044847655,0.03715964172218618,0
2016-02-29,0.004094915161486332,0.03296690889415206,1
2016-03-01,0.004284675574937594,0.03571965186638492,1
2016-03-02,0.004310613763041627,0.023246977367493576,0
2016-03-03,0.004271023777072747,0.030650158025424763,0
2016-03-04,0.004257371979207901,0.016895128265923917,0
2016-03-07,0.004228702975852548,0.02391529594049663,0
2016-03-08,0.0041481572708045936,0.027711988132677088,0
2016-03-09,0.004145427106522346,0.022050170358269127,0
2016-03-10,0.004138601044847655,0.02892182279439672,1
2016-03-11,0.004212320688220919,0.027979055008828406,1
2016-03-14,0.004223242321803517,0.018524453337988547,0
2016-03-15,0.004201399380122856,0.022422326964548284,1
2016-03-16,0.0043324567047222885,0.037342028857118785,0
2016-03-17,0.004294231800894533,0.036260299444935154,1
2016-03-18,0.004429384697401873,0.05708630472373995,1
2016-03-21,0.00444303649526672,0.03453413548932297,0
2016-03-22,0.004434845351450905,0.02413720028799797,1
2016-03-23,0.004514025974357736,0.044438191171246755,1
2016-03-24,0.004520851710547891,0.02445681202921321,1
2016-03-28,0.004568633165817121,0.02667498699406026,1
2016-03-29,0.004645083298957168,0.026286762949703706,1
2016-03-30,0.004695594918508647,0.03875943744859506,0
2016-03-31,0.004677847548735893,0.03910510449480067,1
2016-04-01,0.004748837027826909,0.03567535784790129,0
2016-04-04,0.004701055572557678,0.04063107685707015,0
2016-04-05,0.004694229836367523,0.03472824751150125,1
2016-04-06,0.004701055572557678,0.04708367313793592,0
2016-04-07,0.0046505439530062,0.03891186098278873,1
2016-04-08,0.0046819431206438005,0.025648842232522753,1
2016-04-11,0.004711977206140277,0.039934531703660854,0
2016-04-12,0.004706516552091245,0.02964702878329542,1
2016-04-13,0.004829382732874863,0.03593851642830405,1
2016-04-14,0.0048430345307397095,0.043087223607495936,1
2016-04-15,0.0048826248421931255,0.04530279304184395,0
2016-04-18,0.004860781900512464,0.03122728303096152,0
2016-04-19,0.0047706799695075705,0.0314261718590547,1
2016-04-20,0.004789792421421448,0.019594892118009688,0
2016-04-21,0.004784331767372417,0.017218214047804537,0
2016-04-22,0.004765219315458539,0.02213181031390563,1
2016-04-25,0.004789792421421448,0.01870466919750529,1
2016-04-26,0.0047938879933293555,0.021154302121683486,1
2016-04-27,0.004907197948156035,0.03612090356323666,0
2016-04-28,0.004755662764017064,0.03925057994766358,0
2016-04-29,0.004664195750871046,0.032810577064209825,1
2016-05-02,0.004728359168287372,0.025664041160433804,0
2016-05-03,0.004669656404920078,0.022184355178969547,0
2016-05-04,0.004559076939860182,0.05494238737811546,1
2016-05-05,0.004587745617730999,0.024666122979302534,1
2016-05-06,0.004636892155141354,0.0177566903509389,0
2016-05-09,0.004630066418951198,0.034051678091917906,1
2016-05-10,0.00472289851423834,0.02714050844322158,1
2016-05-11,0.004736550312103186,0.03349148903462489,0
2016-05-12,0.004669656404920078,0.07065981585847454,1
2016-05-13,0.005408219548216517,0.22696081368980467,1
2016-05-16,0.005573406204735798,0.10349948801325695,1
2016-05-17,0.005585693245944056,0.06608407004708194,1
2016-05-18,0.005733132532690584,0.05660428158141805,1
2016-05-19,0.0057590710462791525,0.041167381884788655,1
2016-05-20,0.005865555264915676,0.04032101872768472,1
2016-05-23,0.005875111490872616,0.04276934888661339,1
2016-05-24,0.006006168489987513,0.0430029781213604,0
2016-05-25,0.005980230627368015,0.047593922860664044,1
2016-05-26,0.006045759126925464,0.03151432564093879,1
2016-05-27,0.006079888784329848,0.027980792029161098,1
2016-05-31,0.006191833331530868,0.04264862597349133,1
2016-06-01,0.006204120372739125,0.03989197470550992,1
2016-06-02,0.006249171338241572,0.0336035268460835,0
2016-06-03,0.006159068756267608,0.047919614173043704,0
2016-06-06,0.006126304831973418,0.0328765838368521,1
2016-06-07,0.006138591222212606,0.018859698262198007,0
2016-06-08,0.0061181136881576035,0.023334262639211324,1
2016-06-09,0.006281935262535761,0.04912380351868209,0
2016-06-10,0.006120843852439851,0.04129157883857609,1
2016-06-13,0.006201389557487807,0.0494950916147949,1
2016-06-14,0.006213676598696064,0.030252814624321583,1
2016-06-15,0.006279205098253513,0.030545068295296927,1
2016-06-16,0.006305143611842082,0.024619657685403036,0
2016-06-17,0.006191833331530868,0.04899700103439561,1
2016-06-20,0.006306508693983206,0.029756026809171818,0
2016-06-21,0.006266918708014326,0.020934134794514836,0
2016-06-22,0.006261457728480759,0.019860656228911488,1
2016-06-23,0.006433470446674731,0.03020244103467353,0
2016-06-24,0.006056680435023527,0.10834707750671577,0
2016-06-27,0.005989786853324954,0.046618151688774596,1
2016-06-28,0.006079888784329848,0.039326140332135655,1
2016-06-29,0.006182277105573928,0.03248792553741238,1
2016-06-30,0.006231423968468818,0.044647936376419256,0
2016-07-01,0.006183642187715052,0.021583346143858286,1
2016-07-05,0.006277840016112389,0.03814974331182033,1
2016-07-06,0.006318795084222393,0.027512665049500735,1
2016-07-07,0.006488077638134118,0.04078957996242825,1
2016-07-08,0.00675565326686655,0.05018382017670708,1
2016-07-11,0.0069153795948213356,0.04658427979228711,1
2016-07-12,0.007021863813457859,0.04527977752243579,0
2016-07-13,0.007019132998206541,0.03310369924535152,1
2016-07-14,0.007092852641579804,0.032266455444994215,0
2016-07-15,0.007008211690108478,0.04439563417309581,1
2016-07-18,0.00704507151179511,0.025329230491307517,1
2016-07-19,0.007120156888278568,0.0394056090123563,1
2016-07-20,0.007215719147847958,0.030048280480147162,0
2016-07-21,0.007079201169199493,0.03708842388854583,1
2016-07-22,0.007277152400982034,0.032144429766622636,1
2016-07-25,0.007415035461771623,0.031792683149252605,1
2016-07-26,0.0075447280297144675,0.05372039357406698,0
2016-07-27,0.007466912488948761,0.04635629587362135,1
2016-07-28,0.007483294776580391,0.02195550275013744,1
2016-07-29,0.007608891447130792,0.04232988274244244,0
2016-08-01,0.007558379502094779,0.03055418765204356,0
2016-08-02,0.007464182324666513,0.028559654055030543,1
2016-08-03,0.007484659858721515,0.03041392326017872,1
2016-08-04,0.0076266388169035455,0.027470108051349796,1
2016-08-05,0.007759061549128639,0.03820445945230012,1
2016-08-08,0.007832781192501904,0.030982363164052014,1
2016-08-09,0.007853258726556903,0.03828653366301979,0
2016-08-10,0.007801381699379766,0.03865521622863356,1
2016-08-11,0.0079638381916168,0.07180234098230237,1
2016-08-12,0.008419808826174834,0.15264760981659672,0
2016-08-15,0.00841161768235902,0.060103509041625085,0
2016-08-16,0.008359741306150952,0.029092050787000487,0
2016-08-17,0.008161789423399343,0.062481924132162935,1
2016-08-18,0.008291481991342185,0.03387233074256751,1
2016-08-19,0.008313324607538312,0.029516318003260385,1
2016-08-22,0.00834881934708382,0.02443423076488822,1
2016-08-23,0.008402061456402082,0.034749526010576716,0
2016-08-24,0.008269638724176989,0.030264105256484077,0
2016-08-25,0.00821366645057648,0.04194382997350175,1
2016-08-26,0.008281925765385247,0.030435201759254196,0
2016-08-29,0.00827646478585168,0.02768072176668864,0
2016-08-30,0.008227318573925863,0.02886319835816838,0
2016-08-31,0.00818772793698791,0.04004526674986994,1
2016-09-01,0.00843482603166534,0.04438217226551745,0
2016-09-02,0.008350184429224944,0.03294563039507659,1
2016-09-06,0.0084307301342729,0.031172132635398565,0
2016-09-07,0.008303768381581374,0.0410705430012411,1
2016-09-08,0.00836520163471545,0.03214877231745436,0
2016-09-09,0.007939265411138426,0.07361492169946596,1
2016-09-12,0.008107182231939954,0.06281282650554067,0
2016-09-13,0.00798704654092312,0.0490803780103648,1
2016-09-14,0.00805940110215526,0.03250051893482439,1
2016-09-15,0.00837202769639014,0.05379682246870541,1
2016-09-16,0.008392505230445144,0.0958361885605052,1
2016-09-19,0.008505815510756357,0.04314845357422331,0
2016-09-20,0.008426634887849525,0.033810232265673784,1
2016-09-21,0.008668272002993391,0.0343639074967192,1
2016-09-22,0.008690114619189518,0.03138057507532154,0
2016-09-23,0.008680558393232576,0.027841396147462606,0
2016-09-26,0.008597282523902374,0.02283747482406155,1
2016-09-27,0.008897622076928999,0.0415877408053,1
2016-09-28,0.008930386652192257,0.032580856125211374,1
2016-09-29,0.009015027603663583,0.0344151495965336,1
2016-09-30,0.00916792852091275,0.04453850409545969,0
2016-10-03,0.009158371643986741,0.02420060153014121,0
2016-10-04,0.009137894109931738,0.028437628376658964,0
2016-10-05,0.0091283378839748,0.03102318314187027,0
2016-10-06,0.009006837110816839,0.03696943799575646,0
2016-10-07,0.008939942878149195,0.028940930018056327,1
2016-10-10,0.00897407253555358,0.02911636907165817,0
2016-10-11,0.008841649803328487,0.04004483249478677,1
2016-10-12,0.008882605522407563,0.04345156362227798,0
2016-10-13,0.008735165584691965,0.04021592899755688,1
2016-10-14,0.008822537351414611,0.033758555910776214,0
2016-10-17,0.008770660324237473,0.019069009212287335,1
2016-10-18,0.008907178302885937,0.027107505056900443,0
2016-10-19,0.008888065850972057,0.019474169204887627,1
2016-10-20,0.00906007856916603,0.03174448083502041,0
2016-10-21,0.009034140706546533,0.028207907437660513,1
2016-10-24,0.009466902991798247,0.03475734260207383,1
2016-10-25,0.009625263586642837,0.04101322133026228,1
2016-10-26,0.00966485422358079,0.03410118317139961,0
2016-10-27,0.009462807094405803,0.04005829440236513,0
2016-10-28,0.009446425457743244,0.029439889108621962,1
2016-10-31,0.009528336244932323,0.02526365797374841,0
2016-11-01,0.00924028308214489,0.049238446860639724,0
2016-11-02,0.009200692445206937,0.029981839452421707,0
2016-11-03,0.009091478062288168,0.03148175650970082,0
2016-11-04,0.009038235952969903,0.033557061552184,1
2016-11-07,0.009543352799453758,0.05079698835414718,0
2016-11-08,0.009528336244932323,0.044533293034461616,0
2016-11-09,0.009364514019585095,0.047426300398559315,0
2016-11-10,0.009065539548699597,0.0922357796659189,1
2016-11-11,0.011823205321274864,0.2340270124031937,0
2016-11-14,0.01123208244117856,0.1442938447816001,1
2016-11-15,0.011580203774958948,0.06583437337425754,1
2016-11-16,0.012322861839194222,0.10512273351415716,1
2016-11-17,0.012426615893548498,0.08829578329629138,1
2016-11-18,0.01255903862577359,0.060402710793931204,0
2016-11-21,0.012507161598596453,0.045244602860698785,1
2016-11-22,0.0125986279607734,0.03372946082020363,1
2016-11-23,0.012642314495103793,0.04598283650209267,1
2016-11-25,0.012668253008692364,0.019094630262194535,0
2016-11-28,0.012661426947017673,0.028124096206608145,0
2016-11-29,0.012544020769314015,0.046127443444789244,0
2016-11-30,0.01240067737995993,0.045685806025202426,0
2016-12-01,0.011778154355772417,0.11028385517766678,1
2016-12-02,0.011888734471801384,0.04978864805101976,1
2016-12-05,0.012356990845629537,0.06324968711921258,1
2016-12-06,0.012563133221227894,0.052014639607363924,1
2016-12-07,0.012792483946132568,0.05006136024325233,0
2016-12-08,0.01257541961146708,0.03928532035431741,0
2016-12-09,0.012348800352782793,0.0393686973302866,0
2016-12-12,0.012044364251394657,0.06314633440941744,1
2016-12-13,0.012260062852949952,0.039964061049316615,1
2016-12-14,0.012980879602927244,0.10468804417590111,1
2016-12-15,0.01328941029976968,0.07891153094892553,1
2016-12-16,0.013521491188956604,0.11614673305558379,1
2016-12-19,0.013688042927617012,0.07870612829458476,1
2016-12-20,0.01417131715790474,0.08993162219460361,1
2016-12-21,0.014261419088909634,0.06041096164051148,1
2016-12-22,0.014436162622354923,0.07587869344804617,1
2016-12-23,0.0148006649418288,0.06817935082339108,1
2016-12-27,0.015830012388648527,0.12751813666354872,0
2016-12-28,0.01472831103156573,0.24710026168211313,1
2016-12-29,0.015025919769341034,0.23402961793369273,0
2016-12-30,0.014385650026349839,0.1295439366265502,0
2017-01-03,0.01373991995479415,0.16092581446712126,1
2017-01-04,0.014064832939268215,0.12805531020143357,0
2017-01-05,0.013703059482138447,0.10472235032747176,1
2017-01-06,0.013888724974650872,0.08719581517061449,1
2017-01-09,0.014459369669723103,0.0973348028525348,0
2017-01-10,0.014348790855632277,0.09349946195795196,0
2017-01-11,0.014169951424794543,0.054931531001036135,0
2017-01-12,0.013935140371325372,0.06578269701935997,0
2017-01-13,0.013933775940153319,0.047566130535340985,0
2017-01-17,0.013617053448525995,0.06089689307858193,1
2017-01-18,0.013868246789626799,0.06891020212837103,1
2017-01-19,0.014169951424794543,0.06787320098975419,0
2017-01-20,0.014012955912091077,0.051279445751552244,1
2017-01-23,0.014160395198837605,0.03802163806228434,1
2017-01-24,0.014466195731397794,0.04433440420636844,1
2017-01-25,0.014528994717642067,0.05461626181065263,1
2017-01-26,0.014782918223025118,0.04767252303071834,1
2017-01-27,0.015072336467953674,0.04910513055010565,0
2017-01-30,0.014833429517092059,0.05171152955930926,0
2017-01-31,0.014718754805608792,0.037245624228654406,1
2017-02-01,0.015369946507667119,0.06191652401387184,1
2017-02-02,0.015566531355370394,0.05032582158890461,0
2017-02-03,0.015428648294580807,0.03832995917133708,1
2017-02-06,0.015828646655538334,0.05288010998812746,1
2017-02-07,0.016077109832356887,0.07887635628718853,0
2017-02-08,0.016006120353265874,0.046671565064004855,0
2017-02-09,0.015701684251877738,0.08933582422049043,0
2017-02-10,0.015324895542164672,0.17711223843730703,0
2017-02-13,0.014609540422690019,0.1260473146968422,1
2017-02-14,0.014664147614149407,0.09021128246816694,1
2017-02-15,0.014694180723192278,0.03835992277207601,0
2017-02-16,0.014455275074268803,0.06812333191766178,0
2017-02-17,0.014452543608048412,0.05906520513775874,1
2017-02-21,0.014976774208384287,0.057785455407648276,0
2017-02-22,0.014934453407164087,0.04495538897530565,0
2017-02-23,0.013532411846085599,0.1707933927220585,1
2017-02-24,0.013664834578310688,0.1096737267858089,1
2017-02-27,0.014067563103550465,0.07552998661625834,0
2017-02-28,0.013667564742592939,0.0657549046940369,1
2017-03-01,0.013846404173430672,0.052666890742289585,0
2017-03-02,0.013328999634769488,0.07975659134077995,0
2017-03-03,0.013251185395941924,0.0917376890855196,0
2017-03-06,0.013147431341587648,0.0937869388230124,1
2017-03-07,0.013293504895223983,0.06337084428741781,0
2017-03-08,0.013268932114745606,0.06720444816166797,0
2017-03-09,0.013266201950463359,0.04976346125619573,1
2017-03-10,0.01334538192240112,0.052117123806992724,1
2017-03-13,0.013718077338598023,0.08190658825756886,0
2017-03-14,0.013708521112641082,0.054535490365182474,1
2017-03-15,0.013813639598167414,0.06463409232436772,1
2017-03-16,0.013985651665392312,0.05465317349272232,1
2017-03-17,0.014294183664172892,0.11942101638270727,1
2017-03-20,0.014755613976326354,0.07913082976592783,0
2017-03-21,0.014272339746038625,0.09703473259006234,1
2017-03-22,0.014567219621469823,0.06482169052029839,0
2017-03-23,0.014433431156134536,0.05583000476812081,1
2017-03-24,0.014485308183311674,0.045577242254409206,1
2017-03-27,0.014591792401948196,0.052866648080549104,0
2017-03-28,0.014515342594292685,0.04481121628769225,0
2017-03-29,0.014467561464507988,0.03585991625824976,1
2017-03-30,0.014748787914651663,0.05491720058329143,0
2017-03-31,0.014684624497235337,0.04571924366660674,0
2017-04-03,0.014609540422690019,0.04619952978859594,0
2017-04-04,0.013572002483023548,0.13587841552479293,0
2017-04-05,0.013469614161779466,0.07896581283432214,1
2017-04-06,0.013569272318741301,0.06681448709697872,0
2017-04-07,0.013510569229889472,0.044444704997494346,0
2017-04-10,0.01316108346493703,0.07997371888236639,1
2017-04-11,0.013208864594721724,0.06497194277907621,0
2017-04-12,0.013098284478692757,0.042818853966095104,0
2017-04-13,0.012849821301874204,0.05289357189570582,1
2017-04-17,0.013360399778860697,0.05185135969609092,1
2017-04-18,0.013368590271707441,0.0380446535816925,1
2017-04-19,0.013421833031994772,0.03920758869442946,1
2017-04-20,0.013637531633550068,0.041724965411582625,1
2017-04-21,0.013694868989291703,0.03498098396990786,1
2017-04-24,0.013868246789626799,0.03822964624712415,1
2017-04-25,0.014112614069052912,0.04003397611770745,0
2017-04-26,0.01401432164520127,0.03336425229525524,1
2017-04-27,0.014235480575321063,0.03257130251338157,0
2017-04-28,0.01405254654902903,0.035670581041986386,1
2017-05-01,0.014371997903000457,0.03127201130452833,0
2017-05-02,0.013940600699889866,0.06625560080493523,1
2017-05-03,0.014045720487354339,0.03443903362610811,0
2017-05-04,0.01399111329589495,0.020638841337957282,1
2017-05-05,0.013992477727067004,0.022662470025542884,0
2017-05-08,0.013843674009148425,0.037515296635304764,1
2017-05-09,0.013866881056516605,0.089889933706619,1
2017-05-10,0.016371988405849944,0.2290061551315489,1
2017-05-11,0.017083247627932154,0.20845459906530936,1
2017-05-12,0.01727300771589888,0.10236912203175795,1
2017-05-15,0.018149454245469442,0.11593090827924687,1
2017-05-16,0.01849074951757514,0.11953088291875001,0
2017-05-17,0.017249800668530702,0.13588796913662274,1
2017-05-18,0.01798017234252679,0.12336665806841604,1
2017-05-19,0.018380170703484314,0.1084217693810215,1
2017-05-22,0.018776073167049396,0.08868878414656284,0
2017-05-23,0.01852078392855615,0.07182231671612833,1
2017-05-24,0.01873102220154695,0.086451067702973,0
2017-05-25,0.018688701400326753,0.06389499017280748,1
2017-05-26,0.019177435959178975,0.08244984136661812,1
2017-05-30,0.019591086443485884,0.10530381788384024,0
2017-05-31,0.019520096964394867,0.09419383583594539,1
2017-06-01,0.01952146139556692,0.05250795338184831,0
2017-06-02,0.019423168971715282,0.05078352644656882,1
2017-06-05,0.020019752180376084,0.08660088570666764,0
2017-06-06,0.019928285818199137,0.08023383767718693,1
2017-06-07,0.020171287364515057,0.06437093374396495,1
2017-06-08,0.021648414302077004,0.12398677432718688,0
2017-06-09,0.020236816515041573,0.39878165393865017,1
2017-06-12,0.020287327809108517,0.18215393995294413,1
2017-06-13,0.02048254952757788,0.17943680589753144,1
2017-06-14,0.020526234759970133,0.12647245042326843,1
2017-06-15,0.020614972259802973,0.10249983281179299,0
2017-06-16,0.02051258263662075,0.09828061042368533,1
2017-06-19,0.021290736742339677,0.08234518589157346,0
2017-06-20,0.021259336598248472,0.11678899632359648,1
2017-06-21,0.021584249582722537,0.07197474025032201,0
2017-06-22,0.02143408013169376,0.04879420391055388,0
2017-06-23,0.02081428857372664,0.11604468311103816,0
2017-06-26,0.02058493784882196,0.11337097456394277,0
2017-06-27,0.019824531763844862,0.10637208538844552,1
2017-06-28,0.020530330657362577,0.10587877161396114,0
2017-06-29,0.019838183887194244,0.11342134815359083,0
2017-06-30,0.019548765642265684,0.07723009526688016,0
2017-07-03,0.018834774953963084,0.07484299507467886,1
2017-07-05,0.019342623266667327,0.08690616703013818,1
2017-07-06,0.019401325053581015,0.07888287011343612,1
2017-07-07,0.019849104544323235,0.0689696950747657,1
2017-07-10,0.020796540552984816,0.10192097078592355,1
2017-07-11,0.02109415059269826,0.08015002644613457,1
2017-07-12,0.0219992644982015,0.12219156381335022,0
2017-07-13,0.021742610828536197,0.146501597624451,1
2017-07-14,0.022332370579398592,0.10012489176192053,0
2017-07-17,0.02223680571595292,0.09891375433495138,1
2017-07-18,0.02247025364018818,0.08217843193963507,0
2017-07-19,0.022352847462484525,0.07245155233164582,1
2017-07-20,0.022680490611240837,0.07381424478264231,1
2017-07-21,0.022762400747460845,0.06824883163669873,0
2017-07-24,0.02249619085183861,0.0687039309638639,0
2017-07-25,0.022386976468919836,0.051771456760787114,1
2017-07-26,0.02264772603597758,0.0673881380618501,0
2017-07-27,0.02189414601267517,0.08285326433888572,1
2017-07-28,0.022255918167866796,0.053594459599946846,0
2017-07-31,0.0219992644982015,0.058623567718171926,1
2017-08-01,0.02226957029121618,0.04469613869065144,0
2017-08-02,0.022255918167866796,0.04980514974418033,1
2017-08-03,0.022541243119279197,0.04589424846512541,1
2017-08-04,0.022640901276241028,0.061817948109991604,1
2017-08-07,0.0233426042723663,0.0757484169230943,0
2017-08-08,0.02306274225339468,0.07986558936665634,1
2017-08-09,0.02330983969710304,0.05548737750749742,0
2017-08-10,0.022303701901527775,0.14204570621601412,0
2017-08-11,0.021105071249827252,0.1604047083673138,1
2017-08-14,0.022803357117508992,0.13671869911073245,0
2017-08-15,0.022609501132149823,0.08086394180287078,0
2017-08-16,0.022359672222221072,0.06263608468668931,0
2017-08-17,0.021857285540019467,0.054907646971461624,1
2017-08-18,0.021861381437411908,0.0631324382467559,0
2017-08-21,0.021540564350330284,0.06557164904893795,1
2017-08-22,0.022004724826765996,0.046766666927219716,1
2017-08-23,0.022448409722053912,0.06077834144087573,0
2017-08-24,0.02236513255078557,0.04885586813236442,0
2017-08-25,0.02217673949786718,0.036642443918127286,1
2017-08-28,0.0223350994417427,0.04014861945966509,0
2017-08-29,0.022298238969086996,0.03304854884978856,1
2017-08-30,0.022432028736360424,0.03959537848370284,1
2017-08-31,0.022945336075691023,0.06437875033546206,1
2017-09-01,0.023084583567652667,0.04622124254275459,0
2017-09-05,0.022463426276575348,0.07335480290464541,0
2017-09-06,0.022449774153225965,0.04103623684967044,1
2017-09-07,0.02255489524262858,0.03617214566305106,0
2017-09-08,0.02216035590829741,0.052021153433611515,1
2017-09-11,0.022885267253729,0.05946732534477683,1
2017-09-12,0.022968544424997343,0.04253615390694956,1
2017-09-13,0.02307229847935162,0.06093467327081797,0
2017-09-14,0.022939875747126526,0.05363397681251558,1
2017-09-15,0.024401983526290756,0.14603043085920844,1
2017-09-18,0.025417677547822964,0.18073479434113518,0
2017-09-19,0.02539037590500048,0.09277859851988499,0
2017-09-20,0.025184232227463983,0.07656351371420979,0
2017-09-21,0.024490721026123596,0.11463465685597583,0
2017-09-22,0.024250448342151787,0.05119346324508402,0
2017-09-25,0.02315830451296407,0.09281116765112295,1
2017-09-26,0.023289360210140827,0.12006501667105265,1
2017-09-27,0.02380403458451976,0.07534759948132573,0
2017-09-28,0.02379720982478321,0.04511519484591327,1
2017-09-29,0.024219050801936863,0.06507442697870501,1
2017-10-02,0.024250448342151787,0.05252315230975936,1
2017-10-03,0.02430096093815687,0.040239378772048216,1
2017-10-04,0.02450573758064503,0.04431225719712662,0
2017-10-05,0.024492085457295653,0.045345350039994896,1
2017-10-06,0.02456443936755872,0.03247359511966767,1
2017-10-09,0.025122798974329907,0.05903828132260202,1
2017-10-10,0.025606073204617635,0.10369967960659965,1
2017-10-11,0.02588047489502476,0.055348850135965265,1
2017-10-12,0.02589276258720209,0.05521683659068071,1
2017-10-13,0.026378765679833924,0.06612054747406847,1
2017-10-16,0.026834735663422888,0.06046567778099126,0
2017-10-17,0.026810162882944515,0.0498216514373409,0
2017-10-18,0.026786954533638194,0.05945342918211529,1
2017-10-19,0.026816990246557346,0.059828625573976654,0
2017-10-20,0.02669412374028919,0.04689303515642303,0
2017-10-23,0.026655898836461436,0.04440431927475927,1
2017-10-24,0.02693712528660511,0.04207540926370314,0
2017-10-25,0.026251803276173328,0.08777163741090172,1
2017-10-26,0.02652893643280084,0.03290177063167613,1
2017-10-27,0.02737125395593609,0.05998278612850303,1
2017-10-30,0.027641559748950773,0.05258568504173625,1
2017-10-31,0.028047017136534652,0.04258175069068271,1
2017-11-01,0.028100258594883843,0.05242501066096229,0
2017-11-02,0.02792824652765894,0.035025712243474665,1
2017-11-03,0.02830367080619995,0.03625595689410342,1
2017-11-06,0.0284319976410326,0.04019725602898045,1
2017-11-07,0.028759640789788914,0.044296189759049226,0
2017-11-08,0.028367835525554417,0.05464101435039348,0
2017-11-09,0.02784360492521854,0.10410006279328504,1
2017-11-10,0.029320731862780492,0.13392166212001597,0
2017-11-13,0.028841553529885208,0.061088399570261166,1
2017-11-14,0.029053154932109918,0.05532540036147393,0
2017-11-15,0.028479778770817296,0.05235683261290415,1
2017-11-16,0.028702303434047283,0.04582346488656823,0
2017-11-17,0.028668174427611968,0.05384589329310394,1
2017-11-20,0.029039505412636817,0.040865574601983506,1
2017-11-21,0.029308444170603163,0.041199516760943446,0
2017-11-22,0.02915554455529214,0.03658164820648308,1
2017-11-24,0.02943267510804337,0.017486583689205373,0
2017-11-27,0.02904769460354542,0.0437746494041586,0
2017-11-28,0.028579436927779128,0.05352975559255409,0
2017-11-29,0.02662859458976267,0.14950403726950826,1
2017-11-30,0.02721425583935634,0.0872948253295779,0
2017-12-01,0.026800606656987573,0.08596817605048476,0
2017-12-04,0.025296178076603146,0.13257416859693053,1
2017-12-05,0.02544361736334967,0.1044175032590844,1
2017-12-06,0.025651125472058223,0.048566219991888114,1
2017-12-07,0.026023818284378844,0.05677016702319009,0
2017-12-08,0.025955560271508218,0.04854928404364437,1
2017-12-11,0.026388321905790862,0.03833039342642025,0
2017-12-12,0.025866822771675377,0.04726171772203679,0
2017-12-13,0.025230648926076626,0.05803819186605489,1
2017-12-14,0.025270238261076435,0.04543220105662947,1
2017-12-15,0.025965116497465156,0.07060509971799475,1
2017-12-18,0.02683064236990673,0.04972481255379335,0
2017-12-19,0.026586273788542475,0.03836860787373947,1
2017-12-20,0.02668047161693981,0.029218853271286968,0
2017-12-21,0.026556240679499604,0.030530737877552228,0
2017-12-22,0.026471599077059205,0.04848414578116844,1
2017-12-26,0.026767842081724315,0.03641228872404566,0
2017-12-27,0.026730981609068612,0.0336339247019056,1
2017-12-28,0.026762381753159818,0.023945693796318734,0
2017-12-29,0.026229961961915342,0.02825741251714222,1
2018-01-02,0.027028591648782057,0.036470478905190826,1
2018-01-03,0.028819709611750937,0.09716718039043007,1
2018-01-04,0.028972609227061963,0.06118523845380872,1
2018-01-05,0.029219709274646604,0.06084391395843484,1
2018-01-08,0.03012072858469554,0.09353159683410675,0
2018-01-09,0.030112536789910656,0.0518196590750193,1
2018-01-10,0.03035007800766208,0.061119665936249616,1
2018-01-11,0.030404686501059604,0.04194382997350175,0
2018-01-12,0.030254515748092688,0.03693730311960167,0
2018-01-16,0.029862707879981906,0.07411301227986525,1
2018-01-17,0.03049205696584411,0.056315067696024915,0
2018-01-18,0.030453832062016354,0.04222609577756412,1
2018-01-19,0.031227888968404692,0.06402005563676126,1
2018-01-22,0.03171662352725692,0.05767602312668871,1
2018-01-23,0.032429249784387465,0.04945600865730934,0
2018-01-24,0.03200467734101343,0.060827412265274265,1
2018-01-25,0.032079762717496886,0.04236201761859724,1
2018-01-26,0.03303265905472296,0.053921019422492854,1
2018-01-29,0.0335132018187903,0.047272574099116116,0
2018-01-30,0.032949381883454615,0.05983513940022425,1
2018-01-31,0.03336985842943621,0.049819480161925035,0
2018-02-01,0.032646311515176676,0.0542323803171278,0
2018-02-02,0.0316934151779506,0.07586262600996876,0
2018-02-05,0.02898762838545968,0.12436240497413142,1
2018-02-06,0.030609463143547767,0.11889035667107002,1
2018-02-07,0.031049049537566962,0.08503279060133039,0
2018-02-08,0.029509127519575164,0.12206041877823202,1
2018-02-09,0.03149683033024732,0.1796647898161972,0
2018-02-12,0.030943931052040633,0.11654233943635428,1
2018-02-13,0.031571915706730784,0.065772709152447,1
2018-02-14,0.032771909487665216,0.07874217146648811,1
2018-02-15,0.033465420689005605,0.07373868439817023,0
2018-02-16,0.03310228410264192,0.06708980481971033,1
2018-02-20,0.03381763922211657,0.07236426705992807,0
2018-02-21,0.03278419457596626,0.09473404915941244,1
2018-02-22,0.03287156764462705,0.05587603580693714,1
2018-02-23,0.033387606450178034,0.04294999900121331,1
2018-02-26,0.033476343950010874,0.048813745389296656,0
2018-02-27,0.033405354470919864,0.04730731450576995,0
2018-02-28,0.032851090761541114,0.05465491051305501,0
2018-03-01,0.03151457835098915,0.11078281426823243,1
2018-03-02,0.03210569992914731,0.09702865301889792,0
2018-03-05,0.03198420045792749,0.0652572483687208,1
2018-03-06,0.032872932075799104,0.06699774274207768,0
2018-03-07,0.03282924684340685,0.060961597085974685,0
2018-03-08,0.03273914491240196,0.042582184945765884,1
2018-03-09,0.03330569631395803,0.0527450566572607,1
2018-03-12,0.03391047001546557,0.06355106014693455,0
2018-03-13,0.03363060799649396,0.0651482503428444,1
2018-03-14,0.03377122252350393,0.05274201687167849,1
2018-03-15,0.03385313265972394,0.041500889788665424,1
2018-03-16,0.03400876374125535,0.04122991461676555,0
2018-03-19,0.03271457213192358,0.07535324479740699,1
2018-03-20,0.0338858972349872,0.05808335439470487,0
2018-03-21,0.03374664974302556,0.04548908847252511,0
2018-03-22,0.032830611274578904,0.0577033811969286,0
2018-03-23,0.031618332405343424,0.07772514606169724,1
2018-03-26,0.033189654567426424,0.0642419599842626,0
2018-03-27,0.030601271348762882,0.15082981803843507,0
2018-03-28,0.0300319910848627,0.1005543700391785,1
2018-03-29,0.03142993674854875,0.09737605708543622,0
2018-04-02,0.029991034714814558,0.09796924952905037,1
2018-04-03,0.030578062999456562,0.07032239965884922,1
2018-04-04,0.03069956507455266,0.08353851886013253,0
2018-04-05,0.030036086982255145,0.07399272362182636,0
2018-04-06,0.029062711158066856,0.06983994226144415,1
2018-04-09,0.029221073705818657,0.05209367403250139,1
2018-04-10,0.030927550066347145,0.08055388367348534,0
2018-04-11,0.03069956507455266,0.047829289115743745,1
2018-04-12,0.03184085446469712,0.06234165974029809,0
2018-04-13,0.03141764905637142,0.052474949995527174,0
2018-04-16,0.03141628462519937,0.035946767274884335,1
2018-04-17,0.03224221855876484,0.046415788820016034,0
2018-04-18,0.03208249157984099,0.04035141658350682,0
2018-04-19,0.031081814112830224,0.04910513055010565,0
2018-04-20,0.031036764449265914,0.03979079327113064,0
2018-04-23,0.030377382254360843,0.04427534551505693,0
2018-04-24,0.030011514201776772,0.04287357010657488,0
2018-04-25,0.029391721341871506,0.0617523755924325,1
2018-04-26,0.030560314978714736,0.0386643355853802,1
2018-04-27,0.030711850162853705,0.04138103538570971,0
2018-04-30,0.030516629746322483,0.03345544586272155,1
2018-05-01,0.030822431580820812,0.025415647252858917,0
2018-05-02,0.0307091213005096,0.026985479378528864,1
2018-05-03,0.03162106126768753,0.0459728486351797,1
2018-05-04,0.032449726667473394,0.041360625396800584,1
2018-05-07,0.03376303072871905,0.07251365080853955,1
2018-05-08,0.03399784308412636,0.0528636082949669,1
2018-05-09,0.034732308051638607,0.06264998084935083,1
2018-05-10,0.03532616369989344,0.10578453826091262,0
2018-05-11,0.03456166041558576,0.12970938781323907,1
2018-05-14,0.03467497069589698,0.054657516043554046,0
2018-05-15,0.03333709385417295,0.10246769793563819,1
2018-05-16,0.03339852710730703,0.05798912104165636,1
2018-05-17,0.03363060799649396,0.054293176028772004,0
2018-05-18,0.03338897088135009,0.05037749794380218,0
2018-05-21,0.033156889992163166,0.06741202209142459,0
2018-05-22,0.03294665302111051,0.05412815909716631,1
2018-05-23,0.03360739964718763,0.04595243864627058,1
2018-05-24,0.03362787653027356,0.04534621855016124,1
2018-05-25,0.033844940864939055,0.02957624520473824,0
2018-05-29,0.03375074303654172,0.036152169929225104,1
2018-05-30,0.034351423444533104,0.040311465115854914,0
2018-05-31,0.034242209061614334,0.05147963734489494,1
2018-06-01,0.03498350139273941,0.04367390222486249,1
2018-06-04,0.035970529340277085,0.06756401137053511,1
2018-06-05,0.036000562449319956,0.04038919677574286,1
2018-06-06,0.036011483106448944,0.038179272657476095,0
2018-06-07,0.035704319444654846,0.03797213298280263,0
2018-06-08,0.035619677842214446,0.036995927555830005,0
2018-06-11,0.03539305728159202,0.026673249973727567,1
2018-06-12,0.03566063160838631,0.03251267807715323,0
2018-06-13,0.035636058827907935,0.03458060078322247,1
2018-06-14,0.03625175579042076,0.04454762345220632,0
2018-06-15,0.03602649966097038,0.0447912405538663,0
2018-06-18,0.036003293915540344,0.036541262483748005,0
2018-06-19,0.03533162402845794,0.062451526276340825,1
2018-06-20,0.035623773739606894,0.03800817615470598,0
2018-06-21,0.034913878948696735,0.036893877611284376,0
2018-06-22,0.034072925856733535,0.04499751171837342,0
2018-06-25,0.03245791846225828,0.07014696060524737,1
2018-06-26,0.03284972372649278,0.049852917803329344,0
2018-06-27,0.03199375668388443,0.047139692043665214,1
2018-06-28,0.032695459680009704,0.034559322284146994,0
2018-06-29,0.032154848093980344,0.04045303227296927,1
2018-07-02,0.03288385533680438,0.03668282964086236,0
2018-07-03,0.032146656299195456,0.022044090787104707,1
2018-07-05,0.03295074891850295,0.031107428628005807,1
2018-07-06,0.033578730969316815,0.03003655559290149,1
2018-07-09,0.033840844967546614,0.030853823659432844,1
2018-07-10,0.03438691948601675,0.03694815949668099,0
2018-07-11,0.03360603521601558,0.03776151926746379,1
2018-07-12,0.034111150760561294,0.03537311631001297,0
2018-07-13,0.03385040119350355,0.02467741361146503,0
2018-07-16,0.033697501578192526,0.01925443613280215,1
2018-07-17,0.03444698570410249,0.03717831469076261,0
2018-07-18,0.03417531547991576,0.02800511031381878,1
2018-07-19,0.034220365143480064,0.02345759108283242,0
2018-07-20,0.034064736665824935,0.022002836554203285,0
2018-07-23,0.03386268888568088,0.030604561241691614,0
2018-07-24,0.03376712662611149,0.036362349389480776,1
2018-07-25,0.03419852382922208,0.03250746701615516,1
2018-07-26,0.03460398121680596,0.03316015240616399,0
2018-07-27,0.03421900071230801,0.02993537415852221,0
2018-07-30,0.03314187343764173,0.03481205874255361,1
2018-07-31,0.033241531594603566,0.028694273130814133,1
2018-08-01,0.03346132479161316,0.028647373581831462,1
2018-08-02,0.03402787619316923,0.027139639933055237,1
2018-08-03,0.034229921369437005,0.021127378306526768,1
2018-08-06,0.03449340240271514,0.020391315940548743,1
2018-08-07,0.034892035030562464,0.02588724827318466,1
2018-08-08,0.03509271577565819,0.026318029315692156,0
2018-08-09,0.034825141448863894,0.02004087208842823,0
2018-08-10,0.034597156457069414,0.025698781567087634,1
2018-08-13,0.034778724750251254,0.03859746030257157,1
2018-08-14,0.03550363609568284,0.04847806621000402,0
2018-08-15,0.03518282031053936,0.062039418202409775,0
2018-08-16,0.03495892861226104,0.08485127197656413,0
2018-08-17,0.033236071266039065,0.12197226499634792,1
2018-08-20,0.03364835601723578,0.09061904799126627,1
2018-08-21,0.03439647571197369,0.07103414374016956,1
2018-08-22,0.03569339618364957,0.0792706599027095,1
2018-08-23,0.03624219956446382,0.07610363758112972,1
2018-08-24,0.03697666713585235,0.055566411932634875,1
2018-08-27,0.037479053818053956,0.05277241472750059,0
2018-08-28,0.037271545709345405,0.04947294460555308,1
2018-08-29,0.03783263678233698,0.043471973611187105,0
2018-08-30,0.037739803385111695,0.035492536457885505,1
2018-08-31,0.03813161125322248,0.031148248605824054,1
2018-09-04,0.03854389600441919,0.0403900652859092,0
2018-09-05,0.03782307795250376,0.04054596286076827,0
2018-09-06,0.03704492514872298,0.032907415947757375,0
2018-09-07,0.0369275215748956,0.02993537415852221,1
2018-09-10,0.0373193268391301,0.021762693493208685,0
2018-09-11,0.037055848409728254,0.024256620435870513,0
2018-09-12,0.0364278637550381,0.043361672820061196,1
2018-09-13,0.036856532095804584,0.031033605263866414,1
2018-09-14,0.03755140772831703,0.03987069620643444,0
2018-09-17,0.03721011245621133,0.02017635967437817,0
2018-09-18,0.03681284425953605,0.030380485618774412,1
2018-09-19,0.03694390256058909,0.02227511449135268,0
2018-09-20,0.03616574975680831,0.04460928767401687,0
2018-09-21,0.03577940221726202,0.045102601448501256,1
2018-09-24,0.0360865684829324,0.029771659992166036,1
2018-09-25,0.03645653243290892,0.028303443555958544,0
2018-09-26,0.03625312022159281,0.027018048509766832,1
2018-09-27,0.03631864937211933,0.02114257723443782,1
2018-09-28,0.03817802534795884,0.07487816973641585,1
2018-10-01,0.03931658847963548,0.06539664425041929,0
2018-10-02,0.038923416180352645,0.039548044679637,1
2018-10-03,0.038957545186787956,0.032663798846097394,0
2018-10-04,0.03794185116525575,0.040335783400512595,0
2018-10-05,0.036654484315660533,0.04418067790692524,0
2018-10-08,0.03609612470888934,0.04222392450214826,0
2018-10-09,0.03606472716867442,0.027555656302734852,0
2018-10-10,0.033354841874914776,0.0722231341578969,0
2018-10-11,0.031913210978836475,0.07661953261993909,1
2018-10-12,0.0334708810175701,0.06389585868297382,0
2018-10-15,0.03194733998527179,0.046691106542747635,1
2018-10-16,0.03337395432682865,0.04223478087922758,0
2018-10-17,0.032995798582067255,0.03365346618064838,0
2018-10-18,0.03251388878295158,0.054753052161852084,0
2018-10-19,0.031099562133572047,0.06447906325967499,1
2018-10-22,0.03137942415254367,0.03790656046524352,0
2018-10-23,0.029992401749862892,0.0658717193114104,0
2018-10-24,0.027036783443566942,0.09386510473798351,1
2018-10-25,0.02818763166354463,0.10118577693011187,0
2018-10-26,0.02688388382825592,0.07003492279378877,0
2018-10-29,0.025154199118421115,0.08015654027238217,1
2018-10-30,0.02752688243359122,0.08549527226490951,1
2018-10-31,0.028595820517348897,0.07882728546279,1
2018-11-01,0.02958967322462312,0.059367880930730234,0
2018-11-02,0.029154180124120087,0.04703851060928594,0
2018-11-05,0.02872414735218155,0.039045177293322804,0
2018-11-06,0.028627220661440106,0.030325335223211458,1
2018-11-07,0.028999913473760727,0.05038792006579833,0
2018-11-08,0.027935073891271773,0.053377766313443584,0
2018-11-09,0.02789138605500324,0.04272635763337928,0
2018-11-12,0.02568935037588598,0.06485990496761761,1
2018-11-13,0.02702313132021756,0.06785583078642728,0
2018-11-14,0.026733713075289,0.05503097541508272,1
2018-11-15,0.02744360786619916,0.08913389560681503,0
2018-11-16,0.022261381100307575,0.21103060021869088,0
2018-11-19,0.019567878094179564,0.18218520631893256,1
2018-11-20,0.02016582703595056,0.18155683921358143,0
2018-11-21,0.019569242525351617,0.10919517768415239,1
2018-11-23,0.019608833162289566,0.042588264516930305,1
2018-11-26,0.020707804355090117,0.0863246994737697,1
2018-11-27,0.020800636450377257,0.07799004166243269,1
2018-11-28,0.021666161020880686,0.0852056241244332,0
2018-11-29,0.021296197070904174,0.05748364812484313,1
2018-11-30,0.02212486247069004,0.07706768386577349,1
2018-12-03,0.02302724621191103,0.09457250626847213,0
2018-12-04,0.02126206806446886,0.08602940601721214,1
2018-12-06,0.02142315947456477,0.07302303202110133,0
2018-12-07,0.0199651449889167,0.07186878201002783,1
2018-12-10,0.020545347211884012,0.06620131891953862,0
2018-12-11,0.0200443262627926,0.07080876535200284,1
2018-12-12,0.020141254255472186,0.06887893576238258,0
2018-12-13,0.02013988852236199,0.049038689522380205,0
2018-12-14,0.01980678504504118,0.04908602332644605,0
2018-12-17,0.019414977176930397,0.06982691460894896,1
2018-12-18,0.019873678626739753,0.05913381744090006,0
2018-12-19,0.018722830406762064,0.07878299144430637,0
2018-12-20,0.018257304197216162,0.07924156481213691,0
2018-12-21,0.017502358440803556,0.09163433637572445,0
2018-12-24,0.017162428901808056,0.048219684435516164,1
2018-12-26,0.01798426823991923,0.073326142069156,0
2018-12-27,0.017720787206641102,0.06702336379198487,1
2018-12-28,0.01805935231446455,0.06612054747406847,0
2018-12-31,0.018038875431378616,0.048360817337547345,1
2019-01-02,0.018410203812527184,0.053095500509381215,0
2019-01-03,0.01728665983924826,0.07446085060148673,1
2019-01-04,0.018406109217072884,0.06144058044271437,1
2019-01-07,0.019390404396452024,0.07485254868650866,0
2019-01-08,0.01890303426877185,0.0831963258545923,1
2019-01-09,0.019278459849251004,0.06487553815061183,1
2019-01-10,0.01964023200444263,0.05465925306388674,1
2019-01-11,0.020131698029515244,0.0928311433849489,1
2019-01-14,0.020351491226524843,0.0771332563833326,0
2019-01-15,0.020273676987697276,0.06484861433545511,0
2019-01-16,0.020133062460687298,0.04889972789576488,1
2019-01-17,0.020526234759970133,0.05143273779591227,1
2019-01-18,0.021237493982052345,0.06857495720416155,0
2019-01-22,0.02012350623473036,0.06968404468658508,1
2019-01-23,0.020194495713821377,0.06202682480499775,1
2019-01-24,0.02136172622143069,0.07483213869759953,1
2019-01-25,0.02167708167800968,0.12320815496305793,0
2019-01-28,0.018654571091953297,0.2705244151235412,0
2019-01-29,0.01777949029549293,0.12313867414975027,1
2019-01-30,0.018569930791451042,0.10362933028312564,1
2019-01-31,0.019438185526236718,0.08936665633139569,1
2019-02-01,0.019571972689633864,0.06572103279754941,1
2019-02-04,0.02017947915929994,0.05524940572191868,1
2019-02-05,0.02028459764482627,0.05675105979953048,1
2019-02-06,0.020700978293415426,0.07412560567727726,0
2019-02-07,0.01993920647532813,0.06703161463856516,1
2019-02-08,0.02004159609851035,0.047976935844022524,0
2019-02-11,0.01980678504504118,0.05162207301217565,1
2019-02-12,0.020451149383486675,0.06203116735582948,1
2019-02-13,0.020684596005783797,0.06358493204342204,1
2019-02-14,0.02090985083329603,0.087674364272271,1
2019-02-15,0.021293466906621924,0.16252734721386283,0
2019-02-19,0.021197903345114393,0.057778941581400685,1
2019-02-20,0.021458652912172135,0.056595162224671425,0
2019-02-21,0.02107913273623868,0.04655952725254626,1
2019-02-22,0.02154602467889478,0.04147787426925726,0
2019-02-25,0.021477766666024155,0.069083469906557,0
2019-02-26,0.021260702331358666,0.05089295872752839,0
2019-02-27,0.021029987175281935,0.052173142712722026,0
2019-02-28,0.020872990360640328,0.03314061092742121,1
2019-03-01,0.021171966133463966,0.03664114115287777,1
2019-03-04,0.021217017098966413,0.0423737425058429,0
2019-03-05,0.021181522359420904,0.03726386294214767,0
2019-03-06,0.02057128572547258,0.04167155203635236,0
2019-03-07,0.020190399816428933,0.046728452479900505,1
2019-03-08,0.020378795473223608,0.043722538794177854,1
2019-03-11,0.02181223587645516,0.09119877852730206,1
2019-03-12,0.022000631533249833,0.06078442101204016,1
2019-03-13,0.022833390226551863,0.08133814835369556,0
2019-03-14,0.022415645146790654,0.05424975052045472,1
2019-03-15,0.022995848671696108,0.06967666235017114,0
2019-03-18,0.02287844249399245,0.05073315285692077,1
2019-03-19,0.023801303118299373,0.09068244923340951,0
2019-03-20,0.02362246629133792,0.07593688362919133,1
2019-03-21,0.024924847091578297,0.08735388402088941,0
2019-03-22,0.024045671699663627,0.0790305168417149,0
2019-03-25,0.023537824688897525,0.0548824601766376,1
2019-03-26,0.023959665666051174,0.07423894625398539,0
2019-03-27,0.02390915307004609,0.04936307806951034,1
2019-03-28,0.024011542693228312,0.05000273580702399,1
2019-03-29,0.024326898149807298,0.047465817611128044,1
2019-04-01,0.024698229134832148,0.050389222831047846,1
2019-04-02,0.024796520256745645,0.04573140280893558,1
2019-04-03,0.025563752403397436,0.08292361366235973,0
2019-04-04,0.02551460684244069,0.04751792822110879,1
2019-04-05,0.025881839326196813,0.050163410187797956,1
2019-04-08,0.025996516641556364,0.04391534805110661,0
2019-04-09,0.025651125472058223,0.045628484354223606,1
2019-04-10,0.02603883483890028,0.04614959045403106,0
2019-04-11,0.025962385031244768,0.038531453529929295,0
2019-04-12,0.025753512491364164,0.04907386418411721,0
2019-04-15,0.02502860114593257,0.045641512006718794,1
2019-04-16,0.025507779478827857,0.04074224615836241,0
2019-04-17,0.025382184110215596,0.0359697827942925,0
2019-04-18,0.025247029911770115,0.03922495889775638,1
2019-04-22,0.025543275520311506,0.02825437273156001,1
2019-04-23,0.025843614422369057,0.035519460273042223,1
2019-04-24,0.025911875039115965,0.032408891112274914,0
2019-04-25,0.025330307083038458,0.05206892149276053,0
2019-04-26,0.024126217404711582,0.09220407904484727,1
2019-04-29,0.024295500609592374,0.04041177804006785,1
2019-04-30,0.024523485601386858,0.0372634286870645,0
2019-05-01,0.024451131691123788,0.03632543770741108,1
2019-05-02,0.024822460072272356,0.04071184830254031,0
2019-05-03,0.024797887291793982,0.034430348524444654,0
2019-05-06,0.02436649008868339,0.04369648348918748,0
2019-05-07,0.023446358326720575,0.05814024181060051,1
2019-05-08,0.0235569371408114,0.04336992366664148,0
2019-05-09,0.023047723094996964,0.06954247752947072,0
2019-05-10,0.022860694473250627,0.05969053245752768,0
2019-05-13,0.021445002090760897,0.06918030879010455,1
2019-05-14,0.021935102382723313,0.05484641700473425,0
2019-05-15,0.021599267439182113,0.05239721833563923,1
2019-05-16,0.021682542006574174,0.08266132359212332,0
2019-05-17,0.021182886790592957,0.10882302107787324,0
2019-05-20,0.020530330657362577,0.059968889965841495,1
2019-05-21,0.020982204743559097,0.03714704832477417,0
2019-05-22,0.020591763910496653,0.033240923851634144,0
2019-05-23,0.01992555565391689,0.06211628135213137,0
2019-05-24,0.01962931134731364,0.03668413240611188,0
2019-05-28,0.019380848170495086,0.044367407592689576,0
2019-05-29,0.018972659316690815,0.058637463880833456,0
2019-05-30,0.018804741844920213,0.04067015981455571,0
2019-05-31,0.01830644975817291,0.04017293774432277,0
2019-06-03,0.018077100335206375,0.049826862498338974,1
2019-06-04,0.01933579720499264,0.06754360138162598,0
2019-06-05,0.019100986151523464,0.05340642714893299,1
2019-06-06,0.019442281423629162,0.042172682402333864,1
2019-06-07,0.019677092477098333,0.03573658781462866,1
2019-06-10,0.02007709083805586,0.041590780590882205,1
2019-06-11,0.02039381202774504,0.03953805681272402,0
2019-06-12,0.019772654736667724,0.03682613381830941,1
2019-06-13,0.02005388248874954,0.03130979149676436,0
2019-06-14,0.019559686299394675,0.04068405597721724,1
2019-06-17,0.01961292905968201,0.027831408280549627,1
2019-06-18,0.020684596005783797,0.06103889449077946,1
2019-06-19,0.020717360581047055,0.03386798819173578,1
2019-06-20,0.0208511477444442,0.03587902348190937,0
2019-06-21,0.02053169508853463,0.045026606808946004,1
2019-06-24,0.020654561594802782,0.028581366809189185,0
2019-06-25,0.020493470184706875,0.03172103106052908,1
2019-06-26,0.02155558090485172,0.061272523725526475,1
2019-06-27,0.022097558223991277,0.04622211105292093,1
2019-06-28,0.022234076853608814,0.04103580259458727,1
2019-07-01,0.022498922318058997,0.07491725269390141,0
2019-07-02,0.021961039594373743,0.04131372584781791,1
2019-07-03,0.022032029073464757,0.024639199164145816,0
2019-07-05,0.021688004939014953,0.04091464542638204,0
2019-07-08,0.0212757188858801,0.03366649383314357,1
2019-07-09,0.021289371009229483,0.03508563944495252,1
2019-07-10,0.021664796589708633,0.04694254023590473,1
2019-07-11,0.022513938872580432,0.07196475238340903,1
2019-07-12,0.022695507165762272,0.052839290010309216,0
2019-07-15,0.02264909046714963,0.029329588317496054,0
2019-07-16,0.022623153255499205,0.03493191314550932,1
2019-07-17,0.022982196548346726,0.035665804236071484,1
2019-07-18,0.023046358663824908,0.04586949592538456,0
2019-07-19,0.02280881744607349,0.035306675282287515,1
2019-07-22,0.02320198974535632,0.03216310273519907,1
2019-07-23,0.023794478358562823,0.044347866113946796,1
2019-07-24,0.024204031643539146,0.03762342615101481,0
2019-07-25,0.023483216195499996,0.040496457781286556,1
2019-07-26,0.023713932653514867,0.027627308391458376,0
2019-07-29,0.023679803647079556,0.024804650350834682,1
2019-07-30,0.023765809680692005,0.01933433906810596,0
2019-07-31,0.022847042349901245,0.03688302123420506,0
2019-08-01,0.022328274682006148,0.04359182801414282,0
2019-08-02,0.02181906063619171,0.04436653908252323,0
2019-08-05,0.020399273658247678,0.0618244619362392,1
2019-08-06,0.020612240793582585,0.037084515592797275,1
2019-08-07,0.020822479066573384,0.03830998343751113,1
2019-08-08,0.021419063577172326,0.031442239297132094,0
2019-08-09,0.020862069703511333,0.034972298868244406,0
2019-08-12,0.02048937558925257,0.0281744697962562,1
2019-08-13,0.02111735764006644,0.036073135504087646,0
2019-08-14,0.0203009799324579,0.04344722107144625,0
2019-08-15,0.02012350623473036,0.04967009641331357,1
2019-08-16,0.021596537274899866,0.1072914033995225,1
2019-08-19,0.023128268800044916,0.0863550973295918,0
2019-08-20,0.02273100320724592,0.048148900856958984,1
2019-08-21,0.023189702053178995,0.044246684679567515,1
2019-08-22,0.02322383366349059,0.0308112666612819,0
2019-08-23,0.02198970827224456,0.059533766372502274,1
2019-08-26,0.02240062859226922,0.03240932536735809,0
2019-08-27,0.021902337807460055,0.029452048250950803,0
2019-08-28,0.021823156533584152,0.025613667570785748,1
2019-08-29,0.02261223259837021,0.036726689404262824,1
2019-08-30,0.022681855042412893,0.029413833803631585,0
2019-09-03,0.022225885058823926,0.030013540073493328,1
2019-09-04,0.02285250267846574,0.02258647538598763,1
2019-09-05,0.024351473534161956,0.0733886748011329,0
2019-09-06,0.024202667212367093,0.03878940104933398,1
2019-09-09,0.02445522498463995,0.04319144482745743,1
2019-09-10,0.024821095641100303,0.03616606609188664,1
2019-09-11,0.02497809115380377,0.037110570897787645,0
2019-09-12,0.024969899359018884,0.03345501160763837,0
2019-09-13,0.024651812436219507,0.033102396480102,0
2019-09-16,0.02441563564964014,0.023032021101323002,1
2019-09-17,0.024533041827343796,0.022078396938675367,0
2019-09-18,0.024384235505548933,0.025889419548600526,0
2019-09-19,0.023969221892008112,0.024513265190025682,0
2019-09-20,0.02338901836710266,0.03588727432848965,1
2019-09-23,0.023682532509423662,0.024973141323105758,0
2019-09-24,0.023367177052844676,0.03230727542281246,1
2019-09-25,0.024145329856625458,0.03134800594408358,0
2019-09-26,0.02402382778152936,0.023328617323130074,0
2019-09-27,0.023262058567318347,0.037169629589099154,1
2019-09-30,0.023577414023897333,0.01807630209215414,0
2019-10-01,0.023567857797940392,0.037598673611273954,0
2019-10-02,0.023436802100763637,0.029713035555937697,1
2019-10-03,0.024565806402607058,0.04678099734496442,1
2019-10-04,0.02465590833361195,0.026689751666888136,1
2019-10-07,0.02497809115380377,0.05008090172199511,0
2019-10-08,0.024008811227007924,0.04611311302704454,1
2019-10-09,0.024483893662510765,0.02960881433597621,1
2019-10-10,0.02480061615413809,0.031423132073472484,1
2019-10-11,0.025204711714426196,0.04632676652796559,1
2019-10-14,0.02527843005586132,0.01958056170026498,1
2019-10-15,0.02662176722614984,0.06996327070506525,0
2019-10-16,0.026326888652656786,0.04443124308991599,1
2019-10-17,0.026337811913662062,0.026463070513471895,0
2019-10-18,0.025819041641890684,0.031240310683456708,1
2019-10-21,0.026572621665193093,0.026292842520868127,0
2019-10-22,0.02651801577567185,0.03355054772593641,0
2019-10-23,0.02644702629658083,0.028252201456144144,1
2019-10-24,0.026688663411724697,0.023052431090232126,1
2019-10-25,0.02773712200852016,0.04379592790323407,1
2019-10-28,0.028044288274190546,0.03377549185901996,0
2019-10-29,0.027515961776462226,0.02079604167806586,1
2019-10-30,0.02752688243359122,0.02022325922336084,0
2019-10-31,0.02725657664057654,0.02063276176679286,1
2019-11-01,0.027470912112897924,0.028656492938578092,1
2019-11-04,0.02855076824990831,0.038761174468927746,0
2019-11-05,0.028429268778688493,0.030526829581803673,0
2019-11-06,0.028158962985673813,0.027068422099414884,1
2019-11-07,0.028255889676415256,0.02829823249496047,0
2019-11-08,0.028179439868759745,0.018392874047787167,1
2019-11-11,0.02823404836215727,0.024291795097607514,1
2019-11-12,0.028429268778688493,0.028641728265750215,0
2019-11-13,0.02828728982050646,0.03045300621766428,1
2019-11-14,0.028453841559166866,0.05410818336334036,0
2019-11-15,0.027689340878735466,0.11224929368410723,1
2019-11-18,0.02879377240010051,0.06024290492332358,0
2019-11-19,0.02820810854663056,0.042870096065909497,1
2019-11-20,0.028643601647133594,0.04916940030241524,0
2019-11-21,0.028507083017516057,0.029171953722304293,1
2019-11-22,0.028604012312133786,0.022192606025549833,1
2019-11-25,0.030012878632948825,0.05284840936705585,0
2019-11-26,0.02943813804048415,0.03968700630625232,1
2019-11-27,0.02960741864148866,0.021289789707633424,0
2019-11-29,0.0294026419990005,0.01323131812919436,0
2019-12-02,0.02838012061385546,0.03825309602161548,0
2019-12-03,0.028163058883066257,0.04837080520446032,1
2019-12-04,0.028403328963161785,0.027547405456154566,0
2019-12-05,0.028310498169812782,0.017935169190122956,1
2019-12-06,0.028778753241702794,0.023075880864723463,0
2019-12-09,0.028778753241702794,0.020865956746456697,1
2019-12-10,0.029025853289287435,0.025697913056921286,1
2019-12-11,0.02948455213522051,0.023245240347160884,1
2019-12-12,0.03040331946601127,0.04176100858348598,0
2019-12-13,0.030392398808882278,0.047227845825549314,1
2019-12-16,0.030550758752757798,0.032709829884913715,1
2019-12-17,0.030979427093524282,0.032733713914488226,1
2019-12-18,0.031145978832184687,0.035160331319258255,1
2019-12-19,0.03195826064240078,0.04621342595125747,1
2019-12-20,0.032492047468693594,0.06333219558501543,0
2019-12-23,0.032416962092210136,0.03641011744862979,0
2019-12-24,0.03238965784551137,0.012939064458219015,1
2019-12-26,0.032467474688215224,0.017714567607871132,0
2019-12-27,0.032150752196587896,0.025508577840657912,0
2019-12-30,0.031529594905510584,0.025878997426604378,1
2019-12-31,0.0319364193281428,0.022942130299106217,1
2020-01-02,0.03256576581012872,0.023651268849927524,0
2020-01-03,0.03204153781366913,0.020160726491383944,1
2020-01-06,0.032176689408238326,0.02637621949683732,1
2020-01-07,0.032568497276349105,0.03204541960765922,1
2020-01-08,0.03262993052948318,0.027947354387756786,1
2020-01-09,0.03299033825350276,0.02555938568538914,1
2020-01-10,0.03316781064929216,0.032201751437601456,1
2020-01-13,0.03421354038374352,0.032586501441292624,0
2020-01-14,0.03357190620958027,0.03684741231738488,0
2020-01-15,0.033338458285345006,0.026427027341568547,1
2020-01-16,0.03379715973515436,0.02871642014005595,1
2020-01-17,0.033844940864939055,0.02541608150794209,0
2020-01-21,0.03366200814058516,0.021521247666964567,1
2020-01-22,0.03395825114525027,0.02383626151535917,1
2020-01-23,0.03433367542379128,0.02440904397006419,0
2020-01-24,0.03400876374125535,0.03841333614730627,0
2020-01-27,0.03260535774900481,0.04894662744474756,1
2020-01-28,0.0336661040379776,0.03162419217698153,0
2020-01-29,0.033334364991828846,0.025964979933072608,1
2020-01-30,0.033371222860608264,0.02940167466130275,0
2020-01-31,0.032090683374625874,0.038077656968013636,1
2020-02-03,0.032623105769746634,0.025608456509787676,1
2020-02-04,0.03355142672261805,0.027343305567063315,1
2020-02-05,0.03404698864508311,0.020468613345353513,1
2020-02-06,0.034523435511758,0.02156119913461647,0
2020-02-07,0.03416029892539432,0.018463657626344346,1
2020-02-10,0.03571387567061179,0.05535970651304459,1
2020-02-11,0.0363855429538179,0.06718751221342423,1
2020-02-12,0.0370203523682446,0.0385362303358442,0
2020-02-13,0.03678007968427279,0.055186872989941786,1
2020-02-14,0.039375290266549165,0.1109786633107434,1
2020-02-18,0.040300882357076476,0.06519080734099533,1
2020-02-19,0.042775955295428804,0.0732427650931868,0
2020-02-20,0.04195684872547616,0.08580576464937811,0
2020-02-21,0.03995958708497078,0.08125998243872444,0
2020-02-24,0.03712137495637849,0.09089349720383152,0
2020-02-25,0.03558827769812324,0.11245209080794896,1
2020-02-26,0.03635277837855464,0.0790400704535447,0
2020-02-27,0.03429818198618391,0.09626740385809587,1
2020-02-28,0.03668315299353135,0.1208935753697465,1
2020-03-02,0.03755140772831703,0.09456599244222454,0
2020-03-03,0.03611250829845911,0.06873302605443649,1
2020-03-04,0.03865447481851002,0.06272033017282484,0
2020-03-05,0.03712274199142682,0.0565235101359479,0
2020-03-06,0.03613298518154505,0.053818535222864054,0
2020-03-09,0.033320712868479464,0.06453899046115286,1
2020-03-10,0.03545585496589815,0.060900801374330495,0
2020-03-11,0.03346132479161316,0.052141442091650406,0
2020-03-12,0.029343940212086812,0.08651012639428451,1
2020-03-13,0.03269272821378932,0.06678365498607344,0
2020-03-16,0.026625863123542284,0.07678628657187747,1
2020-03-17,0.029474995909263568,0.08836569836468222,0
2020-03-18,0.027502309653112848,0.09277729575463546,1
2020-03-19,0.028887970228497848,0.08097033429824814,0
2020-03-20,0.027902309316008515,0.08521778326676203,1
2020-03-23,0.028849742720793808,0.06776507147404415,1
2020-03-24,0.03383128874158967,0.11746209170251443,0
2020-03-25,0.03334528564895784,0.0840014347787948,1
2020-03-26,0.03493162696943856,0.07343557435011557,0
2020-03-27,0.03431593000692574,0.06721704155907998,1
2020-03-30,0.036071551928410966,0.06324621307854719,0
2020-03-31,0.03579988170422423,0.1009947046935158,0
2020-04-01,0.03299716301323931,0.06918030879010455,1
2020-04-02,0.034689989854294695,0.07122695299709832,0
2020-04-03,0.03311184032859886,0.06986426054610183,1
2020-04-06,0.036455168001736864,0.0768852967308409,0
2020-04-07,0.035175992946926526,0.08303391445348564,1
2020-04-08,0.036257216118985254,0.05675323107494635,0
2020-04-09,0.03571114420439139,0.05492067462395681,1
2020-04-13,0.03665311988448848,0.041116139784974255,1
2020-04-14,0.03857802501085451,0.0555051819659075,0
2020-04-15,0.03815345256748046,0.03761387253918501,1
2020-04-16,0.04004559311858323,0.07881078376962942,0
2020-04-17,0.0397206814360473,0.05639236510082969,0
2020-04-20,0.03900123041918021,0.04665072082001256,0
2020-04-21,0.03660670318587583,0.07767520672713235,1
2020-04-22,0.03887836391291206,0.050338414986316624,0
2020-04-23,0.03858621420176311,0.04391187401044123,1
2020-04-24,0.0393479860198504,0.03611352122682272,1
2020-04-27,0.04037050740499544,0.04990763394380913,0
2020-04-28,0.03958962313499427,0.04594679333018933,1
2020-04-29,0.040558903061790115,0.03902650432474637,0
2020-04-30,0.03971522110748281,0.03867432345229317,0
2020-05-01,0.03841829803193065,0.0350026967240665,1
2020-05-04,0.03958006690903733,0.03233854178880091,1
2020-05-05,0.03991453742140647,0.03791220578132477,1
2020-05-06,0.04046743409573688,0.03297993654664725,1
2020-05-07,0.04143398255631234,0.03843722017688078,1
2020-05-08,0.04247561639337125,0.03469003306418203,1
2020-05-11,0.04385718107136381,0.04878638731905676,0
2020-05-12,0.04242100789997373,0.05139191781809402,0
2020-05-13,0.042298143997581854,0.06580831806926717,1
2020-05-14,0.04366605655222503,0.06325272690479479,1
2020-05-15,0.04617935439440512,0.10508755885242016,1
2020-05-18,0.04759640990612876,0.08194176291930585,1
2020-05-19,0.04789811584323465,0.07573842905618132,1
2020-05-20,0.04879640629093948,0.061648588627554186,0
2020-05-21,0.04773293113962258,0.08048787690084307,1
2020-05-22,0.04910356995273358,0.11063560179503681,0
2020-05-26,0.04741893490646308,0.08154224824278682,0
2020-05-27,0.046367750051199794,0.12552273455636936,0
2020-05-28,0.04615887751131919,0.07764654589164294,1
2020-05-29,0.04828036488151221,0.0787712665570607,0
2020-06-01,0.047902209136750806,0.04018987369256651,1
2020-06-02,0.04800596319110508,0.04034663977759192,0
2020-06-03,0.04770152839165509,0.03753700938946341,0
2020-06-04,0.04768515000983788,0.043924901662936416,1
2020-06-05,0.04852336903170441,0.05016384444288113,0
2020-06-08,0.04789538698089054,0.03995754722306902,1
2020-06-09,0.049211417300604014,0.048724288842163045,1
2020-06-10,0.05096294592857309,0.06649530961084665,0
2020-06-11,0.04784760585110585,0.06122692694179332,1
2020-06-12,0.048591627044575036,0.05984339024680453,1
2020-06-15,0.049909027003213126,0.041289407563160234,0
2020-06-16,0.049334283806872166,0.05602281402504957,1
2020-06-17,0.05024895784414677,0.04219048686074395,0
2020-06-18,0.05015066672223328,0.025482956790750712,1
2020-06-19,0.050386838301060076,0.05476825108976313,1
2020-06-22,0.05183666099192326,0.041122653611221846,0
2020-06-23,0.05141755148099,0.03858660392549225,0
2020-06-24,0.050246228981802664,0.04664898379967987,1
2020-06-25,0.05163598024682754,0.038691259400536915,0
2020-06-26,0.0498066373800309,0.062142336657121745,1
2020-06-29,0.050052370392567214,0.035019198417227074,1
2020-06-30,0.051678303651924024,0.03780320775544838,1
2020-07-01,0.05185440901266509,0.03332560359285286,1
2020-07-02,0.05230355684039378,0.037386757130685594,1
2020-07-06,0.053543137352451746,0.032157891674200995,1
2020-07-07,0.053720612352117426,0.036707582180603215,0
2020-07-08,0.055600465211042865,0.037541351940295134,1
2020-07-09,0.057200458654872964,0.05155346070903433,0
2020-07-10,0.05703800281360501,0.051893048184075516,0
2020-07-13,0.05470627326460676,0.047485359089870824,1
2020-07-14,0.05647964320683382,0.05677841786977038,0
2020-07-15,0.05566190106805322,0.04172149137091724,0
2020-07-16,0.055156785523507515,0.035314057618701454,1
2020-07-17,0.05552128654104325,0.026772260132690982,1
2020-07-20,0.057210014880829906,0.028788072228779472,0
2020-07-21,0.05621479774238363,0.027939537796259673,1
2020-07-22,0.056816845185423355,0.037738069492972454,0
2020-07-23,0.05512948127680875,0.04255482687552599,1
2020-07-24,0.05548306163721549,0.04924582919705367,1
2020-07-27,0.05672264735702602,0.029578416480154107,0
2020-07-28,0.05559773634869876,0.02735329343397629,1
2020-07-29,0.05696291743712155,0.028750726291626606,1
2020-07-30,0.05777383742004187,0.031396642513398944,1
2020-07-31,0.05777793071355803,0.03977776561863545,1
2020-08-03,0.05993764819533137,0.04266990447256681,1
2020-08-04,0.06112535428408848,0.03155471136367387,1
2020-08-05,0.0614475371042803,0.02499615684251392,1
2020-08-06,0.061713746999902536,0.02438733121590555,0
2020-08-07,0.060971090237605406,0.03504829350779966,0
2020-08-10,0.06078269458081073,0.04430661188104537,0
2020-08-11,0.05906256870080915,0.03635062450223511,1
2020-08-12,0.06228576133389939,0.04828178291240988,1
2020-08-13,0.06230077528454454,0.03851625460201825,1
2020-08-14,0.06296152451449795,0.03764513890517345,1
2020-08-17,0.06718266314837858,0.06531413578461644,0
2020-08-18,0.06676628249978941,0.052519678269093976,0
2020-08-19,0.06609871111397574,0.06545787421714666,1
2020-08-20,0.06611236063344884,0.09789282063441195,1
2020-08-21,0.06907480630335762,0.10641290536626377,1
2020-08-24,0.06927548704845335,0.05112094264619414,1
2020-08-25,0.0694379428897213,0.029246645596610034,1
2020-08-26,0.06956353825833357,0.0327389249754863,0
2020-08-27,0.06877310036625174,0.032343752849798985,1
2020-08-28,0.0716099454597957,0.05617958011007498,1
2020-08-31,0.07284816674843417,0.05223654395486527,1
2020-09-01,0.0752863792141308,0.05337385801769503,1
2020-09-02,0.07815599148681429,0.0927495034293124,0
2020-09-03,0.07088776558058449,0.10047012455304297,0
2020-09-04,0.06874170282603681,0.15676651928049146,0
2020-09-08,0.0648673171889501,0.08425069719653604,1
2020-09-09,0.06924681837058252,0.0777881130487573,0
2020-09-10,0.06704478269146527,0.07371523462367889,0
2020-09-11,0.06624069007215777,0.06701077039457286,1
2020-09-14,0.07010551427553498,0.12832932515891565,1
2020-09-15,0.07075397841718735,0.07684968781402071,0
2020-09-16,0.06815194047129813,0.05826661003980382,0
2020-09-17,0.06787344548737485,0.08390155610966504,0
2020-09-18,0.06637584166672697,0.07369091633902121,1
2020-09-21,0.06816695962969585,0.07614272053861527,1
2020-09-22,0.06882497478955259,0.06804473174760747,0
2020-09-23,0.0660181628050515,0.06810552745925168,1
2020-09-24,0.06724272936646432,0.07724963674562293,1
2020-09-25,0.07011370607031987,0.06170069923753493,1
2020-09-28,0.07099424849728288,0.06015822518210487,1
2020-09-29,0.07203588233434179,0.06533150598794335,1
2020-09-30,0.07370004049752636,0.07268387880114331,1
2020-10-01,0.07415873934345943,0.05485987891231261,0
2020-10-02,0.07114305481907773,0.057844514098959784,1
2020-10-05,0.07431163895877045,0.0499545334927918,1
2020-10-06,0.07482494629810105,0.08302305807640632,1
2020-10-07,0.07606726088025569,0.04325224053910163,0
2020-10-08,0.07538330590487223,0.038998277744340136,0
2020-10-09,0.07496828968745513,0.035523368568790785,1
2020-10-12,0.07749797111920499,0.04506091296051666,1
2020-10-13,0.07761947319430108,0.035274974661215895,0
2020-10-14,0.07678398303477867,0.02783792210679722,0
2020-10-15,0.07610002805939522,0.026874310077236608,0
2020-10-16,0.07523449958307737,0.024178454520899395,0
2020-10-19,0.07352120106668862,0.03022285102358266,1
2020-10-20,0.07432802254834023,0.022747584021844767,0
2020-10-21,0.07366863774955887,0.021703634801897173,0
2020-10-22,0.07277444580312276,0.029399069130803708,1
2020-10-23,0.07402631661123434,0.0232113684506734,0
2020-10-26,0.07157444941831205,0.03443816511594176,1
2020-10-27,0.07296966882353027,0.025060860849906677,0
2020-10-28,0.0687662730026389,0.03873989596985228,1
2020-10-29,0.07093418227919714,0.032612556746282995,0
2020-10-30,0.06825842859574908,0.043115015932819,1
2020-11-02,0.06851371783424233,0.030394816036519112,1
2020-11-03,0.07090960689484248,0.02749051804025892,1
2020-11-04,0.07514030175468003,0.0423993635557501,1
2020-11-05,0.07713756339518542,0.032498347659408525,1
2020-11-06,0.07933277691844241,0.03948116939682837,0
2020-11-09,0.07424747423941598,0.0611535378327371,0
2020-11-10,0.06954715987651636,0.06778591571803645,1
2020-11-11,0.07308570796618559,0.04180399983672009,1
2020-11-12,0.0732973093684103,0.037577395112198486,0
2020-11-13,0.07242495873623218,0.035460401581730715,1
2020-11-16,0.07361676332625801,0.04278454781452444,0
2020-11-17,0.07310891371161563,0.03173840126385599,1
2020-11-18,0.07314440975309927,0.053331301019544086,1
2020-11-19,0.0732072100412817,0.05930361117842065,0
2020-11-20,0.07128230491491566,0.03489326444310694,1
2020-11-23,0.07156762726245178,0.0370936349495439,0
2020-11-24,0.0705724101240055,0.03548081157063984,1
2020-11-25,0.07208502789529854,0.026080926040279763,1
2020-11-27,0.07222973571582468,0.016023578313995954,1
2020-11-30,0.07299560343130441,0.029016056147445235,0
2020-12-01,0.07293280835087457,0.03010125960029425,1
2020-12-02,0.07377649030518187,0.02862609508275599,0
2020-12-03,0.07296557032226154,0.01952410853945251,1
2020-12-04,0.07385157568166532,0.019819836251093237,1
2020-12-07,0.07411641593836295,0.022099675437750835,0
2020-12-08,0.07271437958503701,0.027384125544881566,0
2020-12-09,0.07042496823338269,0.041430106210108245,1
2020-12-10,0.07065158879400513,0.020419108265871806,1
2020-12-11,0.07087548049228344,0.020581953922061635,1
2020-12-14,0.07248912345558664,0.027192619053202326,1
2020-12-15,0.07277171694077865,0.018818009774213412,0
2020-12-16,0.07212735130039502,0.022085779275089305,1
2020-12-17,0.07266659845525232,0.02298338453200764,0
2020-12-18,0.07228844271049092,0.034999222683401124,1
2020-12-21,0.07261744768654302,0.030685766942244945,0
2020-12-22,0.07232256911304996,0.018010729574595034,0
2020-12-23,0.07085363397027289,0.017312013145769876,0
2020-12-24,0.0707689923678325,0.0084901211311129,0
2020-12-28,0.07025704945967395,0.020940214365679256,1
2020-12-29,0.07049322624625332,0.01635969174837176,1
2020-12-30,0.0715990248026667,0.022333304672497844,0
2020-12-31,0.07110346548407792,0.018753740021903827,1
2021-01-04,0.07142291423417307,0.05872865744829976,1
2021-01-05,0.07301335145204624,0.03290350765200882,0
2021-01-06,0.06869801498976828,0.06087648308967281,1
2021-01-07,0.07268161240589747,0.047963473936444165,0
2021-01-08,0.07231437731826507,0.02962140773338822,1
2021-01-11,0.07419696424728718,0.05413684419882977,0
2021-01-12,0.07345020898372133,0.029507198646513758,1
2021-01-13,0.07370686265338662,0.020664896642947655,0
2021-01-14,0.07189663223850386,0.02860003977776562,0
2021-01-15,0.0700358918314923,0.02802030924172983,1
2021-01-19,0.07094100964280996,0.022419287178966074,1
2021-01-20,0.07280038561864947,0.02593501633233368,1
2021-01-21,0.07554030402145198,0.03453413548932297,0
2021-01-22,0.07469388799704801,0.02465917489797177,0
2021-01-25,0.07437034074568413,0.025125130602216265,0
2021-01-26,0.07317990579458293,0.015665752125461504,0
2021-01-27,0.07035398135816796,0.03817015330072946,1
2021-01-28,0.07108161896206738,0.022650310883214043,0
2021-01-29,0.07074715105357451,0.027344174077229663,1
2021-02-01,0.07209731819135215,0.021443950262159794,1
2021-02-02,0.07384338388688044,0.02179526262444665,0
2021-02-03,0.07370004049752636,0.024505882853611743,1
2021-02-04,0.07443041217152245,0.019721694602296166,0
2021-02-05,0.07403040990475049,0.016227243948004032,1
2021-02-08,0.07865974260018795,0.04504788530802147,0
2021-02-09,0.07770138593439738,0.029082062920087512,1
2021-02-10,0.08043720583593117,0.050555108272819886,1
2021-02-11,0.08309384706746534,0.04680705264995479,0
2021-02-12,0.08151297128330168,0.03854838947817304,1
2021-02-16,0.08352797573679632,0.032816656635374246,0
2021-02-17,0.0812112653461958,0.027692012398851135,0
2021-02-18,0.08079079140409048,0.023253056938657996,1
2021-02-19,0.08132321119533495,0.027362847045806094,0
2021-02-22,0.07820650147894309,0.03324266087196684,0
2021-02-23,0.07703927227327192,0.0403965791121568,1
2021-02-24,0.07898874757624004,0.0465347747128054,0
2021-02-25,0.07248229609197382,0.08736734592846777,1
2021-02-26,0.07470481386192956,0.05224653182177824,1
2021-03-01,0.07539968949444201,0.03620645181462172,0
2021-03-02,0.07302154324683112,0.026536893877611285,0
2021-03-03,0.06973691996448309,0.03885627633214261,0
2021-03-04,0.06736423144156041,0.06010785159245682,1
2021-03-05,0.06786252483024587,0.05679622232818046,0
2021-03-08,0.0631212514934218,0.05682575167383622,1
2021-03-09,0.06818334321926563,0.05451464612119017,0
2021-03-10,0.06789938530290156,0.039592772953203806,1
2021-03-11,0.07076762793666044,0.030423476872008526,0
2021-03-12,0.07001677937957843,0.024349116768586334,1
2021-03-15,0.07184748667754712,0.021963319341634552,1
2021-03-16,0.07239356119601725,0.027406706809206555,1
2021-03-17,0.07266659845525232,0.02433826039150701,0
2021-03-18,0.06928777213675438,0.029769922971833347,1
2021-03-19,0.06996080645500884,0.030346613722286926,1
2021-03-22,0.07182018243084835,0.030194190188093245,0
2021-03-23,0.07118947151769038,0.021969833167882147,0
2021-03-24,0.06885364346742341,0.024552782402594415,0
2021-03-25,0.06826525075160936,0.029905410557783285,1
2021-03-26,0.06992531041352519,0.03737720351885579,1
2021-03-29,0.07052053049295208,0.027557827578150715,0
2021-03-30,0.07010278541319087,0.01959836615867507,1
2021-03-31,0.07270482335908009,0.03203673450599576,1
2021-04-01,0.075235869222002,0.03133106999583984,1
2021-04-05,0.07619559031896461,0.025620181397033343,0
2021-04-06,0.07550753684231244,0.018679916657764438,1
2021-04-07,0.0770474640680568,0.025143803570792697,1
2021-04-08,0.07799490007671839,0.02439818759298487,1
2021-04-09,0.07844813599021068,0.019052073264043592,1
2021-04-12,0.08286586207567086,0.0922405564718338,1
2021-04-13,0.08543513284242052,0.07127558956641368,0
2021-04-14,0.083237195664572,0.039714798631575385,1
2021-04-15,0.08793478637288007,0.06283671053511518,0
2021-04-16,0.08670748574137059,0.03425490947084281,0
2021-04-19,0.08369998780402121,0.041768825174983086,0
2021-04-20,0.08265972360588693,0.03413809485346931,1
2021-04-21,0.08369316564816096,0.021397484968260296,0
2021-04-22,0.0809068305467458,0.028021177751896175,1
2021-04-23,0.08317303094521752,0.022561722846246777,1
2021-04-26,0.08433479721844792,0.019336944598604997,0
2021-04-27,0.08380920479081627,0.01573002187777109,0
2021-04-28,0.08323582602564737,0.020598455615222205,1
2021-04-29,0.08349794262775345,0.01666627583709181,0
2021-04-30,0.08177644710882724,0.019783793079189888,0
2021-05-03,0.08083310960143439,0.020000920620776328,0
2021-05-04,0.07818192609458843,0.041866966823780154,1
2021-05-05,0.0787675899480584,0.029566691592908444,1
2021-05-06,0.07911980587729307,0.018857526986782145,1
2021-05-07,0.08069932243803725,0.02276017741925678,0
2021-05-10,0.07771503545387048,0.027056697212169217,1
2021-05-11,0.07793619308205213,0.028867540909000112,0
2021-05-12,0.07494508394202509,0.030802581559618444,0
2021-05-13,0.07443586989621066,0.028847999430257332,1
2021-05-14,0.07759080451643027,0.02593979313824858,0
2021-05-17,0.07716759650422829,0.021419631977502112,0
2021-05-18,0.0763498543654477,0.01808411868365125,1
2021-05-19,0.07662289162468276,0.035209402143656796,1
2021-05-20,0.07960854304002159,0.03277670516772234,1
2021-05-21,0.08167952041808581,0.07092601422445952,1
2021-05-24,0.08506653853136863,0.05809638204720005,1
2021-05-25,0.08526175634402357,0.04513299930432336,1
2021-05-26,0.08554707869155968,0.0380798282434295,0
2021-05-27,0.08438940571184544,0.06099069217654727,1
2021-05-28,0.0885204398108449,0.06783672356276767,1
2021-06-01,0.08862965679763994,0.049192850076906575,1
2021-06-02,0.09143510435096898,0.062368583555454805,1
2021-06-03,0.09248083148154405,0.06083132056102283,1
2021-06-04,0.09580369008322498,0.06486033922270078,1
2021-06-07,0.09602620693482612,0.06036970740761006,0
2021-06-08,0.09514157642209951,0.033021625034631845,0
2021-06-09,0.09460232405948964,0.03929747949664625,1
2021-06-10,0.09496682507702538,0.029105078439495672,1
2021-06-11,0.09715248758207799,0.04305943128217287,1
2021-06-14,0.09820913016202949,0.032753255393231005,0
2021-06-15,0.09695180162922971,0.024247935334207056,1
2021-06-16,0.09707056963422914,0.031206004531886045,1
2021-06-17,0.10169580382839787,0.085762773396144,0
2021-06-18,0.10159478384414027,0.10304612570642446,0
2021-06-21,0.10043983972677013,0.07086000745181724,1
2021-06-22,0.10294903906768149,0.060846085233850704,1
2021-06-23,0.10388009148677331,0.03394528559654055,1
2021-06-24,0.10468964703852157,0.03270418456883247,0
2021-06-25,0.10373675330517178,0.028083710483873068,1
2021-06-28,0.10894628692163841,0.051649865337498706,1
2021-06-29,0.1091742719134329,0.03777498117504215,0
2021-06-30,0.10904184918120781,0.033316918491189396,1
2021-07-01,0.11018586743369638,0.04998883964436246,1
2021-07-02,0.11168756454786041,0.035075217322956376,1
2021-07-06,0.11284250866523055,0.04635976991428673,0
2021-07-07,0.1110582180658745,0.0432895864762545,0
2021-07-08,0.10849713909390972,0.05250361083101658,1
2021-07-09,0.1093025909366367,0.030066084938557246,1
2021-07-12,0.1118268198514509,0.03281926216587328,0
2021-07-13,0.11039337554240493,0.029423821670544567,0
2021-07-14,0.10816266597766429,0.039128554269292,0
2021-07-15,0.10338316773701248,0.05763476889378729,0
2021-07-16,0.09898591853463823,0.07257965758118183,1
2021-07-19,0.10236475006088873,0.0791842431411581,0
2021-07-20,0.10144870638468952,0.04505472482558145,1
2021-07-21,0.10580636625206395,0.038142469539177194,1
2021-07-22,0.10681113961646717,0.033019236631674394,0
2021-07-23,0.10661455737264017,0.019106355149440202,0
2021-07-26,0.10517292647656187,0.020004286097670916,0
2021-07-27,0.10470330176574724,0.024880970681702315,1
2021-07-28,0.10631421586670634,0.019814082371241198,1
2021-07-29,0.10718247320536829,0.01857536974649057,0
2021-07-30,0.10629237455244835,0.01778459124003276,1
2021-08-02,0.10766301336555935,0.021470005567150167,1
2021-08-03,0.10801796336489071,0.030629205217661673,1
2021-08-04,0.11052443384345796,0.022975242249198148,1
2021-08-05,0.11250667111781307,0.020817645868453714,0
2021-08-06,0.11102681531790701,0.017241772386066664,0
2021-08-09,0.11063910855494123,0.013761869277060822,0
2021-08-10,0.10867871259484412,0.01732221814022444,0
2021-08-11,0.1073845131738835,0.018048184075518697,1
2021-08-12,0.10850942938996333,0.0143273779591227,1
2021-08-13,0.11005480913264333,0.017737474563508503,0
2021-08-16,0.10875516240249963,0.020756958720580303,0
2021-08-17,0.10606848285417003,0.020073984038520162,0
2021-08-18,0.1037859040738811,0.02890325838959108,1
2021-08-19,0.10792512996766543,0.08108356631118546,1
2021-08-20,0.11348414544327008,0.07122445603037007,1
2021-08-23,0.1197202937383979,0.06037524415992051,0
2021-08-24,0.1188192692205964,0.03013936548384267,1
2021-08-25,0.12111277386576688,0.03561119665936249,0
2021-08-26,0.12032097675026557,0.023695128613327985,1
2021-08-27,0.12342266210050715,0.030945234354440736,1
2021-08-30,0.12370662001687122,0.0263701399256729,0
2021-08-31,0.12205202328739614,0.026073760831407413,1
2021-09-01,0.12235782251801819,0.01976805133242487,0
2021-09-02,0.12211208950548189,0.01825543231396295,1
2021-09-03,0.12455303604127518,0.02831907673895277,0
2021-09-07,0.12356464626644174,0.01937070793132169,0
2021-09-08,0.12180083255017163,0.025485779448791337,0
2021-09-09,0.1209161916219399,0.01923489465405937,1
2021-09-10,0.12255987290203853,0.024828100125326016,0
2021-09-13,0.12077967559619864,0.030161186801772107,1
2021-09-14,0.12127114162127126,0.019549621025588916,1
2021-09-15,0.12181174799954805,0.01594345825115056,0
2021-09-16,0.12127114162127126,0.014802995838967794,0
2021-09-17,0.1194035686428943,0.02983582118070483,0
2021-09-20,0.11510598540911073,0.035799989056771904,1
2021-09-21,0.11583225858183809,0.020085166106911863,1
2021-09-22,0.11962746034117262,0.027037372860968023,1
2021-09-23,0.12258171421629652,0.024847533040298003,0
2021-09-24,0.12039195841772773,0.021492912522787535,0
2021-09-27,0.11809299604786903,0.024484930045848653,0
2021-09-28,0.11284523752757465,0.03510832927304831,0
2021-09-29,0.111851390028053,0.021573141149403723,1
2021-09-30,0.11293807092479993,0.02185703541002799,1
2021-10-01,0.11308005509073453,0.02402494534899778,0
2021-10-04,0.10756472224364585,0.03538690390890371,1
2021-10-05,0.11149098230403343,0.028183372025461242,1
2021-10-06,0.11285070566776799,0.03012883479807573,1
2021-10-07,0.11489847730040217,0.025755560419212488,0
2021-10-08,0.1135660529756138,0.014284603833430172,0
2021-10-11,0.11282339621331666,0.015601482373151919,0
2021-10-12,0.11269233791226363,0.015465343404577222,1
2021-10-13,0.11415581012259991,0.01747572731212605,1
2021-10-14,0.11856262075868367,0.02430840535453888,1
2021-10-15,0.11919606053418574,0.022506789578225408,1
2021-10-18,0.1211619246344762,0.018435648173479695,1
2021-10-19,0.12153325822337734,0.015393582752082906,0
2021-10-20,0.12051210126940434,0.013743739127338356,1
2021-10-21,0.12372846133112919,0.018228942753889404,1
2021-10-22,0.12391412812557977,0.024937532406285583,1
2021-10-25,0.1263168497575453,0.02285864475936623,1
2021-10-26,0.13478642606425276,0.05061438409167299,0
2021-10-27,0.133333879718798,0.024569066968213395,1
2021-10-28,0.13600963340224606,0.023289534365644515,1
2021-10-29,0.13942804384799126,0.02961869363911839,1
2021-11-01,0.14084783342981155,0.026713201441379474,1
2021-11-02,0.14398228595919269,0.02979337274632468,1
2021-11-03,0.1450580514065632,0.023908999241790626,1
2021-11-04,0.1625487570941467,0.12310599645474152,0
2021-11-05,0.1622811827673524,0.09027946051622508,1
2021-11-08,0.1680258650374076,0.052482006640628735,0
2021-11-09,0.1672231316415196,0.06807664949622069,0
2021-11-10,0.16068118411576973,0.06693238735206015,1
2021-11-11,0.16576511715587153,0.033925309862714595,0
2021-11-12,0.16576511715587153,0.04270616477201174,0
2021-11-15,0.16377195401663489,0.03965063744303659,1
2021-11-16,0.16474396020189855,0.026576845345263188,0
2021-11-17,0.159599960943711,0.04438390928585015,1
2021-11-18,0.17278214711712425,0.0827289588213275,1
2021-11-19,0.17993570351962335,0.05582207961285291,0
2021-11-22,0.17431661141042784,0.07975691703209233,0
2021-11-23,0.17316986429559517,0.05563708694742126,1
2021-11-24,0.1782374137461272,0.045106292616708225,0
2021-11-26,0.17184290811100011,0.028594503025455166,1
2021-11-29,0.18207084040928947,0.04725607240595555,0
2021-11-30,0.17824832919550362,0.06539729563304404,0
2021-12-01,0.171471574522099,0.05044828152235936,1
2021-12-02,0.17524493496717553,0.049202186561194794,0
2021-12-03,0.16741972430085172,0.05695743952780839,0
2021-12-06,0.16383748837491396,0.06940025898973161,1
2021-12-07,0.17688860583176905,0.062247534951020374,0
2021-12-08,0.17360672182727024,0.049491074755275546,0
2021-12-09,0.1663111916743417,0.050897626969672496,0
2021-12-10,0.16471666116295236,0.05093215024878474,0
2021-12-13,0.15359316207154972,0.0628219458622873,1
2021-12-14,0.15455425280743695,0.0702792998418443,1
2021-12-15,0.1661419084694609,0.07367322044438192,0
2021-12-16,0.15482728485891947,0.07465778528170562,0
2021-12-17,0.1516273083867644,0.07535172490461588,0
2021-12-20,0.15117952499020776,0.04800331684032527,1
2021-12-21,0.15858427212993137,0.054792677938191606,1
2021-12-22,0.16035900129557792,0.040766130187936914,1
2021-12-23,0.16166957389060319,0.03510322677582103,1
2021-12-27,0.16879582083865094,0.041689139367220865,0
2021-12-28,0.16539379398247553,0.04352440991248023,0
2021-12-29,0.16364089571558185,0.03511592873700383,0
2021-12-30,0.1613747005248627,0.03139490549306625,0
2021-12-31,0.16041906751366367,0.026798966820306115,1
2022-01-03,0.16429618722084705,0.04037128375356198,0
2022-01-04,0.15975832869921539,0.05509329101951803,0
2022-01-05,0.15055154293939388,0.05193517092714329,1
2022-01-06,0.153685995468775,0.04717160979227843,0
2022-01-07,0.1486020624286732,0.04236798862599086,1
2022-01-10,0.1494375525881956,0.06242427676987173,1
2022-01-11,0.15171467364379634,0.04173289056685053,1
2022-01-12,0.1527085315588231,0.03948822604192993,0
2022-01-13,0.1449324612457035,0.05650646562393336,1
2022-01-14,0.1469365398343166,0.04083647951141092,0
2022-01-18,0.14126284964722866,0.04392381602522848,0
2022-01-19,0.13669768167114568,0.0508767827256802,0
2022-01-20,0.1316901984386994,0.0451083553283533,0
2022-01-21,0.12745268142300156,0.07591625651274062,0
2022-01-24,0.12744175555811998,0.09708879734791737,0
2022-01-25,0.12171891460232277,0.07001668408029552,1
2022-01-26,0.12416531886280428,0.07993322459586051,0
2022-01-27,0.11964384393074239,0.06010882866639396,1
2022-01-28,0.1245366524517054,0.05689762089010133,1
2022-01-31,0.1335250042379368,0.05916725508230437,1
2022-02-01,0.13435503667277102,0.05419991974966063,1
2022-02-02,0.1376533146823447,0.05685908075146974,0
2022-02-03,0.13058713395238267,0.04239393536721044,1
2022-02-04,0.13261306427075886,0.03638503921757656,1
2022-02-07,0.13484650269784362,0.03877767616208832,1
2022-02-08,0.136921573369424,0.042413585409724015,1
2022-02-09,0.1456423508288611,0.054781495869799905,0
2022-02-10,0.1408314498402418,0.05357839216186945,0
2022-02-11,0.13059259167707088,0.06359578842050137,1
2022-02-14,0.1323291063543948,0.045677555178622146,1
2022-02-15,0.14449560371402842,0.07384388269206886,1
2022-02-16,0.14458296897106035,0.077405534320482,0
2022-02-17,0.13363967894942005,0.08586471477691883,0
2022-02-18,0.12891615363333783,0.08050817832598141,0
2022-02-22,0.1275400466800335,0.06663014581417183,0
2022-02-23,0.12206293873677257,0.05936603534662675,1
2022-02-24,0.1294949849154424,0.07774479610421081,1
2022-02-25,0.13172842334252713,0.05527915219511602,1
2022-02-28,0.13297347199477844,0.04968301550203796,0
2022-03-01,0.12801512911553634,0.04259781812876011,1
2022-03-02,0.13207244747697694,0.0401644697702009,0
2022-03-03,0.12930932853649696,0.037499554888539746,0
2022-03-04,0.12506088565591758,0.044699504167546034,0
2022-03-07,0.11641108986394265,0.046806292703559245,1
2022-03-08,0.11729573079217437,0.05838418460357288,1
2022-03-09,0.1254868173227111,0.05135739453898178,0
2022-03-10,0.12354280495218375,0.04433592409915954,0
2022-03-11,0.12049571767983458,0.03772905869999661,0
2022-03-14,0.11629095742777117,0.039698948321039575,1
2022-03-15,0.12526292562443278,0.05127640596597004,1
2022-03-16,0.1335796127313343,0.07075556910431416,1
2022-03-17,0.13505401080655216,0.049099159542712024,1
2022-03-18,0.14426624387555675,0.07719307502103967,1
2022-03-21,0.14580070816886032,0.062103579390948564,0
2022-03-22,0.14465396105402764,0.057248607561075804,0
2022-03-23,0.13979391971220417,0.05237550558148058,1
2022-03-24,0.15353309585346397,0.09311503764557316,0
2022-03-25,0.15103208309958494,0.060723625300395954,1
2022-03-28,0.15390988716705334,0.044056698080679385,1
2022-03-29,0.1562962252094491,0.05094941188834086,0
2022-03-30,0.1510211676502085,0.04818136142442615,0
2022-03-31,0.14881502826206996,0.054690085174792014,0
2022-04-01,0.14568057573268883,0.05401644697702009,1
2022-04-04,0.14921912903011064,0.040976309648192585,0
2022-04-05,0.1414157492625397,0.04526403577567077,0
2022-04-06,0.13309360443094992,0.07427422947949318,0
2022-04-07,0.13200692353420299,0.05844118058323932,0
2022-04-08,0.12606019088012743,0.05483566919142572,0
2022-04-11,0.11949640204011958,0.06031010589744458,0
2022-04-12,0.11724112229877685,0.0697606907087651,1
2022-04-13,0.12105816537236937,0.05398474635594847,0
2022-04-14,0.11589778252461204,0.05964678125789802,1
2022-04-18,0.118764671142704,0.05493554786055548,1
2022-04-19,0.12103086633342316,0.053532903941907094,0
2022-04-20,0.11712098986260537,0.04877705083476855,0
2022-04-21,0.11002751009369714,0.06910398845923692,0
2022-04-22,0.10637973980948029,0.06568466393433368,1
2022-04-25,0.10849304580039355,0.0675142891635118,0
2022-04-26,0.10240979712057675,0.06877113193798491,0
2022-04-27,0.10037295135282413,0.05208672595117062,1
2022-04-28,0.10783775429512836,0.059780314695973676,0
2022-04-29,0.10109376680086328,0.05219257562769401,1
2022-05-02,0.10647804134689892,0.0599672615092796,1
2022-05-03,0.10685482224498313,0.04951278750943419,1
2022-05-04,0.110852074388338,0.06830561048882358,0
2022-05-05,0.1027155963511988,0.06586032011547711,0
2022-05-06,0.10179273051913931,0.06661657534282268,0
2022-05-09,0.09237298934142618,0.06782792989733342,1
2022-05-10,0.09589514863377308,0.08053195379178511,0
2022-05-11,0.0906255487992207,0.07061932157196867,0
2022-05-12,0.08814091963491144,0.07480564913752599,1
2022-05-13,0.09650128937032897,0.07064863379008283,0
2022-05-16,0.094087652288987,0.054473609015830336,1
2022-05-17,0.0990732942071753,0.06146337883458095,0
2022-05-18,0.0923074549831471,0.05704819884019152,1
2022-05-19,0.09332315421243187,0.06531522142232436,0
2022-05-20,0.09097504107386385,0.0781034908029116,1
2022-05-23,0.09208903142506213,0.06733222771989159,0
2022-05-24,0.08802624492342817,0.06175867229113851,1
2022-05-25,0.09250950536716744,0.08266610039803822,1
2022-05-26,0.0972930969013354,0.1060554048690417,1
2022-05-27,0.10253539769694157,0.07802467350531572,0
2022-05-31,0.10177635734507468,0.06996066517456621,0
2022-06-01,0.09985417587330019,0.05697795808048831,1
2022-06-02,0.1068002137515856,0.06828400629843573,0
2022-06-03,0.10203846353167562,0.06286917110258235,1
2022-06-06,0.10239887125569519,0.04372145315646992,1
2022-06-07,0.10316337974775544,0.04008543534506343,0
2022-06-08,0.10164529904402163,0.03729947185896784,0
2022-06-09,0.09836886234870591,0.04080847005854627,0
2022-06-10,0.09250404764247923,0.048372542224793015,0
2022-06-13,0.0852576630505074,0.06345259280682511,1
2022-06-14,0.08628974066160938,0.04885369685694856,1
2022-06-15,0.09006310110668593,0.05908648363683421,0
2022-06-16,0.08500646710553032,0.05711203433741794,1
2022-06-17,0.08653001074170491,0.06629490088996237,1
2022-06-21,0.0902760669400827,0.05030942845951483,0
2022-06-22,0.089151161139508,0.045320488936483244,0
2022-06-23,0.08841396210189907,0.04820231423218924,1
2022-06-24,0.0933340696618083,0.04912217506212019,0
2022-06-27,0.09193066366955775,0.04432528484962181,0
2022-06-28,0.08708700591730405,0.047927539328311605,0
2022-06-29,0.0846842842853385,0.05022941696044023,0
2022-06-30,0.08259283002418835,0.07234581121889323,0
2022-07-01,0.07911980587729307,0.060570984638660695,1
2022-07-05,0.08152798523394683,0.06858157959417994,1
2022-07-06,0.08243446747643655,0.055300864949274664,1
2022-07-07,0.08640987309778086,0.05137487330607948,0
2022-07-08,0.08630066131873837,0.04866826993643374,0
2022-07-11,0.0825546051203606,0.045340681797850786,0
2022-07-12,0.08217235087433047,0.04763810831537688,1
2022-07-13,0.08262012906313455,0.054524851115644736,1
2022-07-14,0.0837559607285908,0.04739405695863373,1
2022-07-15,0.08588564510132127,0.03976202387187043,1
2022-07-18,0.08773682928237589,0.0706573188917463,1
2022-07-19,0.09260233876439272,0.07411496642773953,1
2022-07-20,0.09705282161348731,0.08043033810232267,1
2022-07-21,0.09837977779808235,0.05833880494738131,0
2022-07-22,0.09438799379492083,0.056126492426157096,0
2022-07-25,0.09277707969396173,0.05005528067208791,0
2022-07-26,0.09009586828582547,0.04105718965743353,1
2022-07-27,0.09695999863176716,0.05972049605826661,1
2022-07-28,0.09801937007406276,0.049392824542707686,1
2022-07-29,0.09899684439951978,0.0451386446204046,1
2022-08-01,0.10051492510325359,0.049590736296863724,1
2022-08-02,0.10097908167387488,0.051008362015881575,1
2022-08-03,0.10298317067799309,0.04325897149289081,1
2022-08-04,0.104741526669575,0.04233683082377321,0
2022-08-05,0.10350740388220525,0.03977646285338593,0
2022-08-08,0.0969763718058318,0.10445778041804869,0
2022-08-09,0.09311564610372332,0.07041261615237839,1
2022-08-10,0.0986364366755002,0.06272185006561595,0
2022-08-11,0.09779002065109624,0.053157924677587315,1
2022-08-12,0.10197839731358987,0.0497671524244027,1
2022-08-15,0.10374221102986,0.04754941171463883,0
2022-08-16,0.10290672087033759,0.0468517809235216,0
2022-08-17,0.09993608340564392,0.046369649217428914,1
2022-08-18,0.10232788958823302,0.04296595787551991,0
2022-08-19,0.09728218145195898,0.04580392340782545,0
2022-08-22,0.09283168818735926,0.04233042556129641,1
2022-08-23,0.09363441116774213,0.03803054029148938,1
2022-08-24,0.09385830286602045,0.0546055139973441,1
2022-08-25,0.097631663311097,0.08153258606718622,0
2022-08-26,0.08860508662103786,0.08136279232966562,0
2022-08-29,0.08609861093471803,0.05172542572197079,0
2022-08-30,0.08428019393280296,0.0554219135537091,0
2022-08-31,0.08223788002485699,0.06014758593256713,0
2022-09-01,0.07591982419738544,0.1258454946469376,0
2022-09-02,0.07433621434312511,0.07854339120216572,0
2022-09-06,0.07334236163585088,0.05602661375702733,1
2022-09-07,0.0747020797918329,0.053519442034328735,1
2022-09-08,0.07620923983843772,0.06570203413766061,1
2022-09-09,0.07837714911499594,0.05069189862401934,1
2022-09-12,0.07902151475537958,0.050425591694263576,0
2022-09-13,0.07151847649374246,0.07548178430202615,0
2022-09-14,0.07150209811192526,0.0617540040489944,0
2022-09-15,0.07041541200742575,0.05471016947238876,1
2022-09-16,0.07188434715020282,0.0706827228141119,1
2022-09-19,0.07288912051460603,0.05971061675512443,0
2022-09-20,0.07176420950627876,0.05483968605094507,1
2022-09-21,0.07222837128465262,0.0855481428212858,0
2022-09-22,0.06840586527861933,0.0802809543537112,0
2022-09-23,0.06816013226608303,0.06987479123186877,0
2022-09-26,0.06658744306895169,0.057285084988062326,1
2022-09-27,0.06759767936579568,0.05799194369969698,1
2022-09-28,0.0693614930820658,0.05674997416182255,0
2022-09-29,0.06654376044043571,0.0557022252098972,0
2022-09-30,0.06610143997631984,0.05927125917472427,1
2022-10-03,0.06813829095182504,0.05729974109711941,1
2022-10-04,0.07171506394532202,0.06128446574031373,1
2022-10-05,0.07194441336828855,0.05291951863692541,0
2022-10-06,0.07151301876905425,0.06779557789363704,0
2022-10-07,0.06575741584187005,0.0708702124462718,0
2022-10-10,0.06354036100435508,0.0737168630802408,0
2022-10-11,0.063081662158422,0.07032782784738888,0
2022-10-12,0.06261203744760736,0.051340892845821204,1
2022-10-13,0.0651239708586154,0.09015385223341732,0
2022-10-14,0.06112126099057232,0.0753163331153373,1
2022-10-17,0.06473079595545628,0.06091448040945043,1
2022-10-18,0.06516219576244316,0.06944629002854794,1
2022-10-19,0.06562089460837622,0.05465653896961691,1
2022-10-20,0.06640178148225369,0.06869025192874396,1
2022-10-21,0.06788709500684795,0.06403243190663169,1
2022-10-24,0.06861337338732788,0.05404054813413618,1
2022-10-25,0.07222837128465262,0.052740496978887386,0
2022-10-26,0.07023520814541596,0.0557228523263479,1
2022-10-27,0.07176420950627876,0.06116841106933577,1
2022-10-28,0.07535736608934553,0.05442953212488829,0
2022-10-31,0.07351710256541989,0.05066247784213438,1
2022-11-01,0.07376829851039698,0.04485171057419813,0
2022-11-02,0.07199902186168608,0.07088649701189079,1
2022-11-03,0.07310208634800279,0.05215240703250052,1
2022-11-04,0.07711572208092743,0.06436702544821639,1
2022-11-07,0.07790752440418132,0.04238123340602763,1
2022-11-08,0.07955120568427995,0.062490609233826384,0
2022-11-09,0.07504064620159448,0.04719636233201928,1
2022-11-10,0.08582011595079475,0.07394701827432242,1
2022-11-11,0.08897095206974565,0.06902560541672421,0
2022-11-14,0.08879621114017663,0.055169068531531695,1
2022-11-15,0.09082214145855283,0.05712582193630868,0
2022-11-16,0.08669383101414492,0.06838073661821249,0
2022-11-17,0.08542148332294743,0.0750407982650641,0
2022-11-18,0.08395801111261114,0.05128465681255032,0
2022-11-21,0.08345562443040953,0.04180345701786612,1
2022-11-22,0.08739280514792609,0.04919958103069576,1
2022-11-23,0.09001940806266483,0.04424635898825514,0
2022-11-25,0.08865969511443539,0.016095013275177893,0
2022-11-28,0.08624058989290007,0.03083873329529259,0
2022-11-29,0.08521397521423887,0.030257157175153315,1
2022-11-30,0.09222554745080337,0.05923434749265458,1
2022-12-01,0.09338322043051761,0.048994504067667366,0
2022-12-02,0.0919688885733855,0.03818285526191227,0
2022-12-05,0.09051634222793078,0.036105596071554814,0
2022-12-06,0.08711431016400281,0.03615325556693304,1
2022-12-07,0.08784058854448273,0.03829131046893469,1
2022-12-08,0.09356888722496817,0.05382331202877896,0
2022-12-09,0.0926514791175969,0.048382312964164405,1
2022-12-12,0.09556750808889304,0.04751271716011072,1
2022-12-13,0.09849992064975896,0.06914524269213834,0
2022-12-14,0.09632654844075995,0.05180749993269046,0
2022-12-15,0.0923839047908026,0.049815788993718066,0
2022-12-16,0.09030336597902888,0.04978213422477217,0
2022-12-19,0.0885723194418983,0.03629927383864992,0
2022-12-20,0.08764945360983882,0.04164289120086295,1
2022-12-21,0.08992111694075133,0.03314940459285546,0
2022-12-22,0.08357575686658102,0.05920688085864389,0
2022-12-23,0.08284948369385366,0.03578761278690148,0
2022-12-27,0.07692459756178865,0.04833497916009856,0
2022-12-28,0.0764604357834148,0.03597651374808168,1
2022-12-29,0.07955666340896816,0.03639524421203112,1
2022-12-30,0.07961673483480647,0.031571430184376026,0
2023-01-03,0.07798397421183682,0.04142760924338,1
2023-01-04,0.08035392866466283,0.04468962486440385,0
2023-01-05,0.07771094216035432,0.04011301054284491,1
2023-01-06,0.0809546116765305,0.04183656896795805,1
2023-01-09,0.08515390899615313,0.05260468370162507,1
2023-01-10,0.08668837328945671,0.03956291791623567,1
2023-01-11,0.08719075476390575,0.03621741675547183,1
2023-01-12,0.08997572543414886,0.05772650528010756,1
2023-01-13,0.09209448914975034,0.04642262833757601,1
2023-01-17,0.09647944805607098,0.05335062537074528,0
2023-01-18,0.09470471889042442,0.04559070416198757,0
2023-01-19,0.09136274783682963,0.047035470823703726,1
2023-01-20,0.09722757295856145,0.05919841288452202,1
2023-01-23,0.10462139423340351,0.06899043075498722,1
2023-01-24,0.1050145587210575,0.0517332423134679,1
2023-01-25,0.10533128381656111,0.046666896821860746,1
2023-01-26,0.10794697128192342,0.05100923052604792,1
2023-01-27,0.1110213575932188,0.056720444816166796,0
2023-01-30,0.10445211102852273,0.05090891760183499,1
2023-01-31,0.1064998826611569,0.05193006842991601,1
2023-02-01,0.11417766185236303,0.06956733863298238,1
2023-02-02,0.11836057037466333,0.059123395318903905,0
2023-02-03,0.11503499332614343,0.04447705700119073,0
2023-02-06,0.11497492710805769,0.04695567645217071,1
2023-02-07,0.1208943503076819,0.06996609336310587,1
2023-02-08,0.12106909123725092,0.05862128787898527,1
2023-02-09,0.12178990668529006,0.05473741897885786,0
2023-02-10,0.1159360074284398,0.057653550426134514,1
2023-02-13,0.1187919701816502,0.04942246245213423,1
2023-02-14,0.12525201017505636,0.07119546950356828,0
2023-02-15,0.1241216362342883,0.04352267289214754,0
2023-02-16,0.119960569026246,0.04259456121563631,0
2023-02-17,0.11660768252327476,0.048442023038100676,0
2023-02-21,0.11260497265523169,0.042376239472571145,1
2023-02-22,0.11314557903350848,0.05357665514153676,1
2023-02-23,0.12903628606950932,0.11923721791875436,0
2023-02-24,0.12697213084730538,0.06188525764788339,1
2023-02-27,0.12814618741658937,0.04704220177749291,0
2023-02-28,0.1265898818090278,0.04736452761297798,0
2023-03-01,0.12376122851026873,0.047805622213710826,1
2023-03-02,0.1271250304626164,0.04013982579423084,1
2023-03-03,0.13027040885687907,0.042634404119517424,0
2023-03-06,0.12843561347314678,0.04535240668509645,0
2023-03-07,0.12698305671218693,0.0537905257699994,1
2023-03-08,0.1318594816435802,0.05361888644837532,0
2023-03-09,0.12779124783276313,0.05228181504728604,0
2023-03-10,0.1252192429959168,0.04941670857228219,1
2023-03-13,0.12522470072060501,0.043665434250740626,1
2023-03-14,0.13121511600319655,0.04942148537819709,1
2023-03-15,0.13211614052099804,0.05480364287904172,1
2023-03-16,0.13928607009756178,0.06118360999724682,1
2023-03-17,0.140290843461965,0.08998492700606307,1
2023-03-20,0.1412464660576589,0.0448441111102426,1
2023-03-21,0.14287922147287596,0.05729214163316389,1
2023-03-22,0.1443481618234056,0.08442081662536902,1
2023-03-23,0.14829626319805114,0.05918994491040015,0
2023-03-24,0.14604644118139665,0.04725129560004065,0
2023-03-27,0.1446921859578554,0.03705780890518214,0
2023-03-28,0.144031436727902,0.036523458025337914,1
2023-03-29,0.1471658892572831,0.04060437016945502,1
2023-03-30,0.14934471919097034,0.037436696465250476,1
2023-03-31,0.15149625008571135,0.04497286774240336,1
2023-04-03,0.15252286476437255,0.041149577426378564,0
2023-04-04,0.1497269682292479,0.037879202395003635,0
2023-04-05,0.14660344156474833,0.05377543540585914,1
2023-04-06,0.1474553153138405,0.04103428270179617,1
2023-04-10,0.15041502691365263,0.04077644374616227,0
2023-04-11,0.14817613076187966,0.03199352612522006,0
2023-04-12,0.14449560371402842,0.046311024781200576,0
2023-04-13,0.14432085236895428,0.03625324279983359,1
2023-04-14,0.14593176646991338,0.04081780654283449,1
2023-04-17,0.14726419079470174,0.03276356895145636,1
2023-04-18,0.1508955670738437,0.06352413633177784,1
2023-04-19,0.15233719796992198,0.03680094702348538,0
2023-04-20,0.1478211807625483,0.04429760108806954,1
2023-04-21,0.14790308829489204,0.035329147982841716,0
2023-04-24,0.14748261435278673,0.03469719827305438,0
2023-04-25,0.1431085708958425,0.038957783457834266,1
2023-04-26,0.1470129896419721,0.041976941923593684,1
2023-04-27,0.14848738771718994,0.03880948534693073,1
2023-04-28,0.15134335047040035,0.02958753583690074,1
2023-05-01,0.15768324761212987,0.05978053182351526,0
2023-05-02,0.15386073639834402,0.04158535240234255,0
2023-05-03,0.1516327661114526,0.03948540338388931,0
2023-05-04,0.15032219351642734,0.03280471462058699,1
2023-05-05,0.15642728351050214,0.037108616749913365,1
2023-05-08,0.15899927793184335,0.03531568607526336,0
2023-05-09,0.1558320582233227,0.03204683093667953,1
2023-05-10,0.15754673158638863,0.03796149373326489,0
2023-05-11,0.15587028312715043,0.032837175188054166,0
2023-05-12,0.15457063639700674,0.027634039345247555,1
2023-05-15,0.15791805475978463,0.029773179884957146,1
2023-05-16,0.15933784434160495,0.046652566404116046,1
2023-05-17,0.1646074441761573,0.04482109559083444,1
2023-05-18,0.17279853070669401,0.07914787427794237,0
2023-05-19,0.1705377932406631,0.04931270447986229,0
2023-05-22,0.17005725308047204,0.038249187725866926,0
2023-05-23,0.1673924148464004,0.0365396340271861,0
2023-05-24,0.16657330827644776,0.07618343195266274,1
2023-05-25,0.20721201583362778,0.16547626491991904,1
2023-05-26,0.21248707339286835,0.07542109715415275,1
2023-05-30,0.218848822264361,0.09811135950501869,0
2023-05-31,0.20641475057793313,0.10670733031265499,1
2023-06-01,0.2169867174261774,0.06689623561638601,0
2023-06-02,0.21456761220464207,0.05027056262957086,0
2023-06-05,0.21371574887105502,0.040864923219358744,0
2023-06-06,0.21089254288147904,0.04006535104746669,0
2023-06-07,0.20445434420233086,0.053447898509376,1
2023-06-08,0.2101061930751608,0.04321836864261415,1
2023-06-09,0.21152599307248623,0.04429803534315271,1
2023-06-12,0.21541401781354091,0.040062311261884476,1
2023-06-13,0.22382353831766777,0.0644356377513577,1
2023-06-14,0.23460848141481394,0.07825113753119038,0
2023-06-15,0.23272998257155542,0.059595213466771234,1
2023-06-16,0.23294295882045732,0.06904970657384031,1
2023-06-20,0.23903711253414542,0.04684233587546259,0
2023-06-21,0.23487057718590976,0.05774756665164144,0
2023-06-22,0.23476138103012495,0.04321456891063638,0
2023-06-23,0.23030541962533188,0.03674449386267291,0
2023-06-26,0.22169385915268985,0.06238530237615696,1
2023-06-27,0.22848699741566425,0.048038925757145454,0
2023-06-28,0.2243423137971917,0.06111695184197979,0
2023-06-29,0.22273138928072747,0.039173499670400395,1
2023-06-30,0.23081325882446915,0.052269981596269575,1
2023-07-03,0.23141939956102503,0.0193817814359426,0
2023-07-05,0.23089518718782312,0.0329966553673494,0
2023-07-06,0.22972658834322734,0.030821471655736468,1
2023-07-07,0.23191086558609764,0.036499248304451025,0
2023-07-10,0.23014706228533266,0.036285051984676006,1
2023-07-11,0.23137571693250905,0.03024195824724226,1
2023-07-12,0.23955043028898115,0.05011271090683752,1
2023-07-13,0.25088143748909236,0.04977909443918996,0
2023-07-14,0.24810739268373078,0.08168283832596403,1
2023-07-17,0.25352441357789574,0.05328396721547824,1
2023-07-18,0.25916534700134924,0.05965405503054116,0
2023-07-19,0.2568882259457485,0.044274694132432166,0
2023-07-20,0.2483858824599015,0.0562561175684842,0
2023-07-21,0.2417729324356792,0.10249386180439936,1
2023-07-24,0.2434275395806594,0.039390844339528414,1
2023-07-25,0.24925413979856345,0.03565245089226392,0
2023-07-26,0.24801454887100038,0.037406407173199166,1
2023-07-27,0.25046096354698705,0.04736593894199829,1
2023-07-28,0.25510257091522043,0.03381913449487883,0
2023-07-31,0.25498789620373713,0.025118942467281052,0
2023-08-01,0.2537756147306254,0.02368622638412294,0
2023-08-02,0.24155451929309935,0.05541767956664817,1
2023-08-03,0.24289784865175904,0.03305723395145202,1
2023-08-04,0.24379887316956053,0.037235853489283016,1
2023-08-07,0.24782342435186158,0.03283771800690813,0
2023-08-08,0.24371150791252857,0.036277995339574445,0
2023-08-09,0.23218937619327862,0.06153057980870195,0
2023-08-10,0.2312828939507889,0.05135337767946243,0
2023-08-11,0.22291159835048982,0.05573718274409261,1
2023-08-14,0.2387367710282116,0.07280351607655744,1
2023-08-15,0.23975792798218457,0.07130815869765164,0
2023-08-16,0.23727876695806863,0.05512553445944362,0
2023-08-17,0.2365033534321371,0.046977172078787766,0
2023-08-18,0.23625761000409565,0.06123952033920533,1
2023-08-21,0.25628754293388084,0.07305180142036154,0
2023-08-22,0.24919406316497258,0.07986092112451224,1
2023-08-23,0.25710120219465044,0.08243963637216356,1
2023-08-24,0.257357840241058,0.12336796083366555,0
2023-08-25,0.25110532918737066,0.09832197322035754,1
2023-08-28,0.2555667274858417,0.07225049222813679,1
2023-08-29,0.2662096864170533,0.0740097681338409,1
2023-08-30,0.2688308316071038,0.07768020066058884,1
2023-08-31,0.26932775535686465,0.05524701731896123,0
2023-09-01,0.2647079788873841,0.04821859879780823,1
2023-09-05,0.264920955136286,0.03940571757612709,0
2023-09-06,0.2568008606887166,0.04874404744844741,0
2023-09-07,0.25232306838517066,0.04490740378861505,0
2023-09-08,0.24866982996076042,0.04922161947616678,0
2023-09-11,0.2465183198970297,0.04931900117856829,0
2023-09-12,0.24483640329759815,0.035780013322945954,1
2023-09-13,0.24819475794076273,0.04111038590512221,1
2023-09-14,0.24871899114497487,0.03804259087004743,0
2023-09-15,0.2395395148396047,0.05288694950568744,1
2023-09-18,0.23989991214811915,0.05217477116928392,0
2023-09-19,0.23746443375251922,0.03836469957799091,0
2023-09-20,0.23046923469001934,0.0377180937591465,0
2023-09-21,0.22379622886321643,0.04679706478304182,1
2023-09-22,0.22703445107020953,0.04989113225064856,1
2023-09-25,0.2303764117082992,0.043361564256290404,0
2023-09-26,0.22867812193480302,0.041536715833027184,1
2023-09-27,0.23171974106695886,0.04616728634867035,1
2023-09-28,0.23511086288926297,0.04396648158715022,1
2023-09-29,0.23734975904103595,0.04105338992545577,1
2023-10-02,0.24435587355291222,0.04490392974794966,0
2023-10-03,0.2374480397474443,0.04898071646877663,1
2023-10-04,0.24030947064084804,0.03714411710296275,1
2023-10-05,0.2438425557980765,0.04058146321381765,1
2023-10-06,0.24970738091980832,0.045027475319112345,0
2023-10-09,0.24703707454554336,0.04233932779050145,1
2023-10-10,0.2499039631636353,0.0378781167572957,1
2023-10-11,0.25540837014584244,0.03891544358722491,1
2023-10-12,0.25616741049770936,0.05011792196783559,0
2023-10-13,0.24806368922420455,0.04933517718041649,1
2023-10-16,0.251525803129476,0.03858562685155511,0
2023-10-17,0.23974701253280814,0.08605339861055744,0
2023-10-18,0.2302344275423646,0.06596486702675099,0
2023-10-19,0.22971567289385092,0.052279209516787,0
2023-10-20,0.22581671187240954,0.04967726162218592,1
2023-10-23,0.23448832814763218,0.04981448622846855,1
2023-10-24,0.23824530500313895,0.041447802104747536,0
2023-10-25,0.22795730648676388,0.04111299143562125,0
2023-10-26,0.22002287883364502,0.056596573553691736,1
2023-10-27,0.2209730437046507,0.04311110763707045,1
2023-10-30,0.22458257866953465,0.03998924784414064,0
2023-10-31,0.22250203985776093,0.054096132784782314,1
2023-11-01,0.2309388698163391,0.04537021114350654,1
2023-11-02,0.23738798394486368,0.04228472021379246,1
2023-11-03,0.2455736127507122,0.043960727707298176,1
2023-11-06,0.24964730428621745,0.041368550552068485,1
2023-11-07,0.2507613050529209,0.03511875139504445,1
2023-11-08,0.2541414905948383,0.035504587036443554,1
2023-11-09,0.2561947199521607,0.05654174884944116,1
2023-11-10,0.26375781401637843,0.043595410618578995,1
2023-11-13,0.26531411962393997,0.03956671764821343,1
2023-11-14,0.27097142622145814,0.043129563478105294,0
2023-11-15,0.2667776022497814,0.04948521231165271,1
2023-11-16,0.27001034590107603,0.03474865750041037,0
2023-11-17,0.26901649840155434,0.03316894607159824,1
2023-11-20,0.2750833634918014,0.04282189375167731,0
2023-11-21,0.2725441258340946,0.05928309262574073,0
2023-11-22,0.26583835282815216,0.09550789171762651,0
2023-11-24,0.26070527943484617,0.02985123723615747,1
2023-11-27,0.26324997481724116,0.040818023670376076,0
2023-11-28,0.2609510020318773,0.04145084189032975,1
2023-11-29,0.26269297443388945,0.03933536825265308,0
2023-11-30,0.2552117879020155,0.05499482367940858,0
2023-12-01,0.25518447844756414,0.037957911128828715,0
2023-12-04,0.24833126355099885,0.04536478295496688,1
2023-12-05,0.2540978079663223,0.03821857274250324,0
2023-12-06,0.2482930386471711,0.039181750516980675,1
2023-12-07,0.2542616230310098,0.03595013275177893,1
2023-12-08,0.2592308813596283,0.03686217699021276,0
2023-12-11,0.25443089582038547,0.0532014587496754,1
2023-12-12,0.2600554560697743,0.0382912019051639,1
2023-12-13,0.26240902693303053,0.04647745304182658,1
2023-12-14,0.26383972154872215,0.040337086165762114,1
2023-12-15,0.26678851769915785,0.04996842965545333,1
2023-12-18,0.273270399006822,0.04265546549105131,0
2023-12-19,0.2706874787205992,0.04828525695307526,0
2023-12-20,0.26253461709389025,0.04106033800678654,1
2023-12-21,0.2673346026331331,0.030478735831342273,0
2023-12-22,0.2664608875697829,0.025276577062472806,1
2023-12-26,0.2689127391394475,0.024374737818493534,1
2023-12-27,0.2696663217666262,0.02322917290908349,1
2023-12-28,0.2702396953240426,0.024633879539376947,0
2023-12-29,0.2702396953240426,0.040126581014194064,0
2024-01-02,0.2628458740492005,0.04251074998458394,0
2024-01-03,0.25957490549407813,0.03270114478325026,1
2024-01-04,0.2619175609079579,0.03114206047088884,1
2024-01-05,0.2679188916399259,0.04292166385703628,1
2024-01-08,0.28515292803458636,0.0676167733631406,1
2024-01-09,0.2899965962023452,0.08179411619102708,1
2024-01-10,0.29660406767086905,0.05581437158512659,1
2024-01-11,0.29918153023240357,0.06264987228558004,0
2024-01-12,0.2985699317711595,0.036185824698171005,1
2024-01-16,0.3077002677233255,0.046671565064004855,0
2024-01-17,0.3059036972434209,0.04936546647246779,1
2024-01-18,0.3116592845473475,0.05123884290127558,1
2024-01-19,0.3246776660715784,0.05686798298067478,1
2024-01-22,0.3255677543089932,0.04703796779043197,1
2024-01-23,0.3267636626080403,0.029852214310094605,1
2024-01-24,0.33489467250498617,0.05868859741687706,1
2024-01-25,0.33628716304786027,0.050275556563027346,0
2024-01-26,0.33308716574469494,0.04023688180531997,1
2024-01-29,0.3409178549667172,0.0357232344708211,1
2024-01-30,0.3426052084598267,0.04245440538754226,0
2024-01-31,0.33579569702278766,0.047129161357898276,1
2024-02-01,0.3439867835533244,0.037939346724023076,1
2024-02-02,0.36109525061813547,0.04960256974788019,1
2024-02-05,0.3784166522698279,0.07169529710430027,0
2024-02-06,0.3723607026289573,0.07202457102111609,1
2024-02-07,0.38260501851681644,0.05166495570163897,0
2024-02-08,0.3801040057629374,0.042854680010456864,1
2024-02-09,0.39371215484965955,0.04526642417862822,1
2024-02-12,0.3943401264849683,0.06449013676429591,0
2024-02-13,0.39368482456419795,0.06328182199536737,1
2024-02-14,0.40336124545033925,0.05267915844838922,0
2024-02-15,0.396579001805731,0.04347349350397821,0
2024-02-16,0.3963332792086998,0.05163803188648225,0
2024-02-20,0.37907195419059825,0.0743827932502864,0
2024-02-21,0.36825970163900074,0.07100884838157474,1
2024-02-22,0.4286880876691281,0.09178198310400323,1
2024-02-23,0.4302116260975501,0.0879049537214358,1
2024-02-26,0.4317133336272193,0.05257667424876042,0
2024-02-27,0.42957815507553265,0.040388436829347306,0
2024-02-28,0.42390995385964836,0.04054096892731178,1
2024-02-29,0.43182252978300406,0.052936671712710735,1
2024-03-01,0.44911664281125546,0.04988016730979845,1
2024-03-04,0.46526946644936235,0.06469705931142777,1
2024-03-05,0.46923939872276077,0.05438599805280021,1
2024-03-06,0.4841799408877559,0.0611040327532554,1
2024-03-07,0.5058535655131449,0.06388315672179101,0
2024-03-08,0.4777799879434458,0.12187249489098896,0
2024-03-11,0.46820188942573343,0.07150921880116068,1
2024-03-12,0.5017252758997472,0.07039220616346925,0
2024-03-13,0.4961280251048097,0.0668788654130591,0
2024-03-14,0.4800516512743583,0.06325337828741955,0
2024-03-15,0.4794673414365552,0.06757074232432428,1
2024-03-18,0.48284209008479473,0.07049002212095394,1
2024-03-19,0.48799155748317563,0.07083688336863828,1
2024-03-20,0.49331029767093215,0.04987235071830133,1
2024-03-21,0.49911502532806284,0.05001446069426966,1
2024-03-22,0.5146999539644519,0.06155989202681612,1
2024-03-25,0.5185934364301948,0.057805431141474226,0
2024-03-26,0.5052637979506536,0.053627028731184814,0
2024-03-27,0.49264408030078544,0.06148910844825894,1
2024-03-28,0.49322293241390025,0.04511172080524788,1
2024-04-01,0.4932611364867177,0.04698216601224426,0
2024-04-02,0.4882864412644212,0.044878525825584055,0
2024-04-03,0.48562157178383425,0.03803933395692363,0
2024-04-04,0.4689172263180741,0.04508490555386196,1
2024-04-05,0.48040115396450656,0.041254015773881644,0
2024-04-08,0.4756230201550268,0.02861089615484494,0
2024-04-09,0.4659083535340475,0.05232990879774743,1
2024-04-10,0.47510970240019107,0.04475530594573375,1
2024-04-11,0.49464269074920514,0.04472360532466213,0
2024-04-12,0.48137312890325484,0.04419902518418929,0
2024-04-15,0.4694414595222862,0.04596557486253655,1
2024-04-16,0.47716293175751345,0.03808123957244981,0
2024-04-17,0.4587056984403648,0.05164595704175015,1
2024-04-18,0.46217868613299207,0.04641969711576459,0
2024-04-19,0.41592088646661657,0.09287826006147316,1
2024-04-22,0.43403957420501393,0.06260449262938848,1
2024-04-23,0.4499029717865634,0.04547508374609279,0
2024-04-24,0.43490785237468615,0.05347069690124258,1
2024-04-25,0.45104430283872843,0.04396409318419277,1
2024-04-26,0.4789103618842138,0.057683296899331854,1
2024-04-29,0.47903051515139555,0.040091623479998645,0
2024-04-30,0.471631215320855,0.037349085502220346,0
2024-05-01,0.4532777204348029,0.05864430339839343,1
2024-05-02,0.46843669657338816,0.03888949684600533,1
2024-05-03,0.48466597001915057,0.04110886601233111,1
2024-05-06,0.5029648459963001,0.03870548125451082,0
2024-05-07,0.49430414517045385,0.045342961637037445,0
2024-05-08,0.49352873164452227,0.03322496497732754,0
2024-05-09,0.48443662059618403,0.03890198167964655,1
2024-05-10,0.49061268184221585,0.03426761143202562,1
2024-05-13,0.493457739561555,0.029312218114169133,1
2024-05-14,0.49868365676759135,0.030053382977374442,1
2024-05-15,0.5165620379716253,0.043214351783094795,0
2024-05-16,0.5150822030027294,0.03303291566679434,0
2024-05-17,0.504816014554097,0.03691287627117319,1
2024-05-20,0.517381154957083,0.03246968682391912,1
2024-05-21,0.5206903692470434,0.033575083138135675,0
2024-05-22,0.5183094680983256,0.05742676070894748,0
2024-05-23,0.5666314542334204,0.0885212702482289,1
2024-05-24,0.5812115782588909,0.04449095316385226,1
2024-05-28,0.6217956773226734,0.06872607797310572,1
2024-05-29,0.6268413646279372,0.05838147050930305,0
2024-05-30,0.6032237484630312,0.050468365819956104,0
2024-05-31,0.5984893181130777,0.06444160875875134,1
2024-06-03,0.6277970080546413,0.04545695359637032,1
2024-06-04,0.635644049619718,0.04164983928219372,1
2024-06-05,0.6684248105779501,0.05522877860546797,0
2024-06-06,0.6605504387274118,0.07002536918195897,0
2024-06-07,0.6599497557155442,0.04263364417312187,1
2024-06-10,0.6648753314156467,0.03189105278196834,0
2024-06-11,0.6600699089827259,0.022024462457345295,1
2024-06-12,0.6834963797974829,0.0303886279015839,1
2024-06-13,0.7075781941950307,0.02616652857355022,1
2024-06-14,0.7199740618086411,0.031444453998056274,0
2024-06-17,0.7150593598958944,0.029184590545224626,1
2024-06-18,0.7401787252524902,0.029817593323588652,0
2024-06-20,0.7139672316899645,0.05407435489236119,0
2024-06-21,0.6909775871603672,0.06836974996460822,0
2024-06-24,0.6447798641275825,0.04954643142200301,1
2024-06-25,0.6883564211393064,0.0428297754814369,1
2024-06-26,0.6900492740191245,0.037269497401851835,0
2024-06-27,0.6768889083289591,0.025283601138443124,0
2024-06-28,0.6744315990346063,0.0321171476910223,1
2024-07-01,0.6785817612087772,0.028791709115101045,0
2024-07-02,0.6696807538485675,0.02157096987398786,1
2024-07-03,0.7003154208057365,0.02128598997565566,0
2024-07-05,0.6869366628040015,0.02111529515883748,1
2024-07-08,0.6998785528585564,0.023666608910740603,1
2024-07-09,0.7172436996317956,0.028843939145229664,1
2024-07-10,0.736520049934402,0.024893520653606012,0
2024-07-11,0.6955099983728157,0.03855128813085321,1
2024-07-12,0.7055577528478582,0.025295412876705427,0
2024-07-15,0.701189156700097,0.020480142817811752,0
2024-07-16,0.6898308400455344,0.0211796517621637,0
2024-07-17,0.6441245622068121,0.04021269379718724,1
2024-07-18,0.6610527993708506,0.032710209858111496,0
2024-07-19,0.6437969320774373,0.0214460998248215,1
2024-07-22,0.6744315990346063,0.02588039789924761,0
2024-07-23,0.6692438859013873,0.01674389893320896,0
2024-07-24,0.623701464789373,0.03344816123370132,0
2024-07-25,0.6129438311466782,0.04781007332831334,1
2024-07-26,0.617203189476634,0.029715977634126194,0
2024-07-29,0.6091759180107847,0.024803792697045416,0
2024-07-30,0.5662546629198312,0.050715923786495885,1
2024-07-31,0.6388276529178084,0.049233040384854224,0
2024-08-01,0.5961794090473271,0.054692506146880704,0
2024-08-02,0.5855855904693198,0.05019418801681783,0
2024-08-05,0.5483434520436269,0.057882120589162554,1
2024-08-06,0.5690942212524615,0.04226736086684263,1
2024-08-07,0.5399339732015206,0.0425309862714598,0
2024-08-08,0.5730259494530424,0.040410692402359914,0
2024-08-09,0.5718245834293071,0.0294386080561266,1
2024-08-12,0.5951418580882792,0.03320747535385275,1
2024-08-13,0.6340222304848876,0.031805569668845755,1
2024-08-14,0.644616049062895,0.03469333340281415,1
2024-08-15,0.6707183048076154,0.03239615658196087,1
2024-08-16,0.6801107573618875,0.030713765538732514,1
2024-08-19,0.7097078733600086,0.032422960976969714,0
2024-08-20,0.6946908813873579,0.030442084702322486,1
2024-08-21,0.7015167868294718,0.025860281032519625,0
2024-08-22,0.6755237272405362,0.0387039722180968,1
2024-08-23,0.7062675903534901,0.032954565193412874,0
2024-08-26,0.6903769041484995,0.03390280459302916,1
2024-08-27,0.7004246586235419,0.030772900224683583,0
2024-08-28,0.6857352967802661,0.04651101010337876,0
2024-08-29,0.6419402641329316,0.04704538269597715,1
2024-08-30,0.6516603884785991,0.034096797195059564,0
2024-09-03,0.5895719375788033,0.04966522190000495,0
2024-09-04,0.5797972359862537,0.03830024526727097,1
2024-09-05,0.5852579603399448,0.03117633405332826,0
2024-09-06,0.561340002669105,0.04276957687053206,1
2024-09-09,0.5812170359835791,0.027600384576301658,1
2024-09-10,0.5901180016817683,0.026989355105146183,1
2024-09-11,0.6382270115679614,0.045785945247382095,1
2024-09-12,0.6504044035459611,0.03760352641182842,0
2024-09-13,0.650185969572371,0.023740540838650785,0
2024-09-16,0.6375170907382883,0.02487112394769137,0
2024-09-17,0.6310188154255493,0.023042215239400483,0
2024-09-18,0.6188960423564521,0.031552854923193305,1
2024-09-19,0.6434693019480624,0.02972762652673231,0
2024-09-20,0.6332577324083325,0.0393850253214139,1
2024-09-23,0.6346775324056579,0.020252408595818817,1
2024-09-24,0.6598514750091358,0.03639999930519187,1
2024-09-25,0.6742677839699188,0.028770799732846273,1
2024-09-26,0.6771619612114518,0.03071300559233696,0
2024-09-27,0.6627456522506688,0.0272852456624431,1
2024-09-30,0.662964086224259,0.022458988949945153,0
2024-10-01,0.6387184567620237,0.030659983046681556,1
2024-10-02,0.6488207884839482,0.021947892429804838,1
2024-10-03,0.6706636858987127,0.02794844002546472,1
2024-10-04,0.6819673836443726,0.024318078386516555,1
2024-10-07,0.6972574284995161,0.035453692340695696,1
2024-10-08,0.7254893634092143,0.02888257699125497,0
2024-10-09,0.7241787595676737,0.024590953424405308,1
2024-10-10,0.7359739441694164,0.02416969342459638,0
2024-10-11,0.7359193669225343,0.01634205013561786,1
2024-10-14,0.7537759588898358,0.023088007437921065,0
2024-10-15,0.7184450656555309,0.038882223073362185,1
2024-10-16,0.7409432233290453,0.026619804029366066,1
2024-10-17,0.7475506531355486,0.031131301801203236,1
2024-10-18,0.7533936681895378,0.016980481102521545,1
2024-10-21,0.7845744409116924,0.02658449909110411,0
2024-10-22,0.7839190973289015,0.022432705661036115,0
2024-10-23,0.7619123848494495,0.028905103973694564,1
2024-10-24,0.7665540338797033,0.016574962849477633,1
2024-10-25,0.7727245957390264,0.0201322936398132,0
2024-10-28,0.767154716891571,0.01670869170234072,1
2024-10-29,0.771141022339034,0.01497242045966769,0
2024-10-30,0.7607110188257141,0.017341770475344298,0
2024-10-31,0.7247794425795414,0.027179982230281997,1
2024-11-01,0.7391957515403244,0.02035003999489316,1
2024-11-04,0.7427452723646483,0.018222233512854385,1
2024-11-05,0.7638236717028577,0.015292010488128768,1
2024-11-06,0.7949497838540891,0.024140663472286276,1
2024-11-07,0.8128063758213906,0.020371264212083233,0
2024-11-08,0.8059804703792767,0.016934406638196904,0
2024-11-11,0.7930384970006807,0.017657419638925583,1
2024-11-12,0.8095844851264417,0.019427997033169272,0
2024-11-13,0.7985538819252951,0.018697210866451798,1
2024-11-14,0.8012295835312175,0.01897513411968244,0
2024-11-15,0.7751273277864971,0.025018835814232622,0
2024-11-18,0.7651341922203574,0.021878346478234702,1
2024-11-19,0.8025947646196403,0.022598080853085425,0
2024-11-20,0.7964787800071993,0.03150430520489458,1
2024-11-21,0.8007381383371551,0.04139173977350992,0
2024-11-22,0.7749635127218096,0.023528613501685343,0
2024-11-25,0.7425814572999608,0.03531165835936693,1
2024-11-26,0.7474960758886664,0.01852181523835827,0
2024-11-27,0.7388681214109495,0.022439143492644153,1
2024-11-29,0.7547588492779606,0.013264668919582038,1
2024-12-02,0.7568339511960563,0.016501997139127512,1
2024-12-03,0.765734875232225,0.01571286880198576,1
2024-12-04,0.792383236741931,0.02296604689781196,0
2024-12-05,0.7919463687947508,0.016603873381639867,0
2024-12-06,0.7776392976517731,0.018328343742427675,0
2024-12-09,0.7578168415841811,0.01841552045037463,0
2024-12-10,0.7373937858287625,0.020664125840175022,1
2024-12-11,0.7605472037610267,0.017937470742063772,0
2024-12-12,0.7497895701183318,0.015148054928056959,0
2024-12-13,0.732915951863196,0.02299759552960447,0
2024-12-16,0.7206293220673909,0.02369633367118379,0
2024-12-17,0.7118375525249865,0.026026025341389633,0
2024-12-18,0.703755703812255,0.027983886096628705,1
2024-12-19,0.7134211259249789,0.020631372150526708,1
2024-12-20,0.7353732611575488,0.031141365662755764,1
2024-12-23,0.7625130678613171,0.016976496812133434,1
2024-12-24,0.7655164829206554,0.009279705436091981,0
2024-12-26,0.7639328261966221,0.010479183114077941,0
2024-12-27,0.7479875210827288,0.016382555278500813,1
2024-12-30,0.7506087287658101,0.016073376515658804,0
2024-12-31,0.7331343441747655,0.014762414701445289,1
2025-01-02,0.7550864794073355,0.0193859285719869,1
2025-01-03,0.7887245614238428,0.02275958031851742,1
2025-01-06,0.8158097075566879,0.02667383621808985,0
2025-01-07,0.7650796149734752,0.03605426712072378,0
2025-01-08,0.7649157999087878,0.022545427424250714,0
2025-01-10,0.7419807742880932,0.0204015752168887,0
2025-01-13,0.7273459896916995,0.020098291466800765,0
2025-01-14,0.7193187182258503,0.019097507202120553,1
2025-01-15,0.7437828233236962,0.017971353494928333,0
2025-01-16,0.7292026992982257,0.020578870710971107,1
2025-01-17,0.7518100947895454,0.019705279760152232,1
2025-01-21,0.7688475281093686,0.019331842101377717,1
2025-01-22,0.8029224780730562,0.02366379710907706,1
2025-01-23,0.8037415533964934,0.01479023959589959,0
2025-01-24,0.7786221880398978,0.02333877889207632,0
2025-01-27,0.6464726753453802,0.0867588351367947,1
2025-01-28,0.7041925717594353,0.06079423517691986,0
2025-01-29,0.6753052932669461,0.0485758387419804,1
2025-01-30,0.6804930064001651,0.04052093891160043,0
2025-01-31,0.6554828788613747,0.04000369768203322,0
2025-02-03,0.6368618304795385,0.03816621243584967,1
2025-02-04,0.6477286602780181,0.02571550038778979,1
2025-02-05,0.6814759384503103,0.026332229456911906,1
2025-02-06,0.7024996772175965,0.025165472899443025,1
2025-02-07,0.7088341374656482,0.022636230162142165,1
2025-02-10,0.7292026992982257,0.02142061990781633,0
2025-02-11,0.724997918215152,0.017285784138746235,0
2025-02-12,0.7159330957902549,0.015263914184247482,1
2025-02-13,0.7385950685284567,0.01929721025849468,1
2025-02-14,0.7580353172197917,0.019085467479939586,1
2025-02-18,0.761038648955089,0.021658103156426498,0
2025-02-19,0.7601103358138465,0.01605180489440219,1
2025-02-20,0.7649157999087878,0.013486182437508522,0
2025-02-21,0.7338988422513207,0.02263962820816799,0
2025-02-24,0.7112368695131188,0.02515434511293672,0
2025-02-25,0.691305217289742,0.027330788164290857,1
2025-02-26,0.71669759386681,0.03288112180247126,0
2025-02-27,0.6559197468085549,0.045976300963090924,1
2025-02-28,0.6819673836443726,0.04010466198887091,0
2025-03-03,0.6226639138303252,0.042524581008983,1
2025-03-04,0.6332031134994298,0.041089574230261154,1
2025-03-05,0.6403566907329392,0.02873225959421468,0
2025-03-06,0.6036059975013087,0.03273218316532004,1
2025-03-07,0.6151827481294614,0.03496573076011141,0
2025-03-10,0.5840020170693274,0.03765071908299222,1
2025-03-11,0.5937220997529743,0.03638902350796467,1
2025-03-12,0.631837932411007,0.03302265639045438,0
2025-03-13,0.6309642381786672,0.030327625918775192,1
2025-03-14,0.6642200294948764,0.028000062098476892,0
2025-03-17,0.6525340827109389,0.0256016712741131,0
2025-03-18,0.6301451211932094,0.0303986049121198,1
2025-03-19,0.641558015094654,0.027547644296450312,1
2025-03-20,0.6470733583572479,0.0248773555081349,0
2025-03-21,0.6425409471447993,0.026795547061526127,1
2025-03-24,0.6628002711595715,0.022665129837927317,0
2025-03-25,0.6588685429589906,0.016042164431555754,0
2025-03-26,0.6210257215214301,0.02972294742821112,0
2025-03-27,0.6083022237784448,0.0235824502756217,0
2025-03-28,0.5986913372505827,0.02281929039245369,0
2025-03-31,0.5916469978348786,0.030347123972009657,1
2025-04-01,0.6013125032716434,0.02203128026215111,1
2025-04-02,0.6027868805158509,0.021812763104298517,0
2025-04-03,0.5557154632507264,0.03464154848414578,1
2025-04-04,0.5148146078449249,0.05564911581322515,1
2025-04-07,0.5329988299416014,0.06420041262918004,0
2025-04-08,0.5256814793054251,0.04956624431017277,0
2025-04-09,0.6241383327365532,0.0644041868269589,0
2025-04-10,0.5872238244402354,0.045394030034818574,1
2025-04-11,0.6055718616015991,0.031889228910619016,0
2025-04-14,0.6043704955778638,0.02660083793860849,1
2025-04-15,0.6125069631994979,0.022720975041623348,0
2025-04-16,0.5704047834319816,0.04096511672342381,0
2025-04-17,0.5540226103709082,0.02962026781379489,1
2025-04-21,0.5290125244941383,0.02918423228478101,1
2025-04-22,0.5398247353837153,0.02402785485805504,0
2025-04-23,0.5606847007483347,0.02473582092015178,1
2025-04-24,0.580998602009989,0.021835974038494108,1
2025-04-25,0.6060087295487794,0.025119995535857746,0
2025-04-28,0.5935582846882869,0.02041308297659278,1
2025-04-29,0.5951418580882792,0.01636754090900011,0
2025-04-30,0.5945957939853143,0.023380793071373297,1
2025-05-01,0.60928515582859,0.023497705396140513,1
2025-05-02,0.6250666458777958,0.018511729664051582,0
2025-05-05,0.621353351650805,0.012320164113681033,0
2025-05-06,0.6198243554976948,0.01507360189404697,1
2025-05-07,0.6390460868913985,0.020309979963470462,1
2025-05-08,0.6407389397712168,0.019405567758123392,0
2025-05-09,0.6368072115706359,0.012299428433459528,1
2025-05-12,0.6714828028841705,0.02229284295512321,1
2025-05-13,0.7093255826597106,0.03373620263036989,1
2025-05-14,0.7388681214109495,0.02838951291344341,0
2025-05-15,0.7360831819872218,0.02246755463146074,1
2025-05-16,0.7391957515403244,0.02245777303571227,1
2025-05-19,0.740124148005608,0.018833056712845353,0
2025-05-20,0.7336258726928689,0.015398055579439584,0
2025-05-21,0.7195371938614609,0.027241765872240416,1
2025-05-22,0.7251617332798395,0.018202236066274274,0
2025-05-23,0.7167521711136922,0.019448255032799285,1
2025-05-27,0.73974185730531,0.018811235394915915,0
2025-05-28,0.7359739441694164,0.030869142007491766,1
2025-05-29,0.7598919435022768,0.03794975798964215,0
2025-05-30,0.7377214159581373,0.03403375421335995,1
2025-06-02,0.7500080457539424,0.01932251647346658,1
2025-06-03,0.7709772072743466,0.022353150129798844,1
2025-06-04,0.7747996976571222,0.016006729216768847,0
2025-06-05,0.7642605396500379,0.022984893568421667,1
2025-06-06,0.7737075694511921,0.014580787512908231,1
2025-06-09,0.778676848610821,0.017960193139290793,1
2025-06-10,0.7859396220001151,0.014786591853200939,0
2025-06-11,0.779768976816751,0.01606895797018752,1
2025-06-12,0.7916187386653758,0.015490421635630455,0
2025-06-13,0.775072750539615,0.01749403116388179,1
2025-06-16,0.7899259274475782,0.017745150022103584,0
2025-06-17,0.7868132745704345,0.01296555401829256,1
2025-06-18,0.7942398630244161,0.015395873447646643,0
2025-06-20,0.7853389389882475,0.024239706200380927,1
2025-06-23,0.7870863274529273,0.014615821041743204,1
2025-06-24,0.8074548059614638,0.018226348079767446,1
2025-06-25,0.8424580690663939,0.027083023926586573,1
2025-06-26,0.8463352200200926,0.019374909349251387,1
2025-06-27,0.861242974174938,0.02644119491365706,1
2025-06-30,0.8625535780164787,0.018987836080865246,0
2025-07-01,0.8369427674658206,0.021003137927231005,1
2025-07-02,0.8585126119980925,0.016452198937464663,1
2025-07-03,0.8699255058995371,0.013465826730484793,0
2025-07-07,0.8639187591049015,0.013077483265980369,1
2025-07-08,0.8735296039707431,0.012859704341769172,1
2025-07-09,0.8892565167730667,0.0178018963050972,1
2025-07-10,0.8959186071504932,0.01607005446427253,1
2025-07-11,0.9003963577920187,0.018885026189924065,0
2025-07-14,0.8957547920858058,0.012734074346207259,1
2025-07-15,0.9319593378904302,0.02290124518302549,1
2025-07-16,0.9356180132085183,0.015106811551532616,1
2025-07-17,0.944519020568728,0.015324981305318668,0
2025-07-18,0.9412972131978201,0.01376332403158945,0
2025-07-21,0.9356726737794415,0.011230498689852413,0
2025-07-22,0.9119184895112686,0.018828681592882385,1
2025-07-23,0.9323962058376104,0.01459120963490438,1
2025-07-24,0.9485599865871143,0.011866519541044488,0
2025-07-25,0.9472493827455736,0.011142638030149461,1
2025-07-28,0.9649967368950698,0.013064944150453752,0
2025-07-29,0.9582254086998381,0.014590699385181653,1
2025-07-30,0.978757785597103,0.016787454718051202,0
2025-07-31,0.9711127215075108,0.021930467944592524,0
2025-08-01,0.9484507487693089,0.020067904467355742,1
2025-08-04,0.9827440910445661,0.01394985830256636,0
2025-08-05,0.9732424006724887,0.014843663827506931,1
2025-08-06,0.9795768609205403,0.01275757840258399,1
2025-08-07,0.9869488721276397,0.014351956796830285,1
2025-08-08,0.997488030134724,0.011259876046229059,0
2025-08-11,0.9939931698813232,0.012880353170974043,1
2025-08-12,1.0,0.013657941179280472,0
2025-08-13,0.9914266227691652,0.017391015001776103,1
2025-08-14,0.9937747775697536,0.011928335752134147,0
2025-08-15,0.9852014003389189,0.014827031857821412,1
